id,publish_date,llm_score,llm_label,llm_on_topic,llm_quote
1994-08-23_12,1994-08-23,0.8,strongly hawkish,True,"Unless there is now, in the post-election period, a determined return to a more stable overall financial climate in the country, the Reserve Bank will have little option other than to yield to the signals of the market forces and shift to a more restrictive monetary policy"
1995-02-14_323,1995-02-14,1.8,strongly hawkish,True,The increase in Bank rate from 12 to 13 per cent at the end of September last year signalled a new approach of a more restrictive policy that will be extended into 1995. A more restrictive monetary policy is needed to make sure that the current economic upswing will not be of the boom-bust nature of earlier times.
1995-02-20_322,1995-02-20,1.8,strongly hawkish,True,a more restrictive monetary policy shall now be pursued in order to prevent inflation from escalating in the period ahead
1995-03-10_321,1995-03-10,0.0,neutral,False,The abolition of the dual exchange rate system is the first step of the Government of National Unity in its pursuit of full financial liberalisation
1995-03-23_320,1995-03-23,1.5,strongly hawkish,True,the Reserve Bank is now geared to follow a relatively restrictive monetary policy for the rest of this year
1995-03-24_319,1995-03-24,0.1,neutral,False,"There is no alternative for sound monetary, fiscal and other macro-economic policies"
1995-05-23_318,1995-05-23,0.1,neutral,False,"These developments force countries to place more emphasis on the adjustment of their domestic economies in times of disequilibrium. The solution for a country that has lost its international competitiveness, does not lie in changing its exchange rate, but rather in correcting the deficiencies of its domestic economy."
1995-06-29_317,1995-06-29,1.8,strongly hawkish,True,Underlying inflationary pressures are undoubtedly increasing again in the South African economy...The Reserve Bank's tolerance with the untenable large increases in bank credit extension and in the money supply...can no longer be defended. Delaying corrective action now could risk the danger of more painful adjustment in future. The Bank has therefore decided to raise the Bank rate and related lending rates with immediate effect by one per cent.
1995-07-07_316,1995-07-07,0.0,neutral,False,"the programme of action in the short-term for the central banks of the region must clearly be concentrated on co-operation at the micro or institutional level, rather than at the more ambitious level of macro-economic integration"
1995-08-23_16,1995-08-23,1.5,strongly hawkish,True,"A growing concern about the unduly rapid expansion in the money supply, which facilitated current inflation and may easily fuel future inflation through the multiplier effect of successive rounds of further spending of the newly-created money, prompted the Reserve Bank to tighten monetary policy gradually in the course of the past nine months. The Bank rate was therefore raised on three occasions, from 12 per cent in September last year to 15 per cent as from 1995-06-30."
1995-08-28_315,1995-08-28,1.2,strongly hawkish,True,a rather restrictive monetary policy
1995-09-11_314,1995-09-11,1.7,strongly hawkish,True,"The Reserve Bank is at this stage firmly committed to a more restrictive monetary policy, and is determined to bring the rates of increase in both the money supply and in bank credit extension back into line with its consistent programme for overall financial stability. It is questionable whether measures taken so far will be sufficient to achieve this objective -- if not, more restrictive measures will have to be applied in the months ahead."
1995-09-13_313,1995-09-13,1.2,strongly hawkish,True,there are good reason for doing our utmost best to bring inflation down to an even lower level than the current rate of about 9 per cent per annum
1995-09-14_312,1995-09-14,1.2,strongly hawkish,True,the upturn in inflation and the sharp deterioration in the external current account suggested that the monetary stance had been insufficiently restrictive
1995-10-06_311,1995-10-06,1.8,strongly hawkish,True,monetary policy in South Africa will have to retain its present stance of a rather restrictive approach...these market forces will even have to be reinforced by deliberate restrictive monetary policy actions
1995-10-12_310,1995-10-12,0.3,leaning hawkish,True,the inflows of capital contributed to an unduly large increase in the domestic money supply which required difficult neutralising monetary policy actions in order to prevent the re-emergence of undesirable new underlying inflationary pressures
1995-10-17_309,1995-10-17,1.2,strongly hawkish,True,Monetary policy must therefore remain relatively restrictive for the time being. It remains a first priority of the Reserve Bank to force the growth in the M3 money supply back into the target range of 6 to 10 per cent set for 1995.
1995-11-01_308,1995-11-01,1.5,strongly hawkish,True,The Reserve Bank will be reluctant to yield to the pressures to use its powers of creating more money to reduce interest rates artificially to an unrealistically low level. Such a policy will only bounce back on us with a vengeance in the form of higher inflation and serious balance of payments problems in future
1995-11-13_307,1995-11-13,1.6,strongly hawkish,True,"as long as the demand for credit remains excessive and bank credit extension and the money supply continue to increase at rates that threaten the financial stability of the economy, the Reserve Bank can certainly not take the initiative to reduce interest rates"
1996-02-13_305,1996-02-13,0.7,leaning hawkish,True,"Monetary policy will therefore have to remain relatively conservative to ensure financial stability, also in the longer run"
1996-02-20_304,1996-02-20,0.5,leaning hawkish,True,an excessive expansion of bank credit is putting undue pressure on the money supply and dictates the need for maintaining high interest rates
1996-03-07_303,1996-03-07,0.1,neutral,False,the level of interest rates in South Africa has an important influence on the capital flows into and out of the country. The Reserve Bank's interest rate policy must therefore take due account of the effect it will have on the balance of payments
1996-04-01_301,1996-04-01,1.1,strongly hawkish,True,"The Reserve Bank had to retain a relatively restrictive monetary policy throughout the past eighteen months. The Bank's own lending rate, the Bank rate, was raised gradually from 12 per cent in the middle of 1994 to 15 per cent in June 1995, and has remained at this relatively high level for the past nine months."
1996-04-23_299,1996-04-23,0.8,strongly hawkish,True,"the post-devaluation situation calls for even more cautious monetary and fiscal policies, and for constraint on wage increases and other upward price adjustments in the country"
1996-04-23_300,1996-04-23,1.2,strongly hawkish,True,"Against the background of an excessive rate of increase in both the money supply and domestic credit extension last year, the Bank encouraged interest rates to rise and to remain at a relatively high level"
1996-04-24_298,1996-04-24,1.2,strongly hawkish,True,there is not much scope for the Reserve Bank to relax on the monetary policy stance at this stage... a restrictive monetary policy stance at this stage
1996-04-25_297,1996-04-25,0.0,neutral,False,"establish closer co-operation among the member central banks through a regular exchange of views on the philosophies, structures, functions, objectives and strategies of central banking"
1996-05-02_296,1996-05-02,1.3,strongly hawkish,True,"It must be a firm policy commitment now at most to accommodate some part of the proximate price effects of the depreciation, but surely not to support potential second-round effects"
1996-05-07_295,1996-05-07,1.5,strongly hawkish,True,"monetary policy has already gone too far in accommodating some excess demand for funds, and the Reserve Bank is already risking the negligence of its prime responsibility, namely to protect the value of the currency"
1996-05-08_294,1996-05-08,0.2,leaning hawkish,False,to prevent this 'excessive' adjustment of the exchange rate from causing an escalation in the inflation rate
1996-05-15_293,1996-05-15,1.5,strongly hawkish,True,exchange rate adjustments can only be beneficial if it is supported by non-inflationary monetary and fiscal policies
1996-05-27_292,1996-05-27,0.2,leaning hawkish,False,long and short-term interest rates rose by between two and three percentage points in just three months
1996-06-17_291,1996-06-17,0.2,leaning hawkish,False,Developments in the foreign exchange market in South Africa over the past four months cautioned the authorities to even greater conservatism in the abolition of the exchange controls
1996-06-28_290,1996-06-28,0.1,neutral,False,"Over 75 years, the Bank has tried every possible alternative, but always came back to the conclusion that there is no escape from realistic interest rates that truly reflect underlying market conditions"
1996-07-11_289,1996-07-11,1.2,strongly hawkish,True,"tight monetary policy, and above all, productivity-linked wage increases"" and ""The Reserve Bank raised its discount rate from 15 to 16 per cent on 1996-04-29"
1996-08-27_15,1996-08-27,1.2,strongly hawkish,True,"the Reserve Bank, in the interests of medium-term financial stability and longer-term sustainable economic growth and development, must persist on its current course of responsible monetary restraint"
1996-10-02_288,1996-10-02,0.8,strongly hawkish,True,"The excessive rates of increase in the monetary aggregates may in part be due to structural changes that are taking place in the South African economy, but nevertheless call for a restrictive monetary policy at this stage."
1996-10-23_287,1996-10-23,0.0,neutral,False,"The task and the challenges for the Public Accountants and Auditors Board are no longer restricted to South Africa itself, but have now obtained a much wider responsibility in light of South Africa's expanding role in Africa."
1996-10-25_286,1996-10-25,1.5,strongly hawkish,True,"Developments in the balance of payments and particularly the depreciation of almost 20 per cent in the value of the rand since the end of last year, coupled with developments in domestic financial conditions, clearly demand a restrictive monetary policy at this stage"
1996-11-08_285,1996-11-08,1.5,strongly hawkish,True,"the monetary authorities will now have to use all the powers at their disposal to fight inflation in South Africa. In terms of the monetary policy model used by the Reserve Bank the answer to the depreciation of the rand, and the fears of continued depreciation, is a firm resolve to fight inflation, and to maintain financial stability in the domestic economy"
1996-11-21_284,1996-11-21,1.8,strongly hawkish,True,"The unstable conditions in the market for foreign exchange, recent developments in the domestic financial markets and the growing upward pressures on inflation all dictate a need for a tightening of monetary policy at this stage. The Reserve Bank has therefore decided to follow recent interest rate trends in the financial markets and to raise the Bank rate from 16 to 17 per cent"
1997-02-18_283,1997-02-18,1.5,strongly hawkish,True,"It is of the utmost importance, however, that a restrictive monetary policy shall now be retained to make sure that the rate of inflation will also gradually be tamed again... This will require the Reserve Bank to persist with a relatively restrictive monetary policy for the time being."
1997-03-17_280,1997-03-17,0.1,neutral,False,The new situation brings new challenges also for monetary policy
1997-03-31_279,1997-03-31,0.0,neutral,False,The primary object of the South African Reserve Bank is to protect the value of the currency in the interest of balanced and sustainable economic growth in the Republic.
1997-04-09_278,1997-04-09,0.8,strongly hawkish,True,"These conventional anchors of monetary policy also increased at unacceptably high rates over the past two years, partly because of structural changes, and partly because of normal pressures of demand increasing at a rate in excess of real income increases"
1997-04-25_277,1997-04-25,1.3,strongly hawkish,True,"The Reserve Bank remains concerned about the excessive rates of growth in the money supply, and remains committed to reducing this monetary stimulation of inflation during the course of 1997. Recent trends in the money supply and bank credit extension beg the question, however, whether monetary policy at this juncture is restrictive enough and whether even more stringent measures may not be required to reduce overall liquidity further, which could, of course, lead to even higher interest rates"
1997-05-01_276,1997-05-01,0.0,neutral,False,the Committee designed a model for financial co-operation that was described as a bottom-up approach
1997-05-15_275,1997-05-15,0.5,leaning hawkish,True,the main objective of monetary policy in the new South Africa must remain to protect the value of the currency
1997-05-23_274,1997-05-23,0.0,neutral,False,Dit is vir my 'n groot eer om die amp van Kanselier van die Universiteit van Pretoria by hierdie plegtigheid formeel te aanvaar.
1997-05-30_273,1997-05-30,1.2,strongly hawkish,True,Inflation turned around from 5½ per cent over the twelve months up to April 1996 to almost 10 per cent in April 1997... This forced the Reserve Bank to switch to a more restrictive monetary policy and to accept a substantial increase in interest rates.
1997-07-10_271,1997-07-10,0.1,neutral,False,"the retention of disciplined fiscal and monetary policies, are no easy tasks, and at times lead to many unpopular decisions"
1997-07-10_272,1997-07-10,0.1,neutral,False,"The new Government has had remarkable success over the past few years in the implementation of disciplined fiscal and monetary policies, and has gained confidence from investors and business people in its determination to apply sound economic policies in general."
1997-07-16_270,1997-07-16,0.1,neutral,False,bring inflation in South Africa more in line with the average rate of inflation in the economies of our major trading partners
1997-07-22_269,1997-07-22,0.1,neutral,False,"give the Reserve Bank, in other words, some greater flexibility in the implementation of overall monetary policy"
1997-08-14_268,1997-08-14,1.2,strongly hawkish,True,"a consistent counter-inflation monetary policy stance is the best course that the central banks, including the South African Reserve Bank, can follow"
1997-08-26_13,1997-08-26,1.2,strongly hawkish,True,"the monetary authorities must persist with their vigil against the threat of overall financial instability that can only lead to stagflation in due course. In the present situation, the Reserve Bank feels that a cautious monetary policy stance remains justified."
1997-09-03_267,1997-09-03,1.5,strongly hawkish,True,"It will be irresponsible for a central bank and, in the case of South Africa, indeed unconstitutional, to deliberately allow or encourage the creation of more money in a situation where all the available evidence points to higher inflation somewhere down-stream."
1997-09-05_266,1997-09-05,0.8,strongly hawkish,True,a low inflation rate should serve as the most important measure of the success of monetary policy
1997-09-08_265,1997-09-08,0.8,strongly hawkish,True,It will be imprudent to relax monetary policy prematurely after the major pain of restoring financial stability has already been suffered over a protracted period of time since February 1996.
1997-10-28_264,1997-10-28,0.7,leaning hawkish,True,the authorities nevertheless adopted a restrictive monetary policy stance to ensure that the adjustment in relative prices of tradable and non-tradable goods would not perpetuate into a long-lasting new era of high inflation
1997-11-07_262,1997-11-07,0.5,leaning hawkish,True,"The restrictive monetary policy, and particularly the rise in interest rates, were not received with unanimous support by all sectors of the South African community. Interest rates, however, remain one of the main disciplines of the market economy"
1997-11-07_263,1997-11-07,1.2,strongly hawkish,True,The overriding challenge remains to bring inflation in South Africa to a lower level that will be more in line with the average rate of inflation of our major trading partners. Financial stability in South Africa is threatened from time to time by new and more intensive inflationary pressures.
1997-11-19_261,1997-11-19,-1.2,strongly dovish,True,"the Reserve Bank adopted an easier monetary policy stance already in the middle of 1997. The Bank acquiesced in gradual increases in money market liquidity, and also in the declines of market interest rates... The Reserve Bank endorsed the easier monetary conditions by reducing the Bank rate from 17 to 16 per cent on 1997-10-20"
1998-03-23_258,1998-03-23,0.0,neutral,False,central banks now have the responsibility to protect the value of money
1998-04-01_257,1998-04-01,0.0,neutral,False,"the South African Reserve Bank took the initiative in April 1994, together with the banking industry, to reform the South African National Payment System"
1998-04-24_256,1998-04-24,1.3,strongly hawkish,True,"monetary policy must remain cautious, and why interest rates should not be forced down artificially by any excessive injection of liquidity by the Reserve Bank"
1998-04-29_255,1998-04-29,0.8,strongly hawkish,True,"The Reserve Bank is known for its conservative approach towards monetary policy, and is equally determined to maintain strict disciplines in the management of the money and banking systems of the country"
1998-05-04_254,1998-05-04,0.0,neutral,False,The Governors Committee of SADC took up the challenges of the development of basic financial infra-structures in each of its participating countries
1998-05-08_253,1998-05-08,0.1,neutral,False,"the lesson for South Africa from the East Asian crisis is therefore to be alert, to be cautious, and to be aware of the harsh but not unreasonable disciplines of the global markets"
1998-05-14_252,1998-05-14,0.5,leaning hawkish,True,"The Reserve Bank has tentatively assumed a goal of maintaining inflation at a level that will be more or less in line with inflation in the economies of South Africa's major trading partners and competitors in world markets. This will, in the present environment, require inflation of less than 5 per cent per annum."
1998-06-18_251,1998-06-18,1.2,strongly hawkish,True,"With a decline in the overall net capital inflow, and possibly a deficit in the overall balance of payments in May 1998, the exchange rate had to depreciate, domestic liquidity had to be drained out of the banking system, and interest rates had to rise."
1998-06-22_249,1998-06-22,0.0,neutral,False,The establishment of SADC created an opportunity for the central banks of the region to co-ordinate the development of the financial systems of the participating states.
1998-06-22_250,1998-06-22,0.0,neutral,False,the central bank's responsibilities should be restricted to the creation and maintenance of a stable financial environment that will be conducive for sustainable economic growth
1998-07-23_248,1998-07-23,0.1,neutral,False,the monetary policy centred on the medium-term objective of maintaining financial stability in the interest of optimum economic growth
1998-07-30_247,1998-07-30,1.2,strongly hawkish,True,This will require great caution with the implementation of monetary policy for the next twelve months... financial stability will be restored and maintained with appropriate restrictive monetary and fiscal policies
1998-09-02_246,1998-09-02,-1.2,strongly dovish,True,"In this situation, it will be irresponsible for the Bank to create more money in an effort to force interest rates down... the need to keep inflation in check in the aftermath of a depreciation of the rand"
1998-09-08_245,1998-09-08,0.0,neutral,False,"Project Literacy has already established itself as a major force in the daunting challenge of bringing more literacy, more training and more education to the people of South Africa"
1998-09-16_244,1998-09-16,0.1,neutral,False,"central banking is about management, the management of: Time Projects Programmes Crises Macroeconomic policies People, and Change"
1998-10-26_243,1998-10-26,-1.2,strongly dovish,True,"the adverse developments in the financial markets will continue to have secondary effects that will, for some time to come, exert a negative influence on global real economic activity"
1998-10-30_242,1998-10-30,1.2,strongly hawkish,True,It will also be foolish for South Africa now to try to revive the domestic economy by creating an excessive amount of additional credit extended by banking institutions in a fragile global financial environment
1998-11-03_241,1998-11-03,0.3,leaning hawkish,True,any deliberate actions taken by the monetary authorities to relax monetary policy should be implemented with caution
1998-11-05_240,1998-11-05,0.3,leaning hawkish,True,sound macroeconomic policies at all times makes it easier to absorb the fluctuations in the financial markets. Countries that do not apply sound macroeconomic policies are punished more severely during times of international currency turmoil
1999-01-21_239,1999-01-21,0.0,neutral,False,"The main purpose of this Conference is to assist financial regulators of the Southern Africa region to bring themselves and their constituencies, that is the financial institutions in the region, on board in this exercise of preparation for the Year 2000 electronic switch-over."
1999-02-05_237,1999-02-05,0.1,neutral,True,"inflation in South Africa remained on a steady downward path, interrupted only by the adverse effects of the exchange rate depreciations of 1996 and 1998"
1999-03-17_236,1999-03-17,0.2,leaning hawkish,True,a commitment by not only the Reserve Bank but also Government to lower inflation will add credibility to a resolute and collective objective of bringing inflation in South Africa in line with the relatively low levels that now apply in most other countries of the world
1999-03-29_235,1999-03-29,0.2,leaning hawkish,False,"interest rates rose to extremely high levels, and the rate of inflation increased from 5 per cent in April 1998 to 9,4 per cent in December 1998"
1999-04-12_234,1999-04-12,-0.5,leaning dovish,True,"The easing of interest rates by central banks in most industrial countries, including the United States, United Kingdom, and the newly-established European Central Bank... monetary policy to be eased, which in turn has helped to boost equity markets"
1999-05-17_233,1999-05-17,0.0,neutral,False,"The process of financial globalisation, or the integration of world financial markets, was made possible and is being driven mainly by the following four developments"
1999-05-25_232,1999-05-25,0.2,leaning hawkish,True,monetary policy had to flow with the flood
1999-06-23_231,1999-06-23,0.0,neutral,False,central banks should be given some autonomy for the implementation of monetary policy
1999-08-07_229,1999-08-07,1.2,strongly hawkish,True,a good central banker is always against inflation
1999-08-07_230,1999-08-07,0.3,leaning hawkish,True,it is not our role to provide an artificial stimulus for the economy. The role of the Bank is to create a climate of financial stability in which sustainable economic growth and wealth creation can be achieved
1999-08-24_17,1999-08-24,0.3,leaning hawkish,True,"the thrust of monetary policy in these circumstances should therefore be to establish and maintain financial stability, i.e. stability of prices, financial institutions and financial markets"
1999-09-02_228,1999-09-02,0.5,leaning hawkish,True,we must continue policies and programmes to contain inflation
1999-09-06_227,1999-09-06,0.8,strongly hawkish,True,inflation targeting should minimise the social and economic cost of achieving price stability
1999-10-11_225,1999-10-11,0.0,neutral,False,The Reserve Bank is not too concerned about these new developments at this stage. Customer needs are likely to be best met through effective competition
1999-11-02_224,1999-11-02,0.1,neutral,False,"the economy has been in a downswing, but the turning point seems to have been reached with the recovery set to gain momentum"
2000-03-14_223,2000-03-14,0.6,leaning hawkish,True,"Clear signs of increased inflationary pressures have become apparent in the South African economy. This has been reflected in a rise in the year-on-year rate of the production price index from 5,7 per cent in September 1999 to 8,2 per cent in January 2000."
2000-03-28_222,2000-03-28,0.5,leaning hawkish,True,"Clear signs of increased inflationary pressures have become apparent in the South African economy. This has been reflected in a rise in the year-on-year rate of the production price index from 5,7 per cent in September 1999 to 8,4 per cent in February 2000."
2000-04-13_221,2000-04-13,0.3,leaning hawkish,True,"High inflation leads to lower growth, fewer jobs and more unemployment. There can be no rational reason for the support of inflation in any country"
2000-07-26_219,2000-07-26,0.1,neutral,True,"The objective of monetary policy is now to hit this target, i.e. the inflation target is the overriding objective of monetary policy"
2000-10-11_216,2000-10-11,0.1,neutral,False,"central banks have the primary responsibility for controlling inflation. However, over the long term, stable financial conditions promote sustainably higher economic growth rates"
2000-10-25_214,2000-10-25,0.1,neutral,True,"Increasingly throughout the world, central banks are pursuing price stability as their basic policy focus. Where countries have high rates of inflation which are out of line with the rest of the world, disruptive capital flows could occur because of fears of currency misalignments."
2001-03-16_208,2001-03-16,0.3,leaning hawkish,True,"Our aim is for CPIX, which is the headline consumer price index excluding mortgage costs, to fall to between 6 and 3 percent by the year 2002. This aim remains the primary focus of our minds when we sit down, like we did today and yesterday, at our Monetary Policy Committee meetings to decide on our monetary policy stance."
2001-03-29_207,2001-03-29,0.1,neutral,True,"Economic growth appears to have levelled off in the first three months of 2001, although activity has remained at a relatively high level... Production and consumer price inflation have, therefore, tended downwards. All in all, South Africa's economic performance is good."
2001-07-13_204,2001-07-13,-0.8,strongly dovish,True,At our Monetary Policy Committee meeting in the middle of June we reduced the repo rate by 100 basis points
2001-08-23_203,2001-08-23,-0.3,leaning dovish,True,the recorded decline in export volumes contributed to a slowing down in domestic growth from 3 per cent in the fourth quarter of last year to 2 per cent in the first quarter of this year
2001-09-14_202,2001-09-14,0.3,leaning hawkish,True,"we have committed ourselves to our new inflation targeting monetary policy framework...our inflation objective is to achieve, by the end of calendar year 2002, an average rate of CPIX inflation of between 6 and 3 per cent"
2001-09-26_201,2001-09-26,0.3,leaning hawkish,True,"Increasingly throughout the world, central banks are pursuing price stability as their basic policy focus... The closer integration of the world economy has therefore focused the ultimate objective of monetary policy and made it even more important to attain this objective."
2001-11-29_200,2001-11-29,0.2,leaning hawkish,True,"We have an inflation targeting framework for monetary policy, which means that we must steer CPIX inflation to within the target area of 6 to 3 per cent in 2002 and 2003, and of 5 to 3 per cent in 2004 and 2005"
2002-02-06_199,2002-02-06,0.2,leaning hawkish,True,"Increasingly throughout the world, central banks are pursuing price stability as their basic policy focus... it is more imperative for monetary policy to pursue clearly stated objectives"
2003-08-26_176,2003-08-26,-0.8,strongly dovish,True,By the time of the March 2003 meeting of the Monetary Policy Committee it was clear that the rise in inflation had been contained...the Bank's forecast indicated that the inflation rate would move within the target range...the Monetary Policy Committee was confronted by a revision of the inflation figures...the Bank forecast indicated that the inflation rate would move within the target range of two during the second half of 2003
2004-06-18_171,2004-06-18,0.3,leaning hawkish,True,"Restrictive monetary policy measures undertaken and the subsequent recovery in the exchange rate of the rand then brought the rate of increase over twelve months in the CPIX down to 4,4 per cent in April 2004"
2004-07-22_169,2004-07-22,0.1,neutral,True,It is now more important than ever for us to stay the course as continued price stability is the most crucial pre-requisite for sustained economic growth and development in the years ahead.
2005-06-22_156,2005-06-22,0.0,neutral,True,"the Monetary Policy Committee will deliberate, in future, as it has done in the past, on the outlook for inflation and, looking forward, determine the level of short-term interest rates which it deems to be appropriate"
2005-07-25_154,2005-07-25,-1.2,strongly dovish,True,"Owing to the success achieved in the containment of inflation and with benign forecasts of future inflation, it was possible to decrease the repurchase rate by 50 basis points in August 2004 and again April 2005"
2005-11-14_149,2005-11-14,0.3,leaning hawkish,True,we have to be vigilant to the possible second-round effects or more broad-based increases in inflation which come about when prices are raised in expectation of a generalised price spiral induced by the higher petrol prices
2005-11-21_148,2005-11-21,0.3,leaning hawkish,True,"The inflation outlook has deteriorated moderately, with CPIX now seen at the upper end of the 3 – 6 per cent range in the first quarter of 2006. The Bank needs to guard against inflation expectations worsening further and becoming entrenched."
2006-08-30_139,2006-08-30,0.0,neutral,False,"Maintaining confidence in our money is, of course, not merely a matter of having beautiful designs, good security features, and ensuring that counterfeiters end up in jail. Right at the core of our monetary system is the need to protect the purchasing power of our money. The South African Reserve Bank is totally committed to doing so, by maintaining inflation within the target range of 3 to 6 per cent per annum."
2006-09-02_138,2006-09-02,0.7,leaning hawkish,True,"Given the increase in inflationary pressures and the resultant deterioration in the risks to the inflation outlook, the Monetary Policy Committee considered it necessary to tighten policy at the last two meetings."
2006-09-14_136,2006-09-14,0.0,neutral,False,An overview of the South African economy
2006-10-03_132,2006-10-03,1.3,strongly hawkish,True,"The SARB increased the repo rate by 50 basis points in both June and August 2006, to 8,0 per cent. This was in response to a deterioration in risks to the inflation outlook brought about by the depreciation of the ZAR, uncertainties regarding oil prices, exceptionally strong growth in household consumption and the widening of the current account deficit."
2006-10-05_131,2006-10-05,1.5,strongly hawkish,True,"we still see significant upside risk to the inflation outlook. Our major concern remains the growth of household consumer demand... It is hard to imagine that such trends, if unchecked, will not have inflationary consequences."
2006-10-07_130,2006-10-07,0.8,strongly hawkish,True,"In response to these developments, the Monetary Policy Committee of the South African Reserve Bank has raised the repo rate by 50 basis points at each of the past two meetings of the Monetary Policy Committee... Our focus, however, remains on the inflation target, and we will continue to strive to maintain CPIX inflation within the 3-to-6 per cent target range."
2006-10-13_128,2006-10-13,1.2,strongly hawkish,True,"a further increase in the repo rate was announced yesterday after the meeting of the Monetary Policy Committee... There are a number of risks to the inflation outlook, which led to our decision. These risk factors relate to the strength of domestic demand, exchange rate developments, food prices increases, as well as the potential threat from international oil price developments... if demand expands excessively, pressure on prices is logically likely to emerge. So from a narrow monetary policy perspective, we need to keep the growth of consumer demand in check."
2006-10-13_129,2006-10-13,0.0,neutral,False,The challenge of employment equity with specific reference to transformation at the South African Reserve Bank
2006-10-23_127,2006-10-23,0.7,leaning hawkish,True,"In recent months the risks to the inflation outlook have increased. Factors leading to this deterioration include high growth in consumer spending, rising levels of credit extension to the private sector and developments in the international oil prices...a challenge we face in the Bank is to keep inflation within the inflation target range"
2006-10-26_126,2006-10-26,1.2,strongly hawkish,True,"the risks facing our current inflation outlook, which has convinced the Monetary Policy Committee (MPC) of the Reserve Bank to increase the repo rate by 150 basis points since June 2006"
2006-11-02_125,2006-11-02,0.6,leaning hawkish,True,Central banks have responded by generally tightening monetary policies
2006-11-07_124,2006-11-07,0.2,leaning hawkish,False,"Bond yields have, however, risen since May 2006, reflecting the tighter monetary policy stance of the Bank since June 2006"
2006-11-14_123,2006-11-14,0.7,leaning hawkish,True,"If, in the view of the Monetary Policy Committee, the inflation target is being threatened by inflationary pressures, then the MPC will have the courage of its conviction to do the correct thing...the MPC will discharge its responsibilities in the event that inflationary pressures persist"
2006-11-15_122,2006-11-15,0.0,neutral,False,strict regulation will be applied as far as the NPS is concerned
2006-11-28_121,2006-11-28,0.0,neutral,False,"I have chosen to say nothing about the problems which, undoubtedly, exist in our respective regions"
2006-11-30_120,2006-11-30,0.8,strongly hawkish,True,"In response to the deteriorating inflation outlook, the monetary policy stance was adjusted in June of this year when we increased the repo rate by 50 basis points. The repo rate was increased further by 50 basis at each of the subsequent meetings in August and October."
2007-01-01_22,2007-01-01,0.0,neutral,False,"Programmes intended to achieve monetary union exist at the continental (AU), regional (SADC) and intra-regional levels (CMA): and Swaziland participates in them all."
2007-01-02_36,2007-01-02,0.2,leaning hawkish,True,"A reduction in global risk appetite would curb net capital inflows into emerging markets, placing downward pressure on emerging market currencies and in turn exacerbate inflationary pressures."
2007-01-04_26,2007-01-04,0.3,leaning hawkish,True,"Persistently high and rising oil prices could cause higher inflationary expectations to become more entrenched, thus increasing the probability of a further tightening of monetary policy"
2007-01-06_35,2007-01-06,0.1,neutral,False,"central banks need to ensure the functioning of financial markets, but in a very difficult balancing act, also need to guard against recreating conditions of careless lending"
2007-01-07_31,2007-01-07,0.0,neutral,False,The Structure of the South African Economy: Production and Employment Trends
2007-01-16_27,2007-01-16,0.0,neutral,False,"the bond market will have to respond appear, to me, to be principally two"
2007-01-26_25,2007-01-26,0.0,neutral,False,higher education institutions to respond in a more targeted fashion to national growth and development needs
2007-03-20_117,2007-03-20,0.3,leaning hawkish,True,"Through this exciting growth phase that we are experiencing, monetary policy has to ensure that inflation is kept under control. In other words we have to ensure that we maintain inflation within the 3-6 per cent target for CPIX. Excessively high growth brings with it potential inflationary pressures which monetary policy has to be sensitive to."
2007-05-04_115,2007-05-04,0.3,leaning hawkish,True,"Persistently high and rising oil prices could cause higher inflationary expectations to become more entrenched, thus increasing the probability of a further tightening of monetary policy"
2007-05-16_114,2007-05-16,0.0,neutral,False,the market will have to adopt to the fiscal stance of central government
2007-06-08_113,2007-06-08,0.1,neutral,False,The primary mandate of the South African Reserve Bank remains the achievement and maintenance of price stability. Maintaining low inflation contributes enormously towards the attainment of high and sustainable rates of economic growth and employment and maintenance of overall macroeconomic stability.
2007-06-28_112,2007-06-28,0.6,leaning hawkish,True,Food and oil prices are likely to remain an upside risk to the inflation outlook in South Africa. Monetary policy has to be sensitive to the impact of these developments on inflation expectations and we will act appropriately to prevent the emergence of more generalised inflation.
2007-08-02_111,2007-08-02,1.3,strongly hawkish,True,"In response to these adverse inflation pressures, monetary policy has been tightened and we have increased the repo rate by a total of 250 basis points since June 2006... The challenge for monetary policy is to ensure that inflation is brought back to within the target range... we will continue to strive to achieve our mandate and bring inflation back to within the inflation target range."
2007-08-07_110,2007-08-07,0.0,neutral,False,The Structure of the South African Economy: Production and Employment Trends
2007-08-30_43,2007-08-30,1.2,strongly hawkish,True,monetary policy has been tightened from June last year and the Monetary Policy Committee has raised interest rates on six occasions over the past 14 months by 50 basis points at a time
2007-09-06_109,2007-09-06,0.1,neutral,True,"Our most recent forecast that we reported on in the August MPC statement suggests that we will be outside the target range until the second quarter of next year, and then inflation will gradually decline."
2007-09-28_108,2007-09-28,0.1,neutral,True,"During the current tightening cycle, the South African rand on more than one occasion weakened when interest rates were increased"
2007-10-06_107,2007-10-06,0.2,leaning hawkish,True,"A reduction in global risk appetite would curb net capital inflows into emerging markets, placing downward pressure on emerging market currencies and in turn exacerbate inflationary pressures."
2007-11-07_106,2007-11-07,1.2,strongly hawkish,True,"These risks to the outlook have necessitated the tightening of monetary policy from 7 per cent in May 2006 to 10,5 per cent currently"
2008-01-03_37,2008-01-03,-0.5,leaning dovish,False,"inflationary pressures currently pose a greater challenge to the CMA region's economies than the international financial turmoil and equally important therefore, is the assurance that we will continue to protect the purchasing power of the money in your pocket through appropriate monetary policies"
2008-04-04_105,2008-04-04,-0.5,leaning dovish,True,"inflationary pressures currently pose a greater challenge to the CMA region's economies than the international financial turmoil and equally important therefore, is the assurance that we will continue to protect the purchasing power of the money in your pocket through appropriate monetary policies"
2008-05-09_104,2008-05-09,0.1,neutral,False,the message which needs to be communicated is that of monetary policy in the context of inflation targeting
2008-05-09_38,2008-05-09,0.1,neutral,False,the message which needs to be communicated is that of monetary policy in the context of inflation targeting: exchange rate and reserve management issues have lost their centrality
2008-05-22_103,2008-05-22,1.5,strongly hawkish,True,we are now taking strong steps to ensure that CPIX returns to within the target range
2008-05-28_102,2008-05-28,0.3,leaning hawkish,True,"our inflation rate is significantly above our target of 3-6 per cent, and we remain committed to bring inflation back to within this range"
2008-05-30_42,2008-05-30,1.5,strongly hawkish,True,"Constraining inflation is what most Central Banks world over, are mandated to do. Upward adjustment of the policy rate does not indicate a deviation by monetary authorities from these goals."
2008-06-03_101,2008-06-03,1.2,strongly hawkish,True,"the Monetary Policy Committee of the Bank has increased interest rates by a cumulative 450 basis points since June 2006...we remain committed, however, to bringing inflation down to within the target range in the medium term"
2008-06-03_41,2008-06-03,0.3,leaning hawkish,True,"A reduction in global risk appetite would curb net capital inflows into emerging markets, placing downward pressure on emerging market currencies and in turn exacerbate inflationary pressures."
2008-07-08_100,2008-07-08,0.1,neutral,False,"the banking sector in South Africa has capital in excess of the regulatory requirement, operates within a regulatory environment which is fully compliant with the Basel II regulatory framework: and is subject to robust supervision"
2008-07-08_44,2008-07-08,0.1,neutral,False,"the banking sector in South Africa has capital in excess of the regulatory requirement, operates within a regulatory environment which is fully compliant with the Basel II regulatory framework: and is subject to robust supervision by the Registrar"
2008-07-31_45,2008-07-31,1.2,strongly hawkish,True,these kinds of inflationary pressures necessitate tightening of monetary policy. Indeed monetary policy has been tightened by 500 basis points since June 2006
2008-09-04_46,2008-09-04,-0.5,leaning dovish,True,The current growth rate of the economy may be somewhat lower than had come to be expected but is still strongly positive and will remain so.
2008-09-04_99,2008-09-04,-0.5,leaning dovish,True,"any notion that the South African economy is soon to enter a recession must be rejected, firmly. The current growth rate of the economy may be somewhat lower than had come to be expected but is still strongly positive"
2008-10-16_98,2008-10-16,-1.5,strongly dovish,True,"The danger of a major and protracted slowdown in global growth, with inflationary pressures only likely to react with some time lag, is indeed very real. While remaining committed to prudent policies, greater flexibility will be required to soften the impact of exogenous shocks."
2009-03-13_49,2009-03-13,-0.5,leaning dovish,True,"An improved inflation outlook, against a backdrop of slowing domestic and global growth, allowed the monetary policy committee of the SARB to reduce the policy rate by 150 basis points since December 2008"
2009-03-16_50,2009-03-16,0.0,neutral,False,this seminar on Strengthening Financial Stability Arrangements
2009-04-23_52,2009-04-23,-1.2,strongly dovish,True,the MPC decided to reduce the repurchase rate by a further 100 basis points at each of its subsequent meetings in February and March 2009
2009-05-06_53,2009-05-06,-0.5,leaning dovish,False,South African financial and non-financial entities are experiencing pressures as a result of the global financial turmoil and the slowdown in economic activity
2009-05-19_54,2009-05-19,-0.9,strongly dovish,True,"A continuation of this slowdown of inflation, in part a result of the widening output gap, may allow for further monetary easing."
2009-05-19_55,2009-05-19,0.1,neutral,True,the primary goal of monetary policy is the achievement of price stability... to protect the value of the currency in the interest of balanced and sustainable economic growth
2009-05-20_56,2009-05-20,-0.5,leaning dovish,False,the effectiveness of monetary policy initiatives taken by central banks to stimulate the economy
2009-07-29_57,2009-07-29,0.1,neutral,False,"central banks will once again find themselves in a somewhat challenging position, as they now would have to concentrate on appropriate exit strategies such that the growth in their balance sheets do not pose a huge inflationary risk"
2009-09-10_60,2009-09-10,0.0,neutral,False,From 9 November 2009 I will no longer be allowed to comment on monetary policy
2009-10-04_95,2009-10-04,-0.8,strongly dovish,True,"the MPC decided to reduce the repurchase rate by 500 basis points between December 2008 and August 2009, despite the fact that inflation was still above the upper end of the inflation target range"
2009-10-12_96,2009-10-12,0.1,neutral,False,"While there are signs that the global economic recovery is well underway, there are still numerous challenges ahead"
2009-11-03_97,2009-11-03,-0.5,leaning dovish,True,the MPC to reduce the repurchase rate by 500 basis points between December 2008 and August 2009
2010-01-02_75,2010-01-02,0.2,leaning hawkish,True,monetary policy will have to continue to play the ever important role of stabilising output at high but non-inflationary levels
2010-01-28_62,2010-01-28,-0.8,strongly dovish,True,the repurchase rate was reduced by 500 basis points to 7 per cent...The decisive downward adjustment in the central bank's key policy rate reflected the severity of the impact of the global downturn on the domestic economy and the consequent dissipation of inflationary pressures
2010-03-12_71,2010-03-12,-0.3,leaning dovish,True,"The real repurchase rate, or repurchase rate adjusted for the Reuters one-year-ahead targeted inflation forecast, declined considerably during the past year and reached 1,2 per cent in January 2010, indicating a more accommodative monetary policy stance."
2010-04-09_83,2010-04-09,0.0,neutral,True,"Inflation targeting should be understood as a broad framework for policy, which allows the central bank 'constrained discretion', rather than as an ironclad policy rule"
2010-04-22_72,2010-04-22,0.2,leaning hawkish,True,Lower nominal interest rates can only be sustained if inflation is kept in check. Otherwise negative real interest rates will result as inflation accelerates with low nominal interest rates being maintained.
2010-04-22_79,2010-04-22,-0.5,leaning dovish,True,"the scope for further easing is limited, and the repurchase rate is likely to remain stable for some time"
2010-04-28_63,2010-04-28,0.1,neutral,False,"financial stability, nevertheless, remains to some extent, fragile in many economies"
2010-05-26_73,2010-05-26,0.1,neutral,False,Debt levels remain too high for us to be able to proudly confirm that we are now out of the woods. Credit extension is low at present.
2010-06-04_64,2010-06-04,0.2,leaning hawkish,True,it is also crucial to again highlight the importance of inflation management
2010-07-07_65,2010-07-07,0.1,neutral,False,it is also crucial to again highlight the importance of inflation management
2010-08-18_80,2010-08-18,0.2,leaning hawkish,False,"CPI inflation has been inside the target range since February 2010, with the outlook being generally favourable, although developments around wage settlements and administered price increases continue to pose upside risks"
2010-10-07_66,2010-10-07,0.0,neutral,False,"The Financial Stability Review aims to identify and analyse potential risks to financial system stability, communicate such assessments and stimulate debate on pertinent issues."
2010-10-15_77,2010-10-15,1.2,strongly hawkish,True,monetary policy has been tightened from June last year and the Monetary Policy Committee has raised interest rates on six occasions over the past 14 months
2010-10-19_81,2010-10-19,-0.9,strongly dovish,True,"monetary policy is expected to remain relatively accommodative for some time, but contingent on changes in the outlook for inflation and the factors that impact on inflation"
2010-11-05_82,2010-11-05,0.1,neutral,True,monetary policy is likely to remain loose for longer
2010-11-18_68,2010-11-18,0.0,neutral,False,2010 has been a busy and challenging year. Not only have we seen developments in regulation internationally but also many developments on the domestic and regional front
2010-11-30_69,2010-11-30,0.3,leaning hawkish,True,the room for further rate cuts is limited by the fact that we are now seeing more definite signs of a sustained recovery in household consumption expenditure and domestic credit extension
2010-12-08_61,2010-12-08,-0.5,leaning dovish,True,Monetary policy remained accommodating during the past financial year against the backdrop of an improved inflation outlook and the relatively weak domestic economy
2011-02-04_87,2011-02-04,-0.3,leaning dovish,True,"the likelihood of further monetary accommodation is limited, and all things being equal the monetary policy stance is likely to remain relatively stable for some time"
2011-03-22_85,2011-03-22,0.2,leaning hawkish,True,"Developing countries maintained strong growth rates and, mindful of the dangers of overheating and inflation, tightened their monetary policies"
2011-03-23_86,2011-03-23,0.1,neutral,False,"As we will be starting our monetary policy committee meeting later today, I will certainly not comment on the South African situation, but refer you to the statement that we will issue on Thursday afternoon"
2011-03-29_88,2011-03-29,0.0,neutral,False,"The formulation and implementation of monetary policy, and, more recently, the newly formalised function of maintaining financial stability require a wider scope of good-quality economic and macro-prudential data."
2011-04-07_90,2011-04-07,0.5,leaning hawkish,True,"the risks to the inflation outlook are on the upside, with food and administered prices – particularly oil prices – being among the biggest risks... the room to manoeuvre is becoming less"
2011-04-16_91,2011-04-16,0.3,leaning hawkish,True,"inflationary pressures will be monitored, especially insofar as second round inflationary pressures may negatively impact the inflation outlook, so as determine when policy adjustments may be required"
2011-04-20_94,2011-04-20,0.2,leaning hawkish,False,rising inflationary pressures in many emerging market economies...increased prospects of further monetary policy tightening in advanced economies
2011-05-27_189,2011-05-27,0.3,leaning hawkish,True,the MPC will take timeous action to ensure that second round effects do not take hold and that inflation pressures are kept in check
2011-05-27_329,2011-05-27,0.3,leaning hawkish,True,looser policy would be detrimental to our growth prospects and place an unacceptable burden of falling purchasing power on our poor
2011-05-31_211,2011-05-31,0.2,leaning hawkish,True,"central banks should have an explicit financial stability mandate, coupled with what has now become known as macroprudential regulation... in addition to their monetary policy mandate"
2011-06-21_325,2011-06-21,0.3,leaning hawkish,True,"Inflation accelerated, following increases in the prices of food and fuel"
2011-06-21_326,2011-06-21,0.3,leaning hawkish,True,inflationary pressures are starting to set in
2011-06-30_327,2011-06-30,0.2,leaning hawkish,True,The Monetary Policy Committee (MPC) will continue to monitor closely any indications of second-round effects on inflation emanating from these cost pressures. We will continue to give primacy to our objective of price stability
2011-07-01_328,2011-07-01,0.2,leaning hawkish,True,Providing a favourable macroeconomic environment for economic growth means that the Reserve Bank considers these inflation risks and acts in the best interests of sustainable economic growth and job creation by aiming to moderate these inflationary pressures
2011-08-05_330,2011-08-05,0.0,neutral,False,the framework used to produce forecasts must be dynamic and able to change should circumstances require
2011-08-23_331,2011-08-23,-0.5,leaning dovish,True,"Monetary policy has remained relatively accommodative in response to these developments. The policy rate, at 5,5 per cent, is at its lowest levels in 30 years, and the real policy rate is around zero."
2011-09-12_332,2011-09-12,0.0,neutral,False,The purpose of this framework is to provide a high-level updated strategic direction for the payment system up to 2015.
2011-09-13_333,2011-09-13,-0.5,leaning dovish,True,economic activity in the second quarter was disappointing to say the least
2011-10-18_334,2011-10-18,0.3,leaning hawkish,True,"the key challenge will be to strike a delicate balance between a monetary policy stance which is appropriate to support the hesitant economic recovery, while ensuring that incipient inflationary pressures are managed, and that there is no doubt about the Bank's commitment to its mandate"
2011-11-15_335,2011-11-15,0.3,leaning hawkish,True,the MPC assessed the risks to the inflation outlook to be on the upside
2012-03-02_337,2012-03-02,0.1,neutral,False,monetary policy: the financial shocks that South Africa will face in future will continue to be best addressed with a flexible inflation targeting framework that allows the currency to cushion the domestic economy from volatility
2012-03-15_338,2012-03-15,-0.3,leaning dovish,True,"monetary policy remains relatively accommodative, given the challenging growth environment, with real policy interest rates slightly below zero"
2012-03-19_339,2012-03-19,0.3,leaning hawkish,True,"with inflation currently running above the inflation target range, a number of points should be underlined"
2012-04-25_340,2012-04-25,0.2,leaning hawkish,False,"monetary policy alone; that is lowering the policy rate to reduce carry trade, could not have prevented the appreciation of the nominal and real exchange rates. To prevent the real appreciation of the currency would have required macroeconomic policy tightening to rein in domestic expenditure and moderate inflation"
2012-05-07_341,2012-05-07,0.2,leaning hawkish,True,"the expected inflation trajectory suggests that there is limited, if any, room for further monetary accommodation at this stage"
2012-05-10_342,2012-05-10,0.1,neutral,True,"the Reserve Bank expects that CPI inflation will gradually decline from the second quarter of this year onwards, with a projected average of 5,2 per cent by the end of the forecast period at the end of 2013"
2012-05-30_344,2012-05-30,0.2,leaning hawkish,True,monetary policy has been more accommodative than it would have been in the absence of below-potential growth rates and a persistently negative output gap
2012-05-31_345,2012-05-31,0.1,neutral,True,the impact of which remains uncertain
2012-06-07_347,2012-06-07,0.1,neutral,True,"Given the persistent negative output gap since the crisis, the Bank has adopted an accommodative monetary policy stance. Inflation has been outside the target range...Fortunately, inflation appears to be on a downward trend and interest rates are at their lowest nominal rates in more than 30 years."
2012-06-11_348,2012-06-11,0.0,neutral,False,the payment system is also a necessary vehicle for the implementation of monetary policy
2012-06-21_349,2012-06-21,0.1,neutral,True,"the MPC noted that countervailing pressures could come from weaker demand and lower commodity prices, particularly those of oil. On balance, the risks to the inflation outlook appear to be somewhat on the upside"
2012-07-23_350,2012-07-23,-1.2,strongly dovish,True,"Projections for the future path of inflation have also been revised downwards, and played a prominent role in the decision of the Monetary Policy Committee last week to reduce the repurchase rate from 5,5 per cent to 5,0 per cent per annum"
2012-07-25_351,2012-07-25,-0.8,strongly dovish,True,"It was against this backdrop of soft growth and moderating inflation, that the Bank further reduced the repo rate to 5.0 per cent at the most recent Monetary Policy Committee meeting last week."
2012-07-27_352,2012-07-27,-0.8,strongly dovish,True,"further accommodation would be appropriate and would not undermine the Bank's primary objective of price stability. Accordingly the repurchase rate was reduced to 5,0 per cent per annum"
2012-07-28_353,2012-07-28,-0.5,leaning dovish,False,"should the global environment deteriorate significantly, the MPC would be prepared to respond by reducing the policy rate"
2012-07-31_354,2012-07-31,-0.8,strongly dovish,True,The recent monetary policy easing should be seen in the context of alleviating some of the strains in the economy
2012-08-21_355,2012-08-21,0.1,neutral,False,"Monetary policy can help with the former, but it cannot increase the potential output of the economy."
2012-09-05_356,2012-09-05,0.0,neutral,False,Today is a momentous occasion. The South African Reserve Bank is launching a communication campaign to showcase the country's new banknote series and to inform the public about the unique features of South Africa's new banknotes.
2012-09-06_357,2012-09-06,0.0,neutral,False,the importance of financial market infrastructures...They play a critical role in the global financial system
2012-10-02_358,2012-10-02,0.0,neutral,False,the importance of inter-regulatory harmonisation in the Financial Markets including cooperation at the industry level
2012-10-02_359,2012-10-02,0.1,neutral,True,"The global economy remains a source of extreme uncertainty, while the domestic economy is beset by its own challenges...this decision to keep rates at the current level was not an easy one"
2012-10-10_360,2012-10-10,0.0,neutral,False,It is important that banks around the world try to regain the trust of ordinary people.
2012-10-12_361,2012-10-12,0.0,neutral,False,the Bank recently concluded an extensive corporate reputation study
2012-10-12_362,2012-10-12,0.3,leaning hawkish,True,The commitment is to pursue a continuous target of 3 to 6 per cent for headline CPI inflation. The Bank conducts monetary policy within a flexible inflation-targeting framework that allows for inflation to be temporarily outside the target range as a result of mainly supply shocks.
2012-10-14_363,2012-10-14,-0.5,leaning dovish,True,"the Monetary Policy Committee of the Reserve Bank decided on 19 July 2012 to reduce its repurchase rate by 50 basis points, to 5.0 per cent"
2012-10-19_364,2012-10-19,0.0,neutral,False,"The role of business in addressing the threefold challenges that unemployment, poverty and inequality pose to our society"
2012-10-24_365,2012-10-24,0.1,neutral,False,"The South African financial system has proved to be relatively resilient in the wake of a volatile and uncertain global environment and some domestic socio-economic concerns; Although the recent conjuncture is uncertain and several challenges remain, the financial system is generally sound."
2012-10-31_366,2012-10-31,0.0,neutral,False,South Africa's membership of the G-20 provides enormous opportunities
2012-11-28_367,2012-11-28,0.2,leaning hawkish,True,"such developments, together with the lagged effect of higher food prices and higher wage settlements as seen in certain sectors of the economy, do not bode well for inflation going forward"
2012-11-30_368,2012-11-30,0.0,neutral,False,"In considering the economic conditions in South Africa, one is compelled to take cognisance of global economic developments due to the impact they have on local economic developments"
2013-03-07_369,2013-03-07,0.0,neutral,False,Sound governance and oversight around the management and investment of foreign assets has become a critical discussion point in central banks and governments globally
2013-03-08_370,2013-03-08,-0.8,strongly dovish,True,our room for further accommodation is constrained by the need to keep inflation within the target over a reasonable time horizon
2013-04-09_371,2013-04-09,0.0,neutral,False,the key challenge for research in the context of regular monetary policy meetings is to ensure there is consistency in the analysis and interpretation of the highly fragmented and complex information set
2013-04-09_372,2013-04-09,0.0,neutral,False,The profession can make a tangible contribution towards ensuring that our businesses and public sectors are appropriately capacitated to deal with their many challenges
2013-04-19_373,2013-04-19,0.1,neutral,False,"The Consumer Price Index increased by 5,9 percent in March this year...the exchange rate remains an upside risk to the inflation outlook"
2013-05-30_374,2013-05-30,0.1,neutral,False,I would like to spend just a few minutes taking stock of the economic and financial market landscape
2013-06-06_375,2013-06-06,0.3,leaning hawkish,True,"the increasingly risky outlook for inflation, and its possible impact on inflation expectations, does constrain further accommodation"
2013-06-26_376,2013-06-26,0.1,neutral,True,"Currently our forecasts (and those of nearly all private sector analysts) suggest that inflation is likely to remain at the top of the band or slightly above...the upside risks to the inflation outlook make further accommodation more difficult, but do not automatically imply a tightening of the monetary policy stance"
2013-07-23_377,2013-07-23,0.2,leaning hawkish,False,The domestic economic growth outlook has weakened further following the disappointing first quarter annualised growth rate of 0.9%
2013-07-26_378,2013-07-26,-0.8,strongly dovish,True,The South African economic growth prospects have also weakened in the face of global and domestic constraints
2013-07-31_379,2013-07-31,0.0,neutral,False,"From our perspective at the Reserve Bank, we will continue to contribute towards an environment conducive to creating jobs and encouraging long term investment. This implies a continued focus on price stability and the prevention of financial sector crises."
2013-08-05_380,2013-08-05,0.2,leaning hawkish,True,"If, however, inflation remains sticky and evidence emerge of second round effects, the Bank would take appropriate measures in keeping with our mandate. At present, we are however confident that inflation expectations remain anchored, albeit at the upper end of the inflation target range, thus allowing for a continuation of accommodative monetary policy at this time."
2013-08-07_381,2013-08-07,0.0,neutral,False,The importance of well-developed and functioning capital markets for growth and development
2013-08-12_382,2013-08-12,0.2,leaning hawkish,True,"the Bank stands ready, as always, to act in whichever manner is deemed prudent, in line with its mandate, to ensure that inflation does not breach the upper end of the inflation band on a sustained basis"
2013-08-15_383,2013-08-15,0.3,leaning hawkish,True,"given the upside risk to the inflation outlook, the scope for further monetary accommodation is reduced"
2013-09-13_384,2013-09-13,0.0,neutral,False,workshops like the one we are now concluding are important precisely because they help us with regard to both the issues I have just mentioned
2013-09-27_385,2013-09-27,0.0,neutral,False,"the crisis is still with us, and South Africa faces a challenging future"
2013-10-01_386,2013-10-01,0.1,neutral,False,"In the implementation of monetary policy, the South African Reserve Bank faces a difficult set of challenges, given slowing growth and rising inflationary pressures. The Bank will continue to take the necessary steps to anchor inflation expectations and achieve price stability within our mandate of flexible inflation targeting."
2013-10-10_388,2013-10-10,0.2,leaning hawkish,True,we stand ready to take appropriate policy measures within our flexible inflation targeting framework to ensure that we react appropriately to the changing environment
2013-10-11_389,2013-10-11,0.3,leaning hawkish,True,we remain committed to our mandate of securing low and stable inflation in the interest of balanced and sustainable growth
2013-10-29_390,2013-10-29,0.0,neutral,False,Public education of the highest standard for all children is critical for democracy to flourish
2013-11-01_391,2013-11-01,0.2,leaning hawkish,True,the upward drift in core inflation in the absence of any obvious demand pressures would suggest that there may be emerging underlying pressures owing to lagged effects of the exchange rate depreciation as well as higher unit labour costs
2013-11-05_392,2013-11-05,0.0,neutral,False,the unique financial environment that we find ourselves in has created many new challenges for us as reserve managers
2013-11-11_394,2013-11-11,0.2,leaning hawkish,True,"the proper response to a weakening currency isn't to defend its value, as the priority, but rather to target the pass-through from the exchange rate to inflation"
2013-11-27_398,2013-11-27,0.3,leaning hawkish,True,"the proper response to a weakening currency isn't to defend its value, as the priority, but rather to target the pass-through from the exchange rate to inflation"
2013-12-04_400,2013-12-04,0.1,neutral,True,"In order to maintain the integrity of the inflation targeting framework, however, it would not hesitate to take appropriate action, should the medium-term inflation outlook deteriorate significantly"
2014-02-21_401,2014-02-21,0.0,neutral,False,financial inclusion is not an explicit mandate or policy objective of the South African Reserve Bank
2014-03-11_403,2014-03-11,0.3,leaning hawkish,True,the recent marked deterioration of our inflation forecast led the Monetary Policy Committee to raise interest rates for the first time in six years
2014-03-13_405,2014-03-13,0.0,neutral,False,"the task of global regulatory reform is complicated by the fact of blurring lines between banking, insurance and capital markets"
2014-03-13_406,2014-03-13,0.2,leaning hawkish,True,"Given the importance of the exchange rate in the inflation process, our inflation forecasts deteriorated progressively, and the risks to these forecasts were seen to be on the upside... we increasingly signaled our concerns in the monetary policy statements, first by indicating explicitly that there was no room for further monetary accommodation; and then, in November, by stating that, should there be further significant deterioration in the inflation outlook, we would have to take appropriate action."
2014-04-08_407,2014-04-08,0.3,leaning hawkish,True,"the MPC decided that it would be appropriate to embark on a moderate tightening cycle, starting with a 50 basis point increase of the repurchase rate in January"
2014-04-12_408,2014-04-12,0.0,neutral,False,Shaping cross-border banking integration in Africa
2014-06-06_409,2014-06-06,0.1,neutral,False,central banks have an important role to ensure that the possible formation of asset price bubbles that may threaten financial stability are kept in check
2014-06-06_410,2014-06-06,0.8,strongly hawkish,True,"the Reserve Bank has commenced a monetary policy tightening cycle, starting with a 50-basis point increase in January"
2014-06-10_411,2014-06-10,0.8,strongly hawkish,True,"the MPC embarked on a tightening interest rate cycle in January, but stressed that the cycle would be moderate given the weak growth outlook"
2014-06-24_412,2014-06-24,0.7,leaning hawkish,True,"inflation is uncomfortably high, and that risks continue to be tilted to the upside, and that interest rates will have to normalise in due course"
2014-07-25_413,2014-07-25,0.3,leaning hawkish,True,"the Bank's Monetary Policy Committee (MPC) decided at its meeting in January 2014 to embark on a moderate tightening cycle and raised the repurchase (repo) rate by 50 basis points to 5,5 per cent per annum"
2014-07-25_416,2014-07-25,0.0,neutral,False,"These are difficult times for the custodians of monetary policy in South Africa, and indeed the rest of the world"
2014-08-10_414,2014-08-10,0.1,neutral,False,South Africa's banking sector remains healthy and robust. There have been no indications that other South African banks have been affected negatively by ABIL's trading update or African Bank's current situation.
2014-08-13_415,2014-08-13,0.7,leaning hawkish,True,"The MPC has indicated that we are in a tightening phase of the interest rate cycle... monetary policy is on a 'gradual normalisation path', which will be highly data-dependent"
2014-08-28_417,2014-08-28,0.1,neutral,False,"Growth is uneven and downside risks remain. Growth in developed countries has gained momentum, but the expansion in emerging markets has slowed."
2014-09-30_418,2014-09-30,1.1,strongly hawkish,True,A normalisation cycle will support the moderation in inflation that we seek to achieve and to assist in correcting macroeconomic imbalances... Our monetary policy stance will need to evolve in line with domestic priorities and take into account pressures exerted by international policy normalisation.
2014-10-02_419,2014-10-02,0.3,leaning hawkish,True,"The Bank raised interest rates by 50 basis points in January this year and by 25 basis points in July. Notwithstanding these increases, the policy interest rate remains close to zero in real terms. Monetary policy remains accommodative, cognisant of the weak real economy."
2014-10-08_420,2014-10-08,0.8,strongly hawkish,True,the Monetary Policy Committee remains of the view that interest rates will have to normalise over time
2014-10-28_421,2014-10-28,0.0,neutral,False,Ethics in finance and financial markets has perhaps never been as relevant as it is today
2014-10-29_422,2014-10-29,0.1,neutral,False,"The South African financial system continues to be resilient in the wake of a volatile and uncertain global environment and a degree of domestic economic concerns. Although the current conjuncture is uncertain and several challenges remain, the financial system remains sound."
2014-10-30_423,2014-10-30,0.3,leaning hawkish,True,inflation has not always been within the target range...inflation expectations...at the upper end of the target range
2014-11-04_424,2014-11-04,0.0,neutral,False,allow me to share with you some brief remarks on the subject of reserves management
2014-11-17_425,2014-11-17,0.0,neutral,False,"The objective is, through the diverse nature of attendees at this Conference, to improve the understanding of the issues for those involved in providing and managing banknotes"
2014-11-28_426,2014-11-28,0.3,leaning hawkish,True,"a gradual, data-dependent, policy normalisation process at the beginning of this year, which will continue"
2015-02-17_428,2015-02-17,-0.5,leaning dovish,True,monetary policy is still accommodative and supportive of South Africa's economic objectives
2015-02-27_429,2015-02-27,0.1,neutral,False,"both nominal and real policy rates are still near decades' lows, even after the cumulative 75 basis-point increase in the repo rate in 2014"
2015-03-03_431,2015-03-03,0.3,leaning hawkish,True,"Such factors of uncertainty require a high degree of vigilance from monetary authorities, even as inflation falls lower than we expected a few quarters ago. The more benign projected inflation path, in an environment where growth in credit and property prices does not signal any build-up in financial imbalances, gives the Bank some room to pause in its interest rate normalisation process. Yet, risks related to currency moves, capital flows and overall financial market volatility will have to be closely monitored in coming quarters."
2015-03-04_432,2015-03-04,0.3,leaning hawkish,True,"the bar for further accommodation remains high and, as indicated, would require a sustained decline in the inflation rate and sticky inflation expectations"
2015-03-17_433,2015-03-17,0.0,neutral,False,The CLS is one of those mission-critical systems that can be compared to the plumbing system of a building
2015-04-19_434,2015-04-19,0.7,leaning hawkish,True,The MPC is of the view that inflation risks are skewed to the upside...the recent deterioration in the inflation outlook will require the MPC to carefully assess when it will be appropriate to adjust the policy rate further.
2015-04-22_435,2015-04-22,0.0,neutral,False,Enterprise risk management is a key assurance activity that allows central banks to pursue their mandates effectively and efficiently
2015-04-30_439,2015-04-30,0.1,neutral,False,"South Africa has performed well in managing to largely contain inflation, within the inflation target range"
2015-05-07_441,2015-05-07,0.0,neutral,False,the development of these initiatives will lay a solid foundation for facilitating trade and investment in Africa
2015-05-27_442,2015-05-27,0.7,leaning hawkish,True,We are however in a hiking cycle and the deteriorating inflation outlook may necessitate policy action as the window for an unchanged stance has narrowed.
2015-05-28_443,2015-05-28,0.0,neutral,False,"my remarks today will not focus on policy, at least not directly. I would rather like to use this opportunity to talk about the globalised nature of central banking"
2015-06-12_444,2015-06-12,0.3,leaning hawkish,True,"the balance of risks to our inflation outlook continues to be tilted to the upside, and that recently inflation risks have increased, which suggest that an unchanged monetary policy stance cannot be maintained indefinitely"
2015-06-18_445,2015-06-18,0.3,leaning hawkish,True,"the upside risks to the forecast were assessed to have deteriorated quite markedly. And should these risks transpire, we could see a more significant change in the forecast by the next meeting. Further depreciation of the exchange rate, an expected increase in electricity tariffs, and higher-than-expected wage settlements, have the potential to worsen the inflation outlook."
2015-07-31_446,2015-07-31,0.3,leaning hawkish,True,"the MPC decided to continue on its path of gradual policy rate normalisation, amid continued upside risks to the inflation outlook. Consequently, the repurchase rate was increased by 25 basis points"
2015-08-11_447,2015-08-11,0.7,leaning hawkish,True,"inflation is uncomfortably close to the upper end of the target range, and inflation expectations are at elevated levels"
2015-08-18_448,2015-08-18,0.1,neutral,False,"the Bank assists in maintaining and improving competitiveness, protecting the purchasing power of the currency and, thus the living standards of all South Africans"
2015-09-15_449,2015-09-15,0.0,neutral,False,The main objective of this Special Resolution Bill will be to maintain financial stability in the event of an institutional failure.
2015-09-29_450,2015-09-29,0.0,neutral,False,"Regulators should not inhibit innovation. However, as custodians of financial stability, central banks in particular are tasked with the safety and efficiency of financial systems, and should act appropriately to address any risks that may emerge."
2015-10-06_451,2015-10-06,0.5,leaning hawkish,True,We expect our gradual tightening cycle to accomplish our primary mandate: controlling inflation as defined by our inflation target while showing due concern for growth.
2015-10-09_452,2015-10-09,0.3,leaning hawkish,True,"The South African Reserve Bank continues to be in a tightening cycle and has raised the repurchase rate by a cumulative one percentage point since early 2014 to its current level of 6 per cent. Despite this tightening, monetary policy remains broadly accommodating"
2015-10-20_453,2015-10-20,0.3,leaning hawkish,True,"The MPC has to achieve a fine balance between realising its core objective, and not unduly undermining growth in the short-term... the SARB Monetary Policy Committee (MPC) remains on a gradual normalisation path"
2015-10-20_454,2015-10-20,-0.3,leaning dovish,False,South Africa's growth outlook is extremely fragile...growth is expected to be constrained by weak private-sector investment and subdued growth in household consumption expenditure amid low levels of both business and consumer confidence
2015-10-23_456,2015-10-23,1.2,strongly hawkish,True,"we entered a tightening cycle in January 2014, which has so far brought the repo rate 100 basis points higher, to 6 per cent...we have to contend with significant risks of a sustained breach of the inflation target range"
2015-10-29_457,2015-10-29,0.1,neutral,True,"central banks cannot afford to be complacent, as the risks related to global monetary policy and macroeconomic developments remain high"
2015-11-06_458,2015-11-06,0.3,leaning hawkish,True,the Bank remains vigilant and stands ready to act against any build-up of inflation pressures which may result in a persistent deviation from the inflation target range
2015-11-06_459,2015-11-06,0.1,neutral,True,"Aware of the risk that already-high inflation expectations are moving higher and of the overall loose stance of monetary policy, the Bank has raised interest rates by a cumulative 100 basis points since January 2014."
2015-11-27_460,2015-11-27,0.3,leaning hawkish,True,"the SARB's MPC had to consider the optimal strategy on how to deal with an inflation path that looks set to remain mostly within target, but with clear and elevated risks of amongst others a more durable overshoot"
2015-12-01_461,2015-12-01,0.1,neutral,False,"the ever-changing landscape in the financial markets poses significant and exciting challenges for reserves managers, but change can also bring new opportunities"
2016-01-12_462,2016-01-12,1.2,strongly hawkish,True,"the SARB decided to raise rates in July and November 2015 in order to prevent potential second-round inflationary effects from occurring and to anchor long-term inflation expectations, which remain uncomfortably close to or above the upper band of the inflation target"
2016-02-18_463,2016-02-18,0.1,neutral,False,the topic of conduct and culture is of great importance and highly relevant to the global banking and financial sector
2016-02-19_464,2016-02-19,1.3,strongly hawkish,True,we cannot tolerate multiple simultaneous shocks that are likely to keep inflation elevated for two years. Shocks of this nature raise the risk that inflation expectations for the coming years will recalibrate to a significantly higher level
2016-04-16_465,2016-04-16,0.8,strongly hawkish,True,monetary policy cannot afford to be complacent and should strive to manage inflation expectations to ensure that these shocks do not result in second-round impacts and a generalised increase in prices
2016-04-21_466,2016-04-21,0.2,leaning hawkish,False,the 75 basis points of interest rate increases by the Monetary Policy Committee in 2016 seemed to assure the market of the Bank's commitment to maintain price stability
2016-06-02_467,2016-06-02,1.2,strongly hawkish,True,"the Bank is of the view that, since January 2014, it has not been appropriate for it to look through supply shocks that drive inflation above 6 per cent. At that time, the Bank forecasted an extended breach of the target if it did not act. The risks around its forecast implied that second-round effects would manifest if it did not act to prevent them."
2016-06-07_468,2016-06-07,0.2,leaning hawkish,False,the Bank will continue to endeavor to provide an environment that supports a strong and robust economy through the pursuit of price and financial stability
2016-06-30_469,2016-06-30,0.3,leaning hawkish,True,"the MPC felt the need to move to a less accommodative stance. Thus, the repurchase rate was increased from a low of 5 per cent in January 2014 to 7 per cent as of May"
2016-07-06_470,2016-07-06,1.2,strongly hawkish,True,"Monetary policy is this external force that is required to bring down inflationary expectations from elevated levels...the MPC is sensitive to the possible negative effects of policy tightening on cyclical growth, but will remain focused on the mandate of maintaining price stability"
2016-07-07_471,2016-07-07,0.3,leaning hawkish,True,"South Africa's policy rate has been adjusted upwards by 200 basis points since January 2014, in line with rising inflation risks"
2016-07-25_472,2016-07-25,0.0,neutral,False,"the time has come to look to the future, embrace change, and continue on the path by providing clear and unambiguous direction of where we want to see the future payment system"
2016-07-27_473,2016-07-27,0.3,leaning hawkish,True,the MPC felt that local and international developments since our last meeting in May in relation to inflation and growth overall justified a pause in the hiking cycle at the July meeting. The situation will continue to be monitored closely as the risks to the inflation forecast are assessed to continue to be tilted to the upside
2016-07-29_474,2016-07-29,-0.5,leaning dovish,True,"the MPC remains ready to respond to renewed inflation pressures, it remains mindful of the weak state of the economy and will continue to support the economy to the extent possible within its flexible inflation targeting remit"
2016-08-04_475,2016-08-04,0.0,neutral,False,"The move to this settlement cycle is a welcome development that contributes towards our continuous efforts to improve the efficiency of, and reduce the risk in, our financial market systems and infrastructures."
2016-08-12_476,2016-08-12,0.2,leaning hawkish,True,"Since January 2014, we have been in a gradual tightening cycle, with a cumulative increase of 200 basis points since then...The moderate nature of the tightening cycle is due to our concern over the growth outlook; the tightening would have been more aggressive had the economy been more buoyant. Furthermore, real interest rates remain relatively low, implying an accommodative monetary policy stance despite the tightening."
2016-08-23_477,2016-08-23,0.0,neutral,False,the SARB has taken the initiative to organise this cybersecurity conference
2016-08-24_478,2016-08-24,0.8,strongly hawkish,True,"we have to do just that. Higher inflation begets higher interest rates. Lower inflation, alternatively, enhances the competitiveness of the economy and reduces interest rates, supporting investment, job creation, and poverty reduction"
2016-08-26_479,2016-08-26,0.8,strongly hawkish,True,the MPC is thus cognisant of the increased possibility of second-round effects if the shock is to food prices
2016-09-07_480,2016-09-07,1.2,strongly hawkish,True,"At a minimum, we needed to defend the upper end of the target range, ensuring that inflation expectations did not stray from the target entirely. The policy response helped to prevent investors from demanding higher interest rates to compensate for inflation risk, limiting the rise in longer-term borrowing costs. In our second-best world, a gradual and cautious rise in rates was an appropriate means of countering rising inflation expectations."
2016-09-27_481,2016-09-27,0.3,leaning hawkish,True,the SARB raised its repurchase rate by 200 basis points in six instalments between January 2014 and March 2016 to the current 7 per cent...to avoid the rapid rand depreciation feeding into significantly higher inflation and leading to an unhooking of inflation expectations
2016-09-30_482,2016-09-30,0.1,neutral,False,we also need to keep in mind that there is a key trade-off between inclusion and maintaining the integrity of the financial system; a balanced regulatory and supervisory approach is therefore required
2016-10-04_483,2016-10-04,0.3,leaning hawkish,True,we see the bar for a cut in interest rates as being set high
2016-10-20_484,2016-10-20,0.3,leaning hawkish,True,the bar for any future rate cuts has been set very high
2016-11-25_485,2016-11-25,0.8,strongly hawkish,True,"given pricing behaviour in the economy, achieving lower rates as soon as possible may not have benign consequences for inflation expectations and competitiveness. Given our current forecast trajectory, we may be closer to the end of the hiking cycle, but the bar for cutting rates is very high."
2016-12-09_486,2016-12-09,0.1,neutral,False,the South African banking sector remains profitable and adequately capitalised is not a cause for complacency
2017-01-26_487,2017-01-26,0.0,neutral,False,"The G-20 has taken much action over the years, but the global economic recovery has nevertheless been less than inspiring."
2017-02-01_488,2017-02-01,0.0,neutral,False,"the investment financing gap in Africa is huge, and closing this gap is a top priority in order to put the continent on a path of higher and more sustainable growth and development"
2017-02-24_489,2017-02-24,0.1,neutral,True,"the Monetary Policy Committee (MPC) has increased the repurchase rate gradually since January 2014, by a total of 200 basis points, to the current level of 7,0 per cent"
2017-03-02_490,2017-03-02,0.0,neutral,False,We have called today's media briefing to make South Africans aware of the opportunity to buy shares of the South African Reserve Bank (SARB).
2017-04-04_491,2017-04-04,-0.3,leaning dovish,True,we may have reached the end of the moderate tightening cycle
2017-04-25_492,2017-04-25,0.3,leaning hawkish,True,the larger policy framework is the right one... It does more for South Africa than the alternatives would because it allows for flexibility while being grounded in how to best support long-term sustainable economic growth
2017-05-05_493,2017-05-05,0.0,neutral,False,the process has to be well thought through in terms of timing and sequencing in order to minimise costs and unintended consequences
2017-06-01_494,2017-06-01,0.0,neutral,False,"the initiatives which we have thus far embarked on are not about creating rules of conduct, but are meant to be guiding principles intended to create consensus on the standards of market practice"
2017-06-08_495,2017-06-08,0.3,leaning hawkish,True,"the inflation trajectory was uncomfortably close to the upper end of the target range, and with inflation expectations still anchored at the upper end, it means that any adverse shock could take us quite quickly outside the target range"
2017-06-10_496,2017-06-10,0.0,neutral,False,"In my address this evening, I would prefer to talk about the governance of monetary policy decision-making processes and our accountability as the country's central bank."
2017-06-19_497,2017-06-19,0.0,neutral,False,"the short-term outlook is an optimistic one, there is general recognition that we cannot afford to be complacent"
2017-06-19_498,2017-06-19,0.3,leaning hawkish,True,"if we can keep inflation lower, anchoring inflation expectations, that should in turn generate a lower rate of interest to support the economy. Unfortunately, we also have to worry about higher inflation if things go wrong"
2017-07-21_499,2017-07-21,0.0,neutral,False,"The MPC Schools Challenge is therefore a contribution by the SA Reserve Bank towards improving the understanding by young South Africans of how the economy works, why high inflation is bad for an economy and how the Monetary Policy Committee makes decisions."
2017-07-25_500,2017-07-25,0.2,leaning hawkish,True,"Policy rates in most of the advanced economies could eventually follow the US path towards gradual normalisation, and central bank balance sheets could probably decline to levels more consistent with 'normal' central banking operations"
2017-07-28_501,2017-07-28,-0.3,leaning dovish,True,"the MPC reduced the repo rate by 25 basis points, to 6.75% per annum"
2017-08-02_502,2017-08-02,0.1,neutral,False,stress testing forms an important component of the financial stability framework in South Africa
2017-08-15_503,2017-08-15,0.0,neutral,False,"Monetary integration is easy to explain, but tough to maintain. It usually comes with additional necessities, for each participating country and for the community as a whole."
2017-08-18_504,2017-08-18,0.0,neutral,False,"the role of ensuring price stability has not been undermined or minimised. It is as important and as relevant as ever, and remains a crucial pillar of central banking"
2017-08-22_505,2017-08-22,0.0,neutral,False,focusing analysis on financial services activities rather than on firms or technologies
2017-08-24_506,2017-08-24,0.0,neutral,False,"The purpose of today's workshop is to discuss the proposals outlined in the discussion paper that was published on 30 May 2017, which contains the joint views of the SARB and National Treasury on the design features of a possible deposit insurance scheme for South Africa."
2017-08-30_508,2017-08-30,0.3,leaning hawkish,True,"keeping inflation under control should be growth-friendly, which is just what the numbers show"
2017-09-26_509,2017-09-26,0.0,neutral,False,IFRS 9 certainly represents a major change for the banking industry. It is certainly a change that needs to be embraced.
2017-09-26_510,2017-09-26,0.0,neutral,False,"a sovereign rating is not a policy goal per se. Rather, it is a reflection of a broad range of economic, social, and political factors"
2017-10-05_512,2017-10-05,0.0,neutral,False,the SARB is committed in its support of innovation and the responsible improvement of the services offered to all our people in a manner that does not give rise to increased threats to the soundness or stability of the wider financial system
2017-10-05_513,2017-10-05,0.0,neutral,False,the SARB is committed in its support of innovation and the responsible improvement of the services offered to all our people in a manner that does not give rise to increased threats to the soundness or stability of the wider financial system
2017-10-16_514,2017-10-16,0.3,leaning hawkish,True,"it is not clear how much space exists, if at all, for additional policy rate cuts by the MPC in the coming quarters"
2017-10-30_515,2017-10-30,0.3,leaning hawkish,True,the risks to the inflation outlook appear presently too skewed to the upside to allow the SARB to embark on a sizable monetary stimulus without fears of a sustained overshoot in the inflation target range
2017-11-09_516,2017-11-09,-0.3,leaning dovish,True,we aim for a policy stance that balances short-term growth support with long-term disinflation
2017-11-24_517,2017-11-24,0.2,leaning hawkish,True,the MPC has to be cognisant of the possibility that the inflation outlook could deteriorate further...the best approach for the SARB is to minimise the number of threats to price and financial stability
2018-01-25_518,2018-01-25,0.0,neutral,False,Regulators should focus on regulatory principles that are risk-based rather than creating excessive rules-based regulations
2018-03-02_519,2018-03-02,0.1,neutral,False,"It is inevitable that monetary-policy normalization in the advanced economies will happen, and that the era of high global liquidity will come to an end."
2018-04-19_520,2018-04-19,0.0,neutral,False,fintech is the technology-enabled innovation in financial services as a result of the process of 'creative destruction'
2018-04-25_521,2018-04-25,0.0,neutral,False,the stability of the financial system in South Africa has improved notably since the previous FSR
2018-05-09_522,2018-05-09,-0.5,leaning dovish,True,"This improved inflation environment has contributed to a sounder macroeconomic environment, one where earnings are not eroded at an excessively fast rate. It has also afforded some room for monetary policy to remain accommodative for now and help foster improved economic growth."
2018-05-10_523,2018-05-10,0.0,neutral,False,"as we are on the eve of entering into the closed period for our next Monetary Policy Committee meeting, which starts on 22nd May, I shall refrain from any comments today"
2018-06-05_525,2018-06-05,0.0,neutral,False,Project Khokha was successful in that it proved that the typical daily volume of the South African payments system could be processed in less than two hours
2018-06-15_526,2018-06-15,0.0,neutral,False,"the SAA process also contains an important qualitative assessment, which can result in a portfolio construction that sits below the efficient frontier but which can efficiently be invested in"
2018-07-13_527,2018-07-13,0.2,leaning hawkish,False,"the SARB must, without fear or favour, ensure that the buying power of the currency is protected"
2018-07-27_528,2018-07-27,-0.5,leaning dovish,True,"The improved inflation outlook and below-potential growth afforded some space for monetary policy to be more accommodative... The MPC still assesses the monetary policy stance to be accommodative, and appropriate in the context of the current state of the economy."
2018-08-01_529,2018-08-01,0.1,neutral,False,"Should these risks materialise, it may become necessary to adjust monetary policy settings in the future to ensure that inflation remains more comfortably inside the target range and closer to the midpoint"
2018-08-01_530,2018-08-01,0.6,leaning hawkish,True,any decision to tolerate a bit more inflation for the sake of a little extra growth is also a decision to make inequality a bit worse
2018-08-14_531,2018-08-14,0.2,leaning hawkish,False,"inflation risks are to the upside, and our fiscal framework is vulnerable"
2018-08-17_532,2018-08-17,0.0,neutral,False,"The SARB believes the competition will raise the level of understanding of monetary policy, and contribute directly and indirectly to broad public economic education."
2018-08-23_533,2018-08-23,0.0,neutral,False,monetary policy cannot do – and that is: run an overly stimulative stance for a prolonged period of time in the hope of engineering a sustained pickup in growth
2018-08-28_534,2018-08-28,0.0,neutral,False,Conferences such as these are part of a collaborative effort in our mission to deepen our insights into and understanding of innovation and cybersecurity.
2018-09-25_535,2018-09-25,0.1,neutral,False,"the economy is expected to stage a gradual recovery over the next two years, as both domestic investment and export growth are forecast to rise. However, a modest cyclical rebound of this nature is insufficient to address the high levels of unemployment and inequality"
2018-10-02_536,2018-10-02,0.2,leaning hawkish,True,"the outlook for inflation has since deteriorated... the SARB's QPM model projects that in order to bring inflation back towards the target midpoint in the long run, five interest rate increases of 25 basis points each will be needed by the end of 2020"
2018-10-19_537,2018-10-19,0.3,leaning hawkish,False,"if inflation is rising and inflation expectations are getting out of control, the policy framework will tell you it's time to tighten, and an independent central bank will have the means to do so"
2018-10-19_538,2018-10-19,1.3,strongly hawkish,True,"if the inflation forecast plays out as expected, monetary policy tightening will be required to stop inflation, and potentially also inflation expectations, from moving outside of the SARB's target range for an extended period of time"
2018-10-23_539,2018-10-23,0.0,neutral,False,"the transition to new interest rate benchmarks is still uncertain, but the process has started to develop transition plans"
2018-11-01_540,2018-11-01,0.1,neutral,False,currency depreciation creates inflationary pressures. But many emerging market countries have strong central banks who can deal with this problem
2018-11-05_541,2018-11-05,0.0,neutral,False,"my address will firstly reflect on the journey of the SAMOS and SADC RTGS systems, respectively, focusing on highlights and also outlining the goals that we plan to achieve. Thereafter, I would like to reflect on the opportunities offered by financial technology (fintech)."
2018-11-27_542,2018-11-27,0.0,neutral,False,fintech holds great potential which can meaningfully lift the growth potential of our economy and significantly improve efficiencies
2018-11-28_543,2018-11-28,0.0,neutral,False,"forward-looking and medium-term oriented monetary policy within a flexible inflation targeting framework, requires us to look through volatility and to focus on macroeconomic fundamentals"
2019-01-31_544,2019-01-31,0.0,neutral,False,a stable and well-regulated financial sector is vital for the achievement of our long-term sustainable economic growth and developmental objectives
2019-02-12_545,2019-02-12,0.3,leaning hawkish,True,the MPC still judged the policy stance as broadly accommodative
2019-03-06_546,2019-03-06,0.1,neutral,True,"We have indicated that a consistently lower rate in the near term, at the midpoint of our target band (4.5%), would lower long-term interest rates and be more supportive of balance in the economy."
2019-03-18_549,2019-03-18,0.0,neutral,False,"fintech holds the potential to transform markets, likely leading to increased contestability and competition"
2019-04-15_550,2019-04-15,0.1,neutral,False,"We are now getting inflation where we want it, in the middle of our target range, which is a rate we intend to maintain."
2019-04-18_551,2019-04-18,0.1,neutral,True,"ensuring policy consistency, addressing financial sector externalities, and putting in place policies that increase the flexibility of an economy in response to shocks"
2019-05-07_552,2019-05-07,0.1,neutral,True,monetary policy continued to keep its focus on maintaining inflation comfortably within the target range and anchoring inflation expectations closer to the 4.5% midpoint of the inflation target band
2019-05-28_553,2019-05-28,0.1,neutral,True,the balance of risks to the inflation outlook to be more or less evenly balanced
2019-06-03_554,2019-06-03,0.1,neutral,False,Countries in the region could benefit from the slower-than-expected monetary policy normalisation in major economies to build additional buffers
2019-06-05_555,2019-06-05,0.0,neutral,False,protecting the value of the currency in the interest of balanced and sustainable growth
2019-06-12_556,2019-06-12,-0.7,leaning dovish,True,monetary policy has more latitude to look through supply shocks
2019-06-13_557,2019-06-13,-0.5,leaning dovish,True,"Given the weak economy, our model suggests we might have room to cut rates over the next year or so."
2019-06-19_558,2019-06-19,0.1,neutral,False,global growth has continued to weaken and momentum remains fragile
2019-07-24_559,2019-07-24,0.3,leaning hawkish,True,"we decided to make some changes...By emphasising the middle of our target range, 4.5%, as our goal...to have permanently lower inflation"
2019-07-26_560,2019-07-26,-0.7,leaning dovish,True,"At the time of its latest meeting held on 18 July 2019, the MPC felt comfortable enough with the recent downward trend in inflation outcomes, as well as the ongoing decline in inflation expectations, to lower the repo rate by 25 basis points."
2020-03-04_561,2020-03-04,0.1,neutral,True,"we have got inflation lower, and we have been able to cut rates without sacrificing our credibility. This is how monetary policy is meant to work: you cut rates from a position of strength, because you have inflation under control"
2020-06-18_563,2020-06-18,-0.8,strongly dovish,True,"The SARB has responded flexibly, quickly and aggressively to this crisis. So far, these actions have improved market functioning, and are supporting economic activity."
2020-07-31_564,2020-07-31,-1.5,strongly dovish,True,the SARB expects that the lockdown will cause output to contract by 7.3% in 2020...This benign inflation outlook has allowed the Monetary Policy Committee (MPC) room to reduce the repurchase rate (repo rate)
2020-08-12_565,2020-08-12,-0.3,leaning dovish,True,we have slashed interest rates to support aggregate demand and the spending power of South Africans
2020-09-09_566,2020-09-09,0.1,neutral,False,high indebtedness also presents risks to the implementation of monetary policy and financial stability. A high level of public debt also raises the risk of fiscal dominance
2020-09-22_567,2020-09-22,-1.2,strongly dovish,True,"the SARB expects that consumer price inflation will remain within the lower half of the 3−6% target range over the forecasting period... this benign inflation outlook should allow the SARB to maintain an accommodative stance for most of the coming two years, and only withdraw stimulus in a gradual fashion"
2020-10-07_568,2020-10-07,-1.2,strongly dovish,True,"an accommodative stance for most of the coming two years, and only withdraw stimulus in a gradual fashion, as the output gap slowly closes"
2020-11-06_569,2020-11-06,0.0,neutral,False,"the purpose of today's MPG Forum is twofold: first, to report on and inform stakeholders of key decisions, considerations and recommendations made by the MPG in relation to the reform of the Jibar"
2020-11-30_5661,2020-11-30,-0.5,leaning dovish,True,"we still have room to provide further accommodation before having to consider QE-type measures, should economic conditions deteriorate and inflation moderate further down towards the lower end of the inflation target"
2020-12-08_An-opening-address-by-Rashad-Cassim-a-Deputy-Governor-of-the-South-African-Reserve-Bank-at-the-World-Fintech-Festival,2020-12-08,0.0,neutral,False,"The fintech phenomenon is here to stay, and will continue to grow."
2021-06-30_Address-by-Lesetja-Kganyago-Governor-of-the-South-African-Reserve-Bank-at-the-virtual-100th-anniversary-celebration-of-the-Bank,2021-06-30,-0.5,leaning dovish,True,the SARB responded quickly and aggressively with a broad array of actions to limit the economic damage...through the reduction in the repurchase (repo) rate. The repo rate was cut by a cumulative 275 basis points between March and July 2020
2021-07-28_Address-by-Ms-Fundi-Tshazibana-SARB-DG-at-the-Nelson-Mandela-Bay-2021-Leadership-Summit,2021-07-28,0.1,neutral,False,"Central banking should be a classic case of slow, deliberative thinking, with a medium-term view and logical, evidence-based analysis"
2021-07-30_an-address-by-lesetja-kganyago--governor-of-the-south-african-re,2021-07-30,-0.5,leaning dovish,True,monetary policy may need to retreat from its highly accommodative stance
2021-09-08_A-public-lecture-by-Lesetja-Kganyago-Governor-of-the-SARB-at-Stellenbosch-University,2021-09-08,0.2,leaning hawkish,True,"if we want to keep interest rates low, the most important thing we can do is to lower the inflation target"
2022-04-06_Opening-Address-by-Governor-Lesetja-Kganyago-at-the-Project-Khokha-2-Report-Launch,2022-04-06,0.0,neutral,False,"PK2 was an experimental research project. It followed an exploratory approach, which enabled the PoC to contribute to the complex discussion surrounding tokenisation in financial markets."
2022-04-14_Address-by-Kuben-Naidoo-Deputy-Governor-of-the-SARB-at-the-Mohammad-Karaan-Memorial-Lecture-Stellenbosch-University,2022-04-14,0.1,neutral,False,This speech does not address monetary policy stance
2022-07-25_Keynote-address-by-Lesetja-Kganyago-Governor-of-the-SA-Reserve-Bank-at-the-African-Insurance-Exchange-2022-Annual-Insurance-Conference,2022-07-25,0.3,leaning hawkish,True,"The Monetary Policy Committee has therefore moved to normalise rates, raising the repo rate by a cumulative 200 basis points since November 2021. The Committee will continue to monitor inflation developments closely and respond appropriately to ensure inflation expectations remain relatively anchored."
2022-07-29_An-address-by-Lesetja-Kganyago-Governor-of-the-SARB-at-the-102nd-annual-Ordinary-General-Meeting-of-SARB-shareholders,2022-07-29,1.3,strongly hawkish,True,The MPC will continue to monitor inflation developments closely and will respond appropriately to ensure that inflation expectations remain anchored
2022-08-25_An-address-by-Deputy-Governor-Fundi-Tshazibana-central-banking-in-an-era-of-stagflation-risks,2022-08-25,1.2,strongly hawkish,True,"our policy stance remains accommodative...we would still want to get back to 'normal' interest rates, but there would be less urgency to get there fast"
2022-08-31_Speaking-notes-for-Lesetja-Kganyago-Governor-of-the-South-African-Reserve-Bank-at-the-MPC-Schools-Challenge-Winners-Announcement,2022-08-31,0.0,neutral,False,The main purpose of the MPC Schools Challenge is to promote interest in economics and deepen the understanding of Monetary Policy.
2022-09-06_Keynote-address-by-Dr-Rashad-Cassim-Deputy-Governor-of-the-South-African-Reserve-Bank-at-the-ACI-Financial-Markets-Association-South-Africa,2022-09-06,1.2,strongly hawkish,True,"the supply shocks that are driving inflation are significant, and we are seeing increasing risks of potential second-round effects. This justifies a policy response, rather than no response."
2022-09-28_Address-by-Lesetja-Kganyago-Governor-of-the-SARB-at-CEEF-Africa-event,2022-09-28,1.5,strongly hawkish,True,"Our immediate priority is to guide inflation back towards the middle of our target range. Our larger strategic goal, however, is to undo the error of 20 years ago, when we gave up on lowering the inflation target."
2022-10-10_Remarks-by-Lesetja-Kganyago-Governor-of-the-SARB-at-the-NYSE-JSE-Market-Close-Event,2022-10-10,1.2,strongly hawkish,True,necessitating larger rate hikes to move out of an overly accommodative stance
2022-11-01_Governor-Lesetj-Kganyago-public-lecture-at-the-Wits-School-of-Governance,2022-11-01,1.5,strongly hawkish,True,"we need to continue the normalisation of interest rates, moving them closer to the level that is consistent with more stable inflation rates and sustainable economic growth"
2023-03-07_An-address-by-Lesetja-Kganyago-Governor-of-the-SARB-at-the-Lebanese-Chamber-of-Commerce,2023-03-07,0.7,leaning hawkish,True,the SARB will continue to monitor price developments and act to guide inflation back to the midpoint of the target band over the medium term
2023-03-14_An-address-by-Rashad-Cassim-Deputy-Governor-of-the-SARB-at-the-Central-Banking-Conference,2023-03-14,0.6,leaning hawkish,True,"because we cannot stabilise prices with persistently low or negative real rates, in this scenario there will be more work to do with rate changes, and there are clear risks of adverse developments, which could require further monetary policy action to contain inflation"
2023-03-16_Introductory-remarks-by-Lesetja-Kganyago-Governor-of-the-SARB-at-the-Witwatersrand-dialogue,2023-03-16,0.3,leaning hawkish,True,Worldwide inflation pressures have forced monetary policy normalisation. Policy rates increased quickly as central banks realised that what was thought to be the transitory inflationary shocks are not so transitory and there are strong second round effects.
2023-04-05_Address-by-Lesetja-Kganyago-SARB-Governor-at-the-American-Chamber-of-Commerce,2023-04-05,1.2,strongly hawkish,True,our primary goal as a central bank is to anchor inflation expectations and to reduce the extent to which higher inflation does spill over into pricing behaviour in the following year... this cannot preclude further steps if inflation and inflation expectations continue to surprise higher
2023-04-11_Speech-by-Governor-Lesetja-Kganyago-at-the-Peterson-Institute-for-International-Economics,2023-04-11,0.7,leaning hawkish,True,real rate levels are barely positive and still negative in much of the world
2023-04-19_Remarks-by-Dr-Rashad-Cassim-Deputy-Governor-of-the-South-African-Reserve-Bank-at-the-Market-Practitioners-Group-Conference,2023-04-19,0.0,neutral,False,"The objective of this conference is to bring together all the pieces of work into a coherent strategy, and to give you a clear picture of what the MPG is aiming to achieve and the direction in which we are moving."
2023-05-04_An-address-by-Lesetja-Kganyago-SARB-Governor-at-the-launch-of-the-upgraded-banknotes-and-coin,2023-05-04,0.0,neutral,False,the primary object of the South African Reserve Bank is protect the value of the currency in the interest of balanced and sustainable economic growth
2023-05-10_Keynote-address-by-Rashad-Cassim-Deputy-Governor-of-the-SARB-at-the-CFA-Society-South-Africa-and-Investec-Breakfast-Conversation,2023-05-10,0.0,neutral,False,monetary policy implementation is generally one of those things that works best when most people don't have to worry about it
2023-05-10_Speech-by-Governor-Kganyago-at-The-University-of-Johannesburg,2023-05-10,1.2,strongly hawkish,True,"the SARB's Monetary Policy Committee has had to act decisively to prevent inflation expectations from de-anchoring more permanently. Over the past 18 months, the repo rate has been raised by a cumulative 425 basis points"
2023-07-11_Governor-Lesetja-Kganyago-at-the-International-Monetary-Funds-2023-Michel-Camdessus-Central-Banking-Lecture-in-Washington-DC1,2023-07-11,0.1,neutral,False,"With too much borrowing, not much domestic saving and limited non-resident appetite for our assets, interest rates must rise to restore balance. The alternative is an inflationary balance of payments problem, which is plainly against the South African Reserve Bank's mandate."
2023-07-11_Speech-by-Governor-Lesetja-Kganyago-at-the-International-Monetary-Funds-2023-Michel-Camdessus-Central-anking,2023-07-11,0.1,neutral,False,"interest rates must rise to restore balance. The alternative is an inflationary balance of payments problem, which is plainly against the South African Reserve Bank's mandate"
2023-07-28_Anaddress-by-Lesetja-Kganyago-Governor-of-the-South-African-Reserve-Bank-SARB-at-the-103rd-annual-Ordinary-General-Meeting-of-the-SARB-shareholders,2023-07-28,1.2,strongly hawkish,True,Monetary policy continues to remain focused on returning inflation to 4.5% over the medium term
2023-08-15_Governor-Kganyago-speaking-notes-at-the-MPC-Schools-Challenge-Winners-Announcement,2023-08-15,0.0,neutral,False,The MPC Schools Challenge is the SARB's flagship social investment programme aimed at broadening Grade 12 learners' understanding of monetary policy and the critical role the SARB plays in the economy.
2023-09-05_An-address-by-Lesetja-Kganyago-Governor-of-the-South-African-Reserve-Bank-at-the-University-of-Limpopo,2023-09-05,1.2,strongly hawkish,True,"monetary policy in South Africa is now considered restrictive... the committee will continue to assess inflation developments, and will act appropriately to steer inflation to the midpoint of the 3–6% target band"
2023-10-19_Speech-by-Lesetja-Kganyago-Governor-of-the-South-African-Reserve-Bank-at-the-Nelson-Mandela-University,2023-10-19,0.0,neutral,False,"Central banks have an important role to play in the climate transition. It is to maintain financial and price stability, produce analytical work to support policy making and address financial market data gaps."
2023-11-17_An-address-by-Fundi-Tshazibana-Deputy-governor-of-the-SARB-at-the-Central-Bank-of-Eswatini,2023-11-17,0.3,leaning hawkish,True,Controlling inflation is not negotiable
2023-12-01_An-address-by-Fundi-Tshazibana-Deputy-Governor-of-the-South-African-Reserve-Bank-at-the-South-Africa-Year-Ahead-Conference-2023-Bank-of-America-Securities,2023-12-01,1.2,strongly hawkish,True,"the underlying drivers of interest rates are going up. To maintain the value of the currency – that is, to stabilise inflation – actual rates must rise too"
2023-12-20_Honorary-Doctorate-in-Commerce-bestowed-on-South-African-Reserve-Bank-Deputy-Governor-and-Chief-Executive-Officer-of-the-Prudential-Authority-Fundi-Tshazibana,2023-12-20,0.0,neutral,False,"there is something I do not know, the knowing of which could change everything"
2024-02-06_Speech-by-SARB-Governor-at-the-INCA-Capacity-Building-Fund-Summer-School,2024-02-06,0.2,leaning hawkish,False,"High municipal inflation eats away the incomes of our people, keeps our inflation rate elevated, and makes it harder for us to lower interest rates"
2024-03-06_Remarks-by-Rashad-Cassim-Deputy-Governor-of-the-South-African-Reserve-Bank-at-the-Annual-Financial-Markets-Cocktail-Function,2024-03-06,0.1,neutral,False,central banks then need adequate capital buffers
2024-03-13_Keynote-address-by-Lesetja-Kganyago-Governor-of-the-SARB-at-the-FSCA-Industry-wide-Conference-2024,2024-03-13,0.1,neutral,False,financial stability and conduct issues are ultimately connected. A system rife with misconduct will also become unstable.
2024-04-25_Speech-by-Lesetja-Kganyago-Governor-of-the-South-African-Reserve-Bank-at-the-launch-of-the-Corporation-for-Deposit-Insurance,2024-04-25,0.1,neutral,False,"the Reserve Bank has a mandate for financial stability, and with the introduction of deposit insurance today we take a step forward to make the financial system even safer"
2024-04-25_Speech-by-Sabihah-Mohamed-CEO-of-the-Corporation-for-Deposit-Insurance-at-the-launch,2024-04-25,0.0,neutral,False,"CODI becoming operational this month, marks the culmination of years of hard work and collaboration with policymakers, lawmakers, regulatory authorities, industry bodies and our member banks."
2024-05-07_An-address-by-Lesetja-Kganyago-SARB-Governor-at-the-memorial-service-for-the-late-Dr-Sam-Motsuenyane,2024-05-07,0.0,neutral,False,Honouring the life and legacy of a doyen of black business
2024-06-25_Barriers-Opportunities-and-Implications-for-Financial-Stability-and-Supervision,2024-06-25,0.0,neutral,False,Central banks and financial regulators have an important role in ensuring that the financial system is resilient to shocks and scales up fundings
2024-07-30_agm-address-by-lesetja-kganyago,2024-07-30,0.3,leaning hawkish,True,the Monetary Policy Committee (MPC) has felt it appropriate to maintain the repurchase (repo) rate at 8.25% – a level set in May of 2023
2024-08-15_governor-lesetja-kganyago-public-lecture-at-the-university-of-the-free-state,2024-08-15,0.3,leaning hawkish,True,inflation is a very serious problem
2024-08-21_keynote-address-by-deputy-governor-rashaad-cassim-at-the-2024-ma,2024-08-21,0.0,neutral,False,"the upcoming transition of the Johannesburg Interbank Average Rate, commonly known as Jibar, to ZARONIA"
2024-09-05_speaking-notes-for-rashad-cassim-deputy-governor-of-the-sarb-at-the-payments-study-report-launch,2024-09-05,0.0,neutral,False,This study is one of our initiatives to better understand the payment system landscape in South Africa
2024-10-02_opening-address-sarb-governor-at-the-2024-payments-conference,2024-10-02,0.1,neutral,False,"Often, I am in the position of explaining that the South African Reserve Bank (SARB) makes its main contributions to supporting inclusive growth by providing price and financial stability, and that we need to keep doing what we're doing rather than making radical changes."
2024-10-17_sarb-governor-lesetja-kganyago-stellenbosch-university-special-guest-lecture,2024-10-17,0.3,leaning hawkish,True,We have an opportunity to achieve permanently lower inflation and therefore permanently lower interest rates... a lower target could be achieved at little cost
2024-11-07_lesetja-kganyago-tito-mboweni-tribute,2024-11-07,0.0,neutral,False,"Policy is about people. And when it comes to enacting policy, there is little room for errors – there is cause and effect."
2025-02-13_institutions-leadership-and-populism,2025-02-13,0.1,neutral,False,the populist charge is dangerous and pervasive. Complacent institutions that do not engage the public effectively are going to be vulnerable. Our best defences are honesty with the public and excellence in pursuing our mandates.
2025-04-22_kganyago-g20-challenges,2025-04-22,0.0,neutral,False,"The focus of my talk is the Group of Twenty (G20), for which South Africa currently has the presidency."
2025-05-06_address-by-lesetja-kganyago-governor-of-the-sarb-at-alter-sisulu-university-komani-campus,2025-05-06,0.0,neutral,False,academic freedom means having the right to seek the truth and to uncover that truth
2025-06-20_lesetja-kganyago---students-and-universities-as-catalysts-for-ch,2025-06-20,0.0,neutral,False,"As incubators of knowledge, critical thinking and social change, universities are crucial to our future."
2025-08-08_kganyago-address-agm-105,2025-08-08,-0.7,leaning dovish,True,"To the extent that inflation settles at 3%, and that inflation expectations continue their move lower, the Bank's forecasting model shows lower interest rates if inflation remains contained at current levels."
2025-08-12_lesetja-kganyago-price-stability,2025-08-12,0.8,strongly hawkish,True,"a lower inflation target and fiscal policy that firmly prioritises debt stabilisation, we could achieve sustainably lower interest rates"
2025-08-27_tshazibana-ai-sa,2025-08-27,0.0,neutral,False,"The views I share today are intended to stimulate dialogue and reflection. They do not represent official policy positions of the central bank, nor do they constitute regulatory guidance."
2025-09-04_cassim-fmd-cocktail,2025-09-04,0.1,neutral,False,"the MPIF reform has enhanced policy transmission and financial stability, making the system more robust"
2025-09-25_kganyago-global-challenges,2025-09-25,1.5,strongly hawkish,True,"We do not need deregulation. Instead, we can regulate more smartly, but the risk environment requires us to step up, not step back."
2025-10-10_kganyago-rates-tariffs,2025-10-10,0.3,leaning hawkish,False,we expressed a preference for inflation to settle at the bottom of our 3−6% target range...our inflation rate is out of line with our peers and competitors...this range is too high and too broad
2025-10-15_tshazibana-financial-climate-policy,2025-10-15,0.1,neutral,False,"Central banks have important roles to play in a country's climate strategy, but they are indirect roles aimed at strengthening the long-term financial resilience of the economy, instead of modifying central banks' direct short-term inflation targeting measures."
2025-10-20_tshazibana-supervisory-leadership,2025-10-20,0.0,neutral,False,"Leading with vision, empathy and adaptability: The mandate of supervisory leadership"
2025-10-23_kganyago-cross-border-payments,2025-10-23,0.0,neutral,False,"Cross-border payments are the lifeblood of international trade, investment, capital and remittance flows and economic integration."
2025-11-11_kganyago-techsprint,2025-11-11,0.1,neutral,False,Our comparative advantage is really about managing the macroeconomic and regulatory environments in which households and firms can thrive
2025-11-27_tshazibana-aacb-green-finance,2025-11-27,0.0,neutral,False,the answer does not lie in central banks stepping in to directly provide funding and supplanting market mechanisms
2025-12-03_cassim-mpg-jibar,2025-12-03,0.0,neutral,False,this Market Practitioners Group (MPG) was established primarily to develop new reference rates for South Africa
2026-03-11_tshazibana-ngfs,2026-03-11,0.1,neutral,False,"geoeconomic fragmentation and the green transition ‒ compounded by more frequent and severe climate events ‒ act as persistent supply shocks. These shifts heighten the volatility of the economic environment, complicating the traditional central bank mandate of balancing the need to anchor inflation expectations against the necessity of supporting sustainable economic growth"
2026-05-04_kganyago-rhodes,2026-05-04,0.6,leaning hawkish,True,"Given the risks to inflation and the uncertainty, it makes sense for us to keep our options open. In our next few meetings, we will have to make tough decisions about whether second-round effects are coming or whether we have enough space to look through."
2026-05-06_kganyago-global-resilience,2026-05-06,0.3,leaning hawkish,True,"What we can do, however, is manage expectations, to ensure that inflation comes back to target when the shock has passed. This requires clear communication, and it may also entail timely moves in interest rates. Of course, it is not desirable to put the economy under more pressure, but we need to keep our options open."
2026-05-08_tshazibana-finance-regulation-ai,2026-05-08,0.0,neutral,False,My talk today is about how artificial intelligence (AI) is changing the way we look at the financial world
2026-06-02_kganyago-ber-supply-shocks,2026-06-02,1.5,strongly hawkish,True,"We reached a judgement that, with the size of the oil shock as well as spillovers to food prices from higher diesel and fertiliser costs, second-round effects are developing, and we should tackle them... By changing rates, we hope to send a clear and credible signal that we will keep inflation under control."
2026-06-09_cassim-gibs,2026-06-09,0.0,neutral,False,The purpose of this speech is to tell that story... how to support innovation while protecting stability and the public interest
2026-06-19_kganyago-museum-head-office,2026-06-19,0.0,neutral,False,"This museum is one way for us to build that understanding...It is a custodian of memory – holding our stories, preserving our history"
2026-06-23_kganyago-leadership,2026-06-23,0.1,neutral,False,Higher inflation raises borrowing costs – not because the SARB has changed the policy rate but because lenders demand compensation for the higher inflation they expect
2026-06-24_cassim-yield-curve,2026-06-24,-0.3,leaning dovish,True,"Anchoring inflation expectations close to 3% will allow us to set lower short-term rates, probably closer to 6% than 7%"
2026-07-09_kganyago-diplomats,2026-07-09,0.3,leaning hawkish,True,"Our judgement in raising rates at that May meeting was that we needed to act so that inflation could return to target over time, rather than getting stuck above 3%"
