meeting_date,title,policy_rate_final,rate_action_final,in_scope_inflation_targeting,henry_index,henry_hawkish_count,henry_dovish_count,henry_total_words,henry_hawkish_hits,henry_dovish_hits
1999-10-13,1999-10-13: Statement released by the SA Reserve Bank after the deliberations at the First meeting of the Bank's Monetary Policy Committee,,,False,0.6286,92,48,3585,"{""improved"": 10, ""more"": 14, ""growth"": 22, ""strong"": 2, ""increase"": 8, ""positive"": 2, ""up"": 2, ""rise"": 8, ""increased"": 10, ""higher"": 2, ""expanded"": 2, ""rising"": 2, ""larger"": 2, ""rose"": 2, ""risen"": 2, ""improvements"": 2}","{""less"": 2, ""falling"": 2, ""low"": 4, ""negative"": 2, ""down"": 4, ""declined"": 4, ""decline"": 10, ""lower"": 4, ""declining"": 8, ""weak"": 4, ""decreased"": 2, ""dropped"": 2}"
1999-10-13,"1999-10-13: Opening statement by Mr Tito Mboweni, Governor of the South African Reserve Bank, at the inaugural meeting of the Monetary Policy Committee (MPC)",,,False,0.7879,46,20,2263,"{""better"": 2, ""certain"": 2, ""good"": 2, ""more"": 2, ""growth"": 16, ""risen"": 4, ""high"": 2, ""rise"": 2, ""rising"": 2, ""higher"": 2, ""up"": 6, ""increased"": 2, ""rose"": 2}","{""down"": 2, ""dropped"": 2, ""declined"": 2, ""weakened"": 2, ""fallen"": 6, ""falling"": 2, ""below"": 2, ""weak"": 2}"
1999-11-24,"1999-11-24: Statement of the Monetary Policy Committee : detailed assessment of international economic conditions, domestic economic developments and the monetary policy stance",,,False,0.5581,110,62,3848,"{""growth"": 20, ""high"": 2, ""increase"": 16, ""most"": 4, ""higher"": 4, ""opportunities"": 2, ""up"": 2, ""rise"": 6, ""positive"": 2, ""more"": 12, ""good"": 2, ""increased"": 6, ""rose"": 4, ""rising"": 4, ""increases"": 2, ""improved"": 6, ""grow"": 2, ""above"": 6, ""progress"": 4, ""improvements"": 2, ""improvement"": 2}","{""decline"": 18, ""under"": 2, ""low"": 6, ""challenge"": 2, ""decrease"": 6, ""down"": 4, ""declined"": 6, ""smaller"": 4, ""lower"": 2, ""dropped"": 2, ""fall"": 2, ""below"": 2, ""risk"": 2, ""decreased"": 2, ""less"": 2}"
1999-11-24,"1999-11-24: Opening statement by Mr Tito Mboweni, Governor of the South African Reserve Bank, at the second meeting of the Monetary Policy Committee (MPC), Pretoria",,,False,0.5263,24,14,1600,"{""most"": 2, ""better"": 2, ""increases"": 2, ""growth"": 10, ""encouraging"": 2, ""positive"": 2, ""up"": 2, ""strongest"": 2}","{""falling"": 2, ""fall"": 2, ""decline"": 4, ""risks"": 2, ""declining"": 2, ""down"": 2}"
2000-01-13,2000-01-13: Statement of the Monetary Policy Committee : detailed assessment of changes in general economic conditions,,,False,1.0435,140,44,4178,"{""improved"": 8, ""growth"": 18, ""higher"": 4, ""increased"": 6, ""above"": 4, ""improvement"": 6, ""rise"": 12, ""increase"": 30, ""rising"": 2, ""increasing"": 6, ""rose"": 10, ""increases"": 12, ""high"": 2, ""more"": 4, ""most"": 6, ""strong"": 2, ""strengthened"": 2, ""positive"": 4, ""successful"": 2}","{""under"": 2, ""low"": 4, ""declined"": 8, ""decreases"": 2, ""fall"": 2, ""below"": 6, ""decline"": 4, ""decreased"": 6, ""depressed"": 2, ""less"": 2, ""lower"": 2, ""deteriorated"": 2, ""smaller"": 2}"
2000-02-22,2000-02-22: Postponement of the Monetary Policy Committee Meeting,,,True,0.0,0,0,251,{},{}
2000-03-02,2000-03-02: Statement of the Monetary Policy Committee : main conclusions,,,True,0.9302,126,46,4068,"{""positive"": 4, ""growth"": 16, ""most"": 2, ""increased"": 26, ""rising"": 2, ""higher"": 8, ""up"": 6, ""above"": 2, ""more"": 12, ""rose"": 8, ""increases"": 6, ""increase"": 16, ""rise"": 4, ""strengthening"": 2, ""high"": 4, ""record"": 2, ""improved"": 4, ""strength"": 2}","{""below"": 2, ""fallen"": 2, ""under"": 4, ""lower"": 4, ""declined"": 6, ""decline"": 10, ""depressed"": 2, ""low"": 10, ""down"": 4, ""declining"": 2}"
2000-03-20,2000-03-20: Statement issued by the South African Reserve Bank after the first Monetary Policy Forum,,,True,1.1304,36,10,1198,"{""growing"": 2, ""grew"": 2, ""exceeded"": 2, ""high"": 6, ""more"": 4, ""increase"": 2, ""grow"": 2, ""growth"": 6, ""improve"": 2, ""positive"": 2, ""record"": 2, ""certain"": 2, ""certainty"": 2}","{""decline"": 2, ""lower"": 2, ""negative"": 4, ""deteriorating"": 2}"
2000-04-06,2000-04-06: Statement of the Monetary Policy Committee : discussed in some detail recent international and domestic economic developments and the current monetary policy stance,,hold,True,0.7974,214,92,6260,"{""growth"": 42, ""positive"": 4, ""high"": 32, ""increase"": 24, ""improve"": 4, ""higher"": 12, ""good"": 4, ""above"": 4, ""rose"": 4, ""up"": 2, ""more"": 20, ""best"": 2, ""increases"": 22, ""increased"": 4, ""rising"": 6, ""expansion"": 2, ""expand"": 2, ""strengthened"": 2, ""record"": 2, ""rise"": 2, ""strong"": 2, ""achievement"": 4, ""achieved"": 6, ""leading"": 2, ""certain"": 2, ""definite"": 2}","{""low"": 12, ""negative"": 4, ""down"": 6, ""weakened"": 6, ""declined"": 14, ""decline"": 6, ""less"": 6, ""deteriorated"": 2, ""under"": 4, ""fell"": 2, ""decreased"": 2, ""uncertainty"": 2, ""failure"": 4, ""fail"": 4, ""risk"": 4, ""uncertain"": 4, ""fall"": 2, ""difficult"": 4, ""risks"": 4}"
2000-05-19,2000-05-19: Statement of the Monetary Policy Committee : made a detailed assessment of recent economic and financial market developments,,,True,1.0515,148,46,4137,"{""strong"": 8, ""growth"": 24, ""rise"": 6, ""rising"": 8, ""higher"": 12, ""increased"": 10, ""good"": 6, ""record"": 2, ""high"": 2, ""expanded"": 2, ""increases"": 10, ""rose"": 8, ""increase"": 16, ""up"": 8, ""strengthened"": 2, ""more"": 8, ""better"": 2, ""strength"": 2, ""improvements"": 2, ""best"": 2, ""solid"": 2, ""progress"": 2, ""stronger"": 2, ""above"": 2}","{""decline"": 8, ""low"": 6, ""decreases"": 2, ""weak"": 2, ""down"": 4, ""declined"": 4, ""declining"": 2, ""fell"": 2, ""weakening"": 2, ""decreased"": 4, ""less"": 2, ""under"": 2, ""lower"": 2, ""decrease"": 2, ""risk"": 2}"
2000-06-15,2000-06-15: Statement of the Monetary Policy Committee : analysed recent international and domestic economic developments and reviewed the monetary policy stance,,,True,0.5688,140,78,4079,"{""growth"": 40, ""leading"": 2, ""increase"": 12, ""higher"": 8, ""rose"": 6, ""increased"": 8, ""strong"": 4, ""increases"": 16, ""most"": 4, ""rising"": 2, ""high"": 6, ""improved"": 2, ""good"": 2, ""rise"": 6, ""expanded"": 2, ""up"": 8, ""strength"": 2, ""more"": 2, ""above"": 4, ""increasing"": 2, ""positive"": 2}","{""down"": 6, ""decline"": 10, ""declining"": 2, ""declined"": 20, ""lower"": 12, ""decrease"": 2, ""weakened"": 4, ""fall"": 2, ""below"": 2, ""smaller"": 6, ""low"": 2, ""under"": 4, ""weakness"": 4, ""risks"": 2}"
2000-08-11,2000-08-11: Statement of the Monetary Policy Committee : reviewed economic conditions and the monetary policy stance,,,True,0.9053,138,52,3746,"{""growth"": 22, ""improved"": 4, ""strong"": 12, ""rose"": 6, ""increases"": 6, ""more"": 8, ""higher"": 2, ""above"": 8, ""grew"": 4, ""stronger"": 2, ""improve"": 2, ""increase"": 20, ""expanded"": 2, ""grown"": 2, ""solid"": 2, ""expand"": 2, ""increased"": 12, ""up"": 2, ""positive"": 4, ""rising"": 2, ""increasing"": 2, ""strengthened"": 2, ""high"": 2, ""improvement"": 4, ""leading"": 2, ""rise"": 2}","{""under"": 2, ""weak"": 4, ""declined"": 16, ""lower"": 4, ""decline"": 2, ""least"": 2, ""low"": 6, ""depressed"": 2, ""decrease"": 2, ""deteriorated"": 4, ""falling"": 2, ""below"": 4, ""down"": 2}"
2000-09-21,2000-09-21: Statement of the Monetary Policy Committee : reviewed international and domestic economic conditions and the monetary policy stance,,,True,0.7213,166,78,3943,"{""increase"": 42, ""increases"": 8, ""above"": 2, ""growth"": 34, ""rise"": 6, ""most"": 6, ""up"": 12, ""grew"": 4, ""stronger"": 4, ""leading"": 2, ""increased"": 10, ""higher"": 4, ""improvement"": 2, ""rising"": 2, ""strong"": 2, ""more"": 4, ""expansion"": 2, ""high"": 6, ""larger"": 2, ""rose"": 4, ""strengthened"": 2, ""strength"": 2, ""improved"": 4}","{""falling"": 2, ""below"": 2, ""low"": 8, ""down"": 4, ""less"": 2, ""decline"": 10, ""weak"": 2, ""difficult"": 4, ""declining"": 4, ""declines"": 4, ""declined"": 16, ""lower"": 4, ""uncertainty"": 2, ""smaller"": 2, ""decrease"": 6, ""under"": 2, ""weakness"": 4}"
2000-10-16,2000-10-16: Statement of the Monetary Policy Committee : to review the effect of recent developments on the outlook for inflation in South Africa,,hike,True,1.2727,18,4,635,"{""high"": 4, ""strength"": 2, ""increases"": 4, ""higher"": 2, ""increase"": 6}","{""risk"": 2, ""under"": 2}"
2000-11-16,2000-11-16: Statement of the Monetary Policy Committee : reviewed current and likely future economic developments to arrive at a decision regarding the monetary policy stance,,,True,0.8679,152,60,3963,"{""above"": 2, ""increase"": 26, ""higher"": 4, ""increased"": 14, ""rose"": 16, ""growth"": 30, ""high"": 8, ""most"": 4, ""increases"": 12, ""rise"": 8, ""up"": 6, ""strong"": 4, ""more"": 8, ""positive"": 4, ""stronger"": 2, ""leading"": 2, ""improvement"": 2}","{""uncertainty"": 2, ""down"": 6, ""decline"": 6, ""downturn"": 2, ""negative"": 2, ""under"": 4, ""lower"": 6, ""below"": 4, ""decreased"": 4, ""low"": 6, ""declining"": 2, ""declined"": 8, ""weakening"": 2, ""less"": 2, ""weakness"": 2, ""risks"": 2}"
2001-01-19,2001-01-19: Statement of the Monetary Policy Committee : reviewed current and likely future economic developments in order to evaluate the monetary policy stance.,,,True,0.7107,164,78,4391,"{""more"": 4, ""growth"": 40, ""record"": 4, ""increase"": 26, ""highest"": 2, ""strengthening"": 2, ""increasing"": 2, ""high"": 10, ""achievement"": 2, ""higher"": 12, ""most"": 2, ""better"": 2, ""improvement"": 4, ""positive"": 6, ""strong"": 8, ""rise"": 10, ""leading"": 2, ""greater"": 2, ""strengthen"": 2, ""improvements"": 2, ""risen"": 2, ""up"": 2, ""above"": 4, ""rose"": 6, ""increased"": 2, ""encouraging"": 2, ""increases"": 2}","{""declined"": 14, ""downturn"": 4, ""lower"": 16, ""down"": 4, ""below"": 2, ""obstacles"": 2, ""negative"": 2, ""weakened"": 2, ""decline"": 6, ""weakness"": 4, ""under"": 4, ""fall"": 2, ""low"": 4, ""weakening"": 2, ""decreased"": 2, ""fell"": 4, ""less"": 2, ""threat"": 2}"
2001-03-16,2001-03-16: Statement of the Monetary Policy Committee : reviewed current and likely future economic developments to evaluate the monetary policy stance,,,True,0.6154,136,72,4035,"{""strong"": 12, ""growth"": 22, ""more"": 8, ""stronger"": 4, ""increase"": 28, ""increased"": 2, ""rising"": 4, ""rise"": 6, ""achieve"": 2, ""higher"": 2, ""up"": 10, ""increases"": 6, ""improvement"": 4, ""high"": 8, ""expanded"": 2, ""increasing"": 2, ""record"": 4, ""rose"": 2, ""above"": 4, ""strength"": 2, ""improved"": 2}","{""down"": 14, ""less"": 2, ""weak"": 4, ""downturn"": 2, ""below"": 2, ""decline"": 8, ""low"": 10, ""lower"": 8, ""decreasing"": 2, ""weakness"": 2, ""fall"": 2, ""under"": 2, ""decreases"": 2, ""worsening"": 2, ""fell"": 2, ""declined"": 6, ""falls"": 2}"
2001-04-25,2001-04-25: Statement of the Monetary Policy Committee evaluated the monetary policy stance,,,True,0.4865,138,84,3775,"{""growth"": 26, ""rose"": 8, ""rise"": 6, ""most"": 4, ""strong"": 6, ""high"": 14, ""exceeded"": 2, ""increase"": 22, ""above"": 2, ""increasing"": 2, ""higher"": 8, ""record"": 6, ""opportunities"": 2, ""growing"": 2, ""increases"": 6, ""expansion"": 4, ""more"": 2, ""strengthen"": 2, ""better"": 2, ""up"": 2, ""improved"": 2, ""improvement"": 4, ""strength"": 2, ""achieving"": 2}","{""downturn"": 4, ""declined"": 14, ""under"": 4, ""lower"": 16, ""decline"": 6, ""negative"": 2, ""weakness"": 2, ""fall"": 6, ""decrease"": 4, ""declines"": 2, ""difficult"": 2, ""challenge"": 2, ""decreased"": 4, ""low"": 6, ""smaller"": 4, ""less"": 2, ""down"": 2, ""risk"": 2}"
2001-06-14,2001-06-14: Statement of the Monetary Policy Committee : analysed international and domestic economic developments in order to evaluate the monetary policy stance,,,True,0.6207,152,80,4512,"{""growth"": 36, ""higher"": 8, ""more"": 8, ""rise"": 8, ""leading"": 2, ""above"": 4, ""increase"": 16, ""most"": 8, ""increased"": 14, ""high"": 4, ""increases"": 14, ""rose"": 4, ""improving"": 2, ""strong"": 4, ""largest"": 2, ""exceeding"": 2, ""increasing"": 2, ""improved"": 2, ""improvement"": 2, ""exceeded"": 2, ""expand"": 2, ""rises"": 2, ""stronger"": 2, ""greater"": 2}","{""decline"": 8, ""weak"": 2, ""declined"": 16, ""lowest"": 2, ""lower"": 4, ""downturn"": 2, ""decreased"": 6, ""down"": 12, ""decrease"": 2, ""risks"": 6, ""below"": 10, ""low"": 2, ""under"": 2, ""fell"": 2, ""declining"": 4}"
2001-07-26,2001-07-26: Statement of the Monetary Policy Committee : made a detailed analysis of recent economic developments to decide on the most appropriate monetary policy stance,,cut,True,0.19,121,100,4137,"{""most"": 15, ""growth"": 24, ""increase"": 32, ""more"": 8, ""high"": 6, ""increased"": 18, ""positive"": 2, ""encouraging"": 2, ""rise"": 2, ""solid"": 2, ""better"": 2, ""improved"": 2, ""larger"": 2, ""strong"": 2, ""rising"": 2}","{""declined"": 22, ""down"": 16, ""fell"": 4, ""declines"": 2, ""decline"": 20, ""below"": 6, ""fall"": 4, ""decrease"": 2, ""risk"": 2, ""decreased"": 2, ""lower"": 8, ""threat"": 4, ""less"": 4, ""low"": 4}"
2001-09-20,2001-09-20: Statement of the Monetary Policy Committee : evaluated the monetary policy stance,9.5,cut,True,0.6667,148,74,4325,"{""growth"": 32, ""risen"": 2, ""highest"": 2, ""rise"": 6, ""rose"": 10, ""increased"": 12, ""better"": 2, ""most"": 4, ""improved"": 2, ""higher"": 8, ""high"": 12, ""increase"": 22, ""strong"": 4, ""up"": 4, ""strength"": 2, ""solid"": 2, ""more"": 4, ""greater"": 4, ""exceeded"": 2, ""increases"": 6, ""delivered"": 2, ""rising"": 2, ""rises"": 2}","{""lower"": 4, ""negative"": 8, ""disappointing"": 2, ""fell"": 2, ""below"": 4, ""smaller"": 2, ""decline"": 10, ""declined"": 10, ""weakness"": 2, ""down"": 8, ""low"": 8, ""declining"": 2, ""lowest"": 2, ""threats"": 2, ""decrease"": 2, ""declines"": 2, ""fall"": 2, ""risks"": 2}"
2001-11-15,2001-11-15: Statement of the Monetary Policy Committee : assessed recent international and domestic economic developments to decide on the appropriate monetary policy stance.,,,True,0.2256,148,118,4761,"{""most"": 10, ""more"": 12, ""rise"": 8, ""growth"": 30, ""grown"": 2, ""up"": 8, ""increased"": 6, ""rose"": 8, ""increase"": 24, ""strong"": 8, ""increases"": 14, ""higher"": 8, ""high"": 2, ""record"": 2, ""improved"": 2, ""highest"": 2, ""exceeds"": 2}","{""downturn"": 12, ""deteriorated"": 2, ""depressed"": 2, ""declined"": 12, ""negative"": 8, ""risk"": 4, ""decrease"": 2, ""dropped"": 2, ""lowest"": 4, ""down"": 8, ""decline"": 22, ""low"": 6, ""difficult"": 2, ""lower"": 16, ""less"": 4, ""weakness"": 2, ""fell"": 2, ""below"": 4, ""weak"": 2, ""falls"": 2}"
2002-01-15,2002-01-15: Statement of the Monetary Policy Committee: to discuss the appropriate monetary policy stance in view of the effects of recent economic developments on the outlook for inflation,10.5,hike,True,2.0,4,0,439,"{""increase"": 2, ""increases"": 2}",{}
2002-03-14,2002-03-14: Statement of the Monetary Policy Committee,11.5,hike,True,1.4286,108,18,2244,"{""up"": 6, ""increases"": 6, ""rose"": 8, ""increase"": 24, ""more"": 6, ""good"": 2, ""increased"": 4, ""rise"": 6, ""higher"": 8, ""growth"": 20, ""strong"": 4, ""improvement"": 2, ""most"": 2, ""rising"": 2, ""high"": 8}","{""below"": 2, ""declined"": 2, ""weakness"": 2, ""negative"": 6, ""less"": 2, ""decline"": 2, ""down"": 2}"
2002-06-13,2002-06-13: Statement of the Monetary Policy Committee,12.5,hike,True,1.3684,128,24,2852,"{""increased"": 8, ""rising"": 6, ""increases"": 18, ""increase"": 20, ""rose"": 10, ""more"": 10, ""certain"": 2, ""higher"": 8, ""exceeding"": 2, ""high"": 16, ""stronger"": 4, ""improvement"": 2, ""positive"": 2, ""greater"": 2, ""growth"": 10, ""expansion"": 4, ""up"": 2, ""rise"": 2}","{""risks"": 8, ""decline"": 6, ""below"": 4, ""low"": 2, ""down"": 2, ""declined"": 2}"
2002-09-12,2002-09-12: Statement of the Monetary Policy Committee,13.5,hike,True,1.4286,120,20,2888,"{""increase"": 26, ""increased"": 14, ""more"": 4, ""rose"": 6, ""high"": 8, ""rise"": 6, ""up"": 2, ""increases"": 18, ""strengthening"": 2, ""above"": 2, ""growth"": 16, ""higher"": 6, ""expansion"": 4, ""exceed"": 2, ""strengthened"": 2, ""grow"": 2}","{""declined"": 2, ""decline"": 4, ""weakness"": 2, ""risk"": 2, ""lower"": 2, ""less"": 2, ""down"": 2, ""fell"": 2, ""decreased"": 2}"
2002-11-28,2002-11-28: Statement of the Monetary Policy Committee,13.5,hold,True,1.0,84,28,2294,"{""increase"": 18, ""more"": 4, ""above"": 2, ""rising"": 2, ""rose"": 2, ""increases"": 12, ""growth"": 14, ""strengthening"": 2, ""improvement"": 2, ""most"": 4, ""higher"": 6, ""high"": 10, ""increased"": 2, ""grow"": 2, ""strong"": 2}","{""decreasing"": 2, ""down"": 4, ""lower"": 4, ""weak"": 2, ""decline"": 4, ""dropped"": 2, ""declined"": 2, ""fell"": 2, ""below"": 2, ""less"": 2, ""risks"": 2}"
2003-03-20,2003-03-20: Statement of the Monetary Policy Committee,13.5,hold,True,0.8919,214,82,5558,"{""improve"": 2, ""more"": 16, ""achieve"": 4, ""increase"": 52, ""above"": 6, ""rise"": 14, ""increased"": 14, ""higher"": 14, ""leading"": 4, ""increases"": 18, ""high"": 18, ""rose"": 6, ""growth"": 22, ""rising"": 2, ""improved"": 6, ""up"": 2, ""good"": 2, ""certain"": 2, ""improvement"": 2, ""achieved"": 2, ""most"": 2, ""strong"": 2, ""opportunity"": 2}","{""under"": 4, ""fall"": 2, ""declined"": 12, ""weakness"": 4, ""declines"": 2, ""risk"": 8, ""less"": 4, ""lower"": 6, ""difficult"": 2, ""down"": 6, ""negative"": 4, ""least"": 2, ""weakening"": 4, ""decline"": 8, ""low"": 2, ""risks"": 8, ""uncertainty"": 2, ""below"": 2}"
2003-06-12,2003-06-12: Statement of the Monetary Policy Committee,12.0,cut,True,-0.1176,80,90,3492,"{""increase"": 14, ""increased"": 12, ""more"": 4, ""improved"": 2, ""growth"": 22, ""up"": 2, ""improvement"": 2, ""higher"": 2, ""succeeded"": 2, ""rose"": 2, ""rise"": 2, ""increases"": 4, ""high"": 4, ""positive"": 2, ""progress"": 2, ""achieved"": 2}","{""declined"": 18, ""down"": 4, ""low"": 12, ""fell"": 2, ""decline"": 12, ""lower"": 8, ""below"": 8, ""weak"": 2, ""smaller"": 2, ""dropped"": 2, ""decrease"": 2, ""decreased"": 2, ""risks"": 6, ""risk"": 4, ""depressed"": 2, ""fall"": 2, ""uncertain"": 2}"
2003-08-14,2003-08-14: Statement of the Monetary Policy Committee,11.0,cut,True,0.4471,104,66,3184,"{""above"": 6, ""accomplishment"": 2, ""increase"": 20, ""grow"": 2, ""growth"": 14, ""increased"": 4, ""more"": 8, ""high"": 12, ""rose"": 6, ""rise"": 2, ""most"": 4, ""rising"": 2, ""improve"": 2, ""improvement"": 2, ""increases"": 6, ""certain"": 2, ""increasing"": 2, ""strong"": 4, ""larger"": 4}","{""down"": 10, ""decline"": 16, ""lower"": 6, ""declined"": 6, ""low"": 8, ""fell"": 2, ""decrease"": 4, ""decreased"": 2, ""below"": 2, ""declining"": 2, ""fall"": 4, ""shrink"": 2, ""risks"": 2}"
2003-09-10,2003-09-10: Statement of the Monetary Policy Committee,10.0,cut,True,0.7333,82,38,2080,"{""growth"": 18, ""above"": 2, ""improved"": 6, ""certain"": 2, ""increase"": 18, ""increasing"": 2, ""up"": 6, ""increases"": 2, ""improvement"": 2, ""rose"": 4, ""greater"": 2, ""risen"": 2, ""more"": 6, ""increased"": 2, ""growing"": 2, ""encouraging"": 2, ""most"": 2, ""achieved"": 2}","{""under"": 2, ""low"": 2, ""less"": 2, ""risks"": 2, ""weak"": 2, ""declined"": 8, ""decline"": 2, ""below"": 4, ""declines"": 2, ""declining"": 4, ""lower"": 4, ""fall"": 2, ""deteriorate"": 2}"
2003-10-16,2003-10-16: Statement of the Monetary Policy Committee,8.5,cut,True,0.5854,106,58,3388,"{""rise"": 8, ""growth"": 14, ""increase"": 36, ""most"": 6, ""up"": 2, ""above"": 2, ""rose"": 4, ""more"": 8, ""increases"": 8, ""higher"": 2, ""increasing"": 4, ""improved"": 2, ""increased"": 4, ""expansion"": 2, ""improvement"": 2, ""positive"": 2}","{""down"": 8, ""dropped"": 4, ""falling"": 2, ""lowest"": 2, ""declined"": 10, ""fell"": 4, ""decreased"": 4, ""decline"": 4, ""lower"": 4, ""decrease"": 2, ""fall"": 2, ""below"": 4, ""low"": 2, ""risk"": 4, ""deteriorates"": 2}"
2003-12-11,2003-12-11: Statement of the Monetary Policy Committee,8.0,cut,True,0.75,154,70,3666,"{""more"": 6, ""increases"": 16, ""rising"": 6, ""increase"": 24, ""improvement"": 2, ""high"": 6, ""most"": 8, ""risen"": 2, ""rose"": 2, ""rise"": 6, ""higher"": 4, ""improved"": 2, ""stronger"": 4, ""growth"": 22, ""increased"": 14, ""success"": 2, ""achieved"": 4, ""above"": 6, ""positive"": 2, ""up"": 6, ""strong"": 4, ""improve"": 2, ""exceed"": 2, ""leading"": 2}","{""lower"": 10, ""declined"": 10, ""down"": 8, ""low"": 12, ""declining"": 2, ""declines"": 4, ""negative"": 2, ""threat"": 2, ""decline"": 4, ""below"": 4, ""less"": 2, ""risks"": 4, ""decreases"": 2, ""risk"": 2, ""deteriorates"": 2}"
2004-02-26,2004-02-26: Statement of the Monetary Policy Committee,8.0,hold,True,0.76,138,62,3696,"{""success"": 2, ""achieved"": 2, ""accomplishment"": 2, ""increases"": 14, ""improved"": 2, ""up"": 8, ""growth"": 26, ""improve"": 4, ""increase"": 30, ""increasing"": 2, ""more"": 8, ""rose"": 6, ""most"": 4, ""strong"": 2, ""increased"": 4, ""positive"": 6, ""certain"": 2, ""rise"": 4, ""higher"": 2, ""high"": 4, ""exceeded"": 2, ""exceed"": 2}","{""below"": 4, ""down"": 10, ""decreased"": 4, ""decline"": 10, ""declined"": 6, ""fell"": 2, ""decrease"": 4, ""low"": 10, ""threat"": 2, ""less"": 2, ""least"": 2, ""lower"": 4, ""risk"": 2}"
2004-04-22,2004-04-22: Statement of the Monetary Policy Committee,8.0,hold,True,0.8261,130,54,3488,"{""risen"": 2, ""increase"": 28, ""higher"": 8, ""rose"": 8, ""up"": 8, ""high"": 4, ""increases"": 16, ""most"": 6, ""growth"": 22, ""strong"": 6, ""rise"": 4, ""more"": 2, ""improved"": 4, ""improvement"": 2, ""increased"": 6, ""greater"": 2, ""above"": 2}","{""less"": 4, ""low"": 8, ""decline"": 16, ""declined"": 8, ""negative"": 4, ""down"": 2, ""threat"": 2, ""below"": 2, ""risk"": 6, ""threats"": 2}"
2004-06-10,2004-06-10: Statement of the Monetary Policy Committee,8.0,hold,True,1.0108,140,46,3098,"{""increases"": 24, ""most"": 4, ""improved"": 6, ""growth"": 20, ""expansion"": 2, ""record"": 2, ""increase"": 28, ""above"": 4, ""high"": 10, ""higher"": 4, ""rise"": 10, ""increased"": 4, ""exceeded"": 2, ""strong"": 2, ""up"": 4, ""more"": 6, ""strength"": 2, ""grow"": 2, ""greater"": 2, ""rose"": 2}","{""decreased"": 2, ""below"": 4, ""lower"": 4, ""down"": 6, ""decline"": 8, ""decrease"": 2, ""declined"": 2, ""fall"": 2, ""less"": 2, ""low"": 6, ""smaller"": 2, ""declining"": 2, ""risks"": 2, ""risk"": 2}"
2004-08-12,2004-08-12: Statement of the Monetary Policy Committee,7.5,cut,True,0.784,174,76,4188,"{""more"": 6, ""increases"": 16, ""better"": 2, ""rise"": 18, ""achieved"": 4, ""growth"": 28, ""increase"": 22, ""rose"": 14, ""most"": 6, ""certain"": 2, ""above"": 4, ""high"": 8, ""greater"": 2, ""achieve"": 2, ""positive"": 8, ""stronger"": 2, ""increased"": 12, ""grow"": 2, ""strong"": 4, ""increasing"": 2, ""improvements"": 2, ""higher"": 4, ""rising"": 2, ""improvement"": 2}","{""lower"": 14, ""down"": 4, ""declined"": 14, ""decline"": 6, ""low"": 16, ""deteriorated"": 2, ""negative"": 6, ""fall"": 2, ""declining"": 6, ""risks"": 2, ""threat"": 4}"
2004-10-14,2004-10-14: Statement of the Monetary Policy Committee,7.5,hold,True,0.7727,122,54,3332,"{""increase"": 32, ""expansion"": 2, ""growth"": 24, ""achieving"": 2, ""increases"": 16, ""more"": 8, ""up"": 2, ""high"": 8, ""increased"": 8, ""improvement"": 2, ""higher"": 4, ""improved"": 2, ""positive"": 2, ""strong"": 2, ""rose"": 6, ""above"": 2}","{""low"": 14, ""decreased"": 6, ""declined"": 10, ""down"": 6, ""decline"": 6, ""lower"": 6, ""fallen"": 2, ""difficult"": 2, ""risk"": 2}"
2004-12-09,2004-12-09: Statement of the Monetary Policy Committee,7.5,hold,True,1.04,190,60,4084,"{""growth"": 22, ""good"": 2, ""improvement"": 4, ""rising"": 6, ""strong"": 4, ""more"": 8, ""increase"": 42, ""up"": 12, ""accomplished"": 2, ""increases"": 14, ""rise"": 20, ""increased"": 6, ""higher"": 4, ""largest"": 2, ""improved"": 4, ""certain"": 6, ""above"": 6, ""stronger"": 2, ""positive"": 2, ""strength"": 2, ""high"": 6, ""progress"": 2, ""strengthening"": 4, ""strengthened"": 2, ""rises"": 2, ""opportunity"": 2, ""exceeded"": 2}","{""declining"": 4, ""declined"": 8, ""below"": 4, ""lower"": 10, ""down"": 4, ""decrease"": 4, ""fell"": 2, ""low"": 10, ""decline"": 6, ""weakening"": 4, ""difficult"": 2, ""less"": 2}"
2005-02-10,2005-02-10: Statement of the Monetary Policy Committee,7.5,hold,True,1.156,172,46,3674,"{""positive"": 4, ""growth"": 36, ""highest"": 2, ""high"": 8, ""increases"": 22, ""more"": 4, ""higher"": 6, ""strong"": 8, ""increase"": 30, ""increased"": 8, ""rose"": 10, ""most"": 2, ""above"": 4, ""strength"": 4, ""stronger"": 2, ""improved"": 4, ""improvement"": 2, ""up"": 6, ""achievement"": 2, ""rise"": 8}","{""decline"": 10, ""lower"": 8, ""down"": 10, ""low"": 8, ""declined"": 2, ""weakened"": 2, ""fall"": 2, ""risks"": 4}"
2005-04-14,2005-04-14: Statement of the Monetary Policy Committee,7.0,cut,True,0.5517,148,84,4058,"{""record"": 2, ""increases"": 14, ""higher"": 20, ""growth"": 32, ""strong"": 4, ""increase"": 16, ""most"": 4, ""progress"": 4, ""above"": 6, ""increased"": 4, ""rise"": 4, ""increasing"": 2, ""achieved"": 2, ""improved"": 4, ""risen"": 2, ""positive"": 4, ""rose"": 4, ""up"": 4, ""more"": 4, ""expansion"": 2, ""rising"": 2, ""growing"": 2, ""strengthened"": 2, ""stronger"": 4}","{""uncertainty"": 6, ""uncertain"": 10, ""declining"": 4, ""declined"": 12, ""lowest"": 4, ""decreases"": 2, ""decline"": 6, ""below"": 6, ""low"": 14, ""down"": 4, ""lower"": 4, ""risks"": 6, ""risk"": 2, ""weakened"": 2, ""weakness"": 2}"
2005-06-09,2005-06-09: Statement of the Monetary Policy Committee,7.0,hold,True,0.9677,138,48,3682,"{""high"": 6, ""more"": 2, ""strengthening"": 2, ""growth"": 24, ""increase"": 24, ""rose"": 8, ""increases"": 8, ""most"": 4, ""increased"": 12, ""above"": 8, ""higher"": 14, ""up"": 4, ""risen"": 2, ""expand"": 2, ""record"": 2, ""stronger"": 2, ""strong"": 4, ""leading"": 2, ""grew"": 2, ""increasing"": 2, ""improvement"": 2, ""rising"": 2}","{""less"": 4, ""low"": 8, ""decline"": 10, ""declining"": 2, ""uncertain"": 2, ""declined"": 6, ""lower"": 8, ""uncertainty"": 2, ""below"": 2, ""lowest"": 2, ""risks"": 2}"
2005-08-11,2005-08-11: Statement of the Monetary Policy Committee,7.0,hold,True,0.9231,152,56,3860,"{""growth"": 12, ""risen"": 2, ""strong"": 8, ""increases"": 10, ""greatest"": 2, ""improved"": 4, ""successful"": 2, ""more"": 2, ""growing"": 6, ""positive"": 6, ""higher"": 8, ""greater"": 4, ""larger"": 2, ""increase"": 20, ""rose"": 2, ""rise"": 4, ""above"": 6, ""strengthening"": 6, ""increased"": 18, ""exceeded"": 6, ""increasing"": 2, ""most"": 2, ""record"": 4, ""grow"": 2, ""leading"": 2, ""highest"": 2, ""high"": 4, ""grew"": 4}","{""low"": 4, ""risk"": 2, ""below"": 8, ""down"": 6, ""lower"": 6, ""decline"": 10, ""declining"": 2, ""declined"": 6, ""falling"": 2, ""weakened"": 2, ""uncertain"": 2, ""threats"": 2, ""less"": 2, ""risks"": 2}"
2005-10-13,2005-10-13: Statement of the Monetary Policy Committee,7.0,hold,True,1.125,150,42,3482,"{""increasing"": 4, ""risen"": 2, ""increases"": 18, ""more"": 8, ""high"": 4, ""strong"": 10, ""increased"": 28, ""increase"": 10, ""most"": 6, ""rose"": 4, ""higher"": 8, ""record"": 6, ""up"": 6, ""grow"": 2, ""growth"": 14, ""leading"": 4, ""positive"": 6, ""grew"": 4, ""rise"": 2, ""above"": 2, ""achieved"": 2}","{""risk"": 6, ""low"": 10, ""fall"": 2, ""below"": 6, ""deteriorated"": 4, ""declined"": 2, ""decline"": 2, ""risks"": 2, ""fallen"": 4, ""lower"": 2, ""negative"": 2}"
2005-12-08,2005-12-08: Statement of the Monetary Policy Committee,7.0,hold,True,0.75,132,60,3512,"{""growth"": 24, ""growing"": 6, ""most"": 6, ""higher"": 6, ""achieved"": 2, ""better"": 2, ""increases"": 18, ""more"": 6, ""increase"": 6, ""rose"": 2, ""improved"": 6, ""up"": 4, ""increased"": 8, ""improvement"": 2, ""high"": 6, ""strength"": 2, ""exceeded"": 2, ""grew"": 2, ""leading"": 2, ""rising"": 4, ""strong"": 6, ""record"": 2, ""rise"": 2, ""increasing"": 2, ""above"": 4}","{""under"": 2, ""deteriorated"": 2, ""risks"": 4, ""declined"": 12, ""decline"": 8, ""declines"": 4, ""low"": 2, ""lower"": 8, ""below"": 6, ""fallen"": 2, ""decreased"": 4, ""down"": 2, ""decrease"": 2, ""deteriorate"": 2}"
2006-02-02,2006-02-02: Statement of the Monetary Policy Committee,7.0,hold,True,1.0,150,50,3390,"{""growth"": 32, ""most"": 2, ""positive"": 8, ""strength"": 2, ""strong"": 14, ""increased"": 18, ""more"": 12, ""rose"": 6, ""increase"": 10, ""rising"": 4, ""record"": 2, ""high"": 8, ""grow"": 2, ""exceeded"": 2, ""grew"": 4, ""improved"": 2, ""growing"": 2, ""risen"": 2, ""higher"": 8, ""improvement"": 2, ""increases"": 6, ""strengthening"": 2}","{""risks"": 6, ""uncertain"": 2, ""risk"": 4, ""declined"": 14, ""decreased"": 2, ""decline"": 6, ""falling"": 2, ""less"": 2, ""low"": 8, ""threats"": 2, ""decrease"": 2}"
2006-04-13,2006-04-13: Statement of the Monetary Policy Committee,7.0,hold,True,0.76,138,62,3646,"{""strong"": 10, ""rising"": 4, ""grow"": 4, ""high"": 12, ""higher"": 10, ""growing"": 2, ""growth"": 26, ""increased"": 24, ""increases"": 4, ""up"": 2, ""rose"": 2, ""increase"": 10, ""most"": 2, ""positive"": 4, ""more"": 6, ""highest"": 2, ""record"": 2, ""grew"": 2, ""risen"": 6, ""increasing"": 2, ""improved"": 2}","{""threat"": 2, ""under"": 6, ""low"": 6, ""decline"": 12, ""lower"": 4, ""declines"": 2, ""risks"": 6, ""below"": 10, ""declined"": 4, ""fell"": 4, ""risk"": 4, ""threats"": 2}"
2006-06-08,2006-06-08: Statement of the Monetary Policy Committee,7.5,hold,True,0.6275,134,70,3748,"{""increased"": 26, ""record"": 4, ""growth"": 22, ""rise"": 2, ""more"": 10, ""improved"": 8, ""increase"": 14, ""increases"": 6, ""higher"": 10, ""most"": 6, ""good"": 2, ""grew"": 2, ""high"": 10, ""grow"": 2, ""strong"": 4, ""risen"": 2, ""positive"": 2, ""above"": 2}","{""risks"": 8, ""negative"": 2, ""declined"": 4, ""lower"": 4, ""decline"": 8, ""low"": 2, ""fall"": 4, ""below"": 10, ""deteriorating"": 2, ""less"": 4, ""downturn"": 2, ""decrease"": 2, ""weak"": 2, ""under"": 4, ""weakening"": 2, ""risk"": 8, ""uncertainty"": 2}"
2006-08-03,2006-08-03: Statement of the Monetary Policy Committee,8.0,hold,True,1.0435,140,44,3652,"{""increases"": 14, ""grow"": 2, ""strong"": 10, ""high"": 10, ""increased"": 26, ""highest"": 2, ""increase"": 12, ""increasing"": 2, ""most"": 4, ""more"": 4, ""above"": 4, ""expanding"": 2, ""higher"": 14, ""grew"": 4, ""growth"": 18, ""rising"": 4, ""up"": 2, ""achieved"": 2, ""positive"": 2, ""risen"": 2}","{""uncertainty"": 2, ""low"": 4, ""declines"": 2, ""declined"": 10, ""lower"": 2, ""deteriorated"": 2, ""decline"": 4, ""risks"": 4, ""risk"": 6, ""threat"": 2, ""under"": 2, ""decreased"": 2, ""threats"": 2}"
2006-10-12,2006-10-12: Statement of the Monetary Policy Committee,8.5,hike,True,0.8148,152,64,4048,"{""grow"": 2, ""growth"": 22, ""strong"": 8, ""more"": 4, ""positive"": 10, ""higher"": 14, ""increased"": 38, ""increasing"": 2, ""high"": 8, ""increase"": 10, ""up"": 2, ""highest"": 4, ""increases"": 2, ""most"": 2, ""record"": 2, ""grew"": 4, ""largest"": 2, ""rose"": 2, ""improvements"": 2, ""improve"": 2, ""rising"": 2, ""above"": 6, ""achieving"": 2}","{""risks"": 6, ""declining"": 2, ""declined"": 8, ""under"": 2, ""decline"": 12, ""risk"": 12, ""low"": 4, ""challenge"": 2, ""lower"": 6, ""threat"": 6, ""fallen"": 2, ""below"": 2}"
2006-12-07,2006-12-07: Statement of the Monetary Policy Committee,9.0,hike,True,0.9425,128,46,3964,"{""strong"": 10, ""growing"": 2, ""good"": 2, ""growth"": 18, ""higher"": 6, ""increased"": 24, ""increase"": 14, ""up"": 4, ""highest"": 2, ""increases"": 4, ""most"": 4, ""improvement"": 6, ""above"": 2, ""more"": 6, ""positive"": 6, ""rose"": 4, ""high"": 4, ""risen"": 2, ""exceeded"": 2, ""grew"": 2, ""increasing"": 2, ""achieving"": 2}","{""weakness"": 2, ""weakening"": 2, ""declined"": 10, ""lower"": 4, ""declines"": 2, ""risks"": 2, ""decline"": 12, ""low"": 2, ""threat"": 2, ""risk"": 6, ""uncertainty"": 2}"
2007-02-15,2007-02-15: Statement of the Monetary Policy Committee,9.0,hold,True,0.9787,140,48,4020,"{""improved"": 10, ""growth"": 28, ""grow"": 2, ""up"": 4, ""more"": 4, ""increased"": 28, ""higher"": 6, ""increase"": 16, ""most"": 6, ""improvement"": 6, ""positive"": 8, ""exceeded"": 2, ""increases"": 4, ""high"": 2, ""above"": 2, ""rising"": 2, ""strong"": 2, ""growing"": 4, ""strength"": 2, ""grew"": 2}","{""below"": 6, ""lower"": 2, ""risks"": 8, ""challenge"": 2, ""decrease"": 2, ""fell"": 2, ""declined"": 8, ""under"": 4, ""risk"": 4, ""low"": 2, ""difficult"": 2, ""decline"": 2, ""declining"": 4}"
2007-04-12,2007-04-12: Statement of the Monetary Policy Committee,9.0,hold,True,0.819,148,62,3874,"{""most"": 8, ""increases"": 12, ""strong"": 10, ""growing"": 2, ""growth"": 30, ""encouraging"": 2, ""positive"": 8, ""increased"": 32, ""increase"": 14, ""largest"": 2, ""high"": 8, ""higher"": 2, ""more"": 4, ""highest"": 2, ""grown"": 4, ""increasing"": 2, ""above"": 2, ""good"": 2, ""up"": 2}","{""deteriorated"": 2, ""less"": 2, ""declined"": 16, ""lower"": 2, ""decline"": 10, ""below"": 6, ""risks"": 6, ""declining"": 4, ""risk"": 10, ""downturn"": 2, ""under"": 2}"
2007-06-07,2007-06-07: Statement of the Monetary Policy Committee,9.5,hike,True,1.4016,216,38,4238,"{""increase"": 14, ""higher"": 20, ""most"": 18, ""increased"": 34, ""strong"": 16, ""increases"": 28, ""more"": 4, ""high"": 6, ""increasing"": 4, ""certain"": 2, ""highest"": 2, ""above"": 4, ""exceed"": 2, ""growth"": 34, ""strength"": 4, ""strongest"": 2, ""improved"": 2, ""positive"": 8, ""grew"": 2, ""growing"": 2, ""progress"": 2, ""risen"": 2, ""achieved"": 2, ""rising"": 2}","{""lower"": 4, ""declines"": 2, ""decline"": 8, ""risks"": 4, ""risk"": 6, ""declining"": 6, ""challenges"": 2, ""declined"": 6}"
2007-08-16,2007-08-16: Statement of the Monetary Policy Committee,10.0,hike,True,0.6916,144,70,3942,"{""increased"": 24, ""increase"": 14, ""exceeded"": 2, ""rising"": 2, ""increasing"": 4, ""more"": 8, ""higher"": 10, ""high"": 8, ""increases"": 6, ""most"": 6, ""above"": 4, ""rose"": 2, ""growth"": 36, ""record"": 2, ""growing"": 2, ""strengthening"": 2, ""positive"": 4, ""grow"": 2, ""grew"": 4, ""greater"": 2}","{""declining"": 10, ""declines"": 4, ""declined"": 16, ""risks"": 6, ""uncertainty"": 2, ""threat"": 2, ""below"": 4, ""decline"": 4, ""decrease"": 2, ""weakness"": 2, ""low"": 2, ""risk"": 2, ""down"": 2, ""disappoint"": 2, ""under"": 4, ""negative"": 2, ""uncertain"": 2, ""less"": 2}"
2007-10-11,2007-10-11: Statement of the Monetary Policy Committee,10.5,hike,True,0.6667,108,54,3680,"{""above"": 6, ""risen"": 2, ""higher"": 14, ""increased"": 26, ""increases"": 4, ""increase"": 6, ""most"": 2, ""growth"": 24, ""more"": 4, ""strong"": 6, ""increasing"": 2, ""high"": 6, ""growing"": 2, ""grew"": 2, ""improved"": 2}","{""risks"": 12, ""challenge"": 2, ""decline"": 6, ""declines"": 2, ""declined"": 14, ""declining"": 4, ""below"": 2, ""risk"": 2, ""lower"": 2, ""lowest"": 4, ""under"": 4}"
2007-12-06,2007-12-06: Statement of the Monetary Policy Committee,11.0,hike,True,0.56,96,54,3190,"{""higher"": 14, ""high"": 6, ""most"": 4, ""increase"": 8, ""increased"": 18, ""increases"": 4, ""above"": 2, ""more"": 4, ""growth"": 24, ""grew"": 2, ""strong"": 4, ""strength"": 2, ""expanding"": 2, ""exceeded"": 2}","{""deteriorated"": 2, ""declined"": 14, ""low"": 2, ""negative"": 4, ""decline"": 2, ""below"": 4, ""decreased"": 2, ""risks"": 6, ""risk"": 8, ""fallen"": 2, ""lower"": 4, ""uncertain"": 2, ""downturn"": 2}"
2008-01-31,2008-01-31: Statement of the Monetary Policy Committee,11.0,hold,True,0.0526,78,74,2774,"{""growth"": 26, ""increased"": 10, ""most"": 6, ""higher"": 10, ""more"": 4, ""increase"": 8, ""increases"": 8, ""strong"": 4, ""high"": 2}","{""uncertain"": 2, ""fall"": 4, ""risks"": 12, ""declined"": 14, ""declines"": 2, ""decline"": 6, ""below"": 6, ""risk"": 8, ""under"": 4, ""lower"": 2, ""threat"": 2, ""down"": 4, ""decreased"": 4, ""negative"": 2, ""fallen"": 2}"
2008-04-10,2008-04-10: Statement of the Monetary Policy Committee,11.5,hike,True,0.4615,96,60,3422,"{""high"": 6, ""growing"": 2, ""strong"": 4, ""increases"": 6, ""increased"": 22, ""most"": 6, ""higher"": 10, ""increase"": 6, ""improved"": 4, ""growth"": 22, ""grew"": 2, ""leading"": 2, ""more"": 4}","{""less"": 2, ""below"": 4, ""challenges"": 2, ""deteriorated"": 2, ""declined"": 18, ""risk"": 8, ""negative"": 2, ""decrease"": 2, ""lowest"": 4, ""declining"": 4, ""decline"": 2, ""uncertain"": 2, ""weakness"": 2, ""down"": 4, ""deteriorating"": 2}"
2008-06-12,2008-06-12: Statement of the Monetary Policy Committee,12.0,hike,True,0.4762,130,80,3622,"{""increases"": 16, ""increasing"": 6, ""more"": 6, ""increased"": 18, ""increase"": 8, ""stronger"": 2, ""most"": 4, ""higher"": 10, ""above"": 4, ""up"": 2, ""positive"": 2, ""high"": 6, ""record"": 2, ""growth"": 34, ""strong"": 6, ""grew"": 2, ""improvement"": 2}","{""risk"": 6, ""deteriorated"": 4, ""uncertainty"": 6, ""declined"": 26, ""deteriorating"": 2, ""risks"": 4, ""decline"": 6, ""negative"": 2, ""less"": 4, ""lower"": 2, ""declines"": 2, ""down"": 2, ""declining"": 4, ""low"": 2, ""uncertain"": 2, ""worst"": 2, ""challenge"": 2, ""threat"": 2}"
2008-08-14,2008-08-14: Statement of the Monetary Policy Committee,12.0,hold,True,0.297,116,86,3390,"{""increases"": 20, ""growth"": 32, ""higher"": 4, ""increased"": 12, ""increase"": 2, ""increasing"": 2, ""high"": 12, ""certain"": 4, ""above"": 2, ""improvement"": 4, ""most"": 6, ""largest"": 2, ""grew"": 2, ""achieved"": 2, ""exceed"": 2, ""improved"": 2, ""leading"": 2, ""strong"": 2, ""deliver"": 2}","{""uncertain"": 2, ""less"": 2, ""uncertainty"": 6, ""decline"": 8, ""fall"": 2, ""below"": 4, ""declined"": 28, ""down"": 2, ""risks"": 6, ""risk"": 2, ""lower"": 10, ""low"": 2, ""under"": 2, ""declining"": 4, ""negative"": 4, ""weakness"": 2}"
2008-10-09,2008-10-09: Statement of the Monetary Policy Committee,12.0,hold,True,0.2268,108,86,3572,"{""increased"": 14, ""higher"": 4, ""improved"": 2, ""increases"": 10, ""rising"": 2, ""strong"": 2, ""increase"": 2, ""most"": 10, ""improvement"": 8, ""growth"": 38, ""strengthened"": 2, ""high"": 2, ""grew"": 2, ""record"": 2, ""leading"": 2, ""positive"": 2, ""more"": 2, ""achievement"": 2}","{""declining"": 8, ""declined"": 28, ""risk"": 10, ""uncertain"": 2, ""lower"": 4, ""decline"": 4, ""smaller"": 2, ""down"": 4, ""risks"": 6, ""below"": 4, ""less"": 2, ""negative"": 8, ""under"": 2, ""uncertainty"": 2}"
2008-12-11,2008-12-11: Statement of the Monetary Policy Committee,11.5,cut,True,-0.4286,66,102,3528,"{""growth"": 16, ""improvement"": 4, ""increases"": 6, ""increased"": 12, ""most"": 6, ""greater"": 2, ""improved"": 4, ""above"": 2, ""leading"": 2, ""more"": 4, ""up"": 2, ""grew"": 2, ""high"": 2, ""improvements"": 2}","{""decline"": 18, ""risks"": 6, ""uncertainty"": 6, ""down"": 4, ""declined"": 32, ""deteriorated"": 2, ""lower"": 12, ""risk"": 4, ""uncertain"": 2, ""declines"": 4, ""fall"": 2, ""lowest"": 2, ""negative"": 4, ""falling"": 2, ""declining"": 2}"
2009-02-05,2009-02-05: Statement of the Monetary Policy Committee,10.5,cut,True,-0.2424,58,74,2786,"{""growth"": 22, ""increased"": 10, ""increases"": 4, ""most"": 8, ""increase"": 2, ""stronger"": 2, ""leading"": 2, ""high"": 4, ""strong"": 2, ""larger"": 2}","{""decline"": 6, ""declining"": 8, ""risks"": 6, ""uncertain"": 4, ""declined"": 16, ""below"": 4, ""risk"": 4, ""low"": 2, ""weakening"": 2, ""negative"": 6, ""under"": 6, ""declines"": 6, ""deteriorated"": 4}"
2009-03-24,2009-03-24: Statement of the Monetary Policy Committee,9.5,cut,True,-0.2222,64,80,2682,"{""growing"": 2, ""increased"": 10, ""more"": 8, ""increase"": 4, ""most"": 6, ""exceed"": 2, ""higher"": 4, ""growth"": 12, ""up"": 2, ""improvement"": 2, ""high"": 4, ""strengthened"": 2, ""increases"": 4, ""improved"": 2}","{""weaken"": 2, ""uncertainty"": 4, ""weak"": 4, ""decline"": 14, ""risks"": 4, ""declined"": 8, ""below"": 2, ""risk"": 2, ""weakening"": 2, ""negative"": 6, ""declining"": 6, ""lower"": 6, ""under"": 6, ""low"": 4, ""deteriorated"": 2, ""weakness"": 2, ""lowest"": 2, ""weakened"": 2, ""declines"": 2}"
2009-04-30,2009-04-30: Statement of the Monetary Policy Committee,8.5,cut,True,-0.0241,82,84,2944,"{""positive"": 6, ""growth"": 18, ""increased"": 8, ""increasing"": 2, ""largest"": 4, ""increase"": 8, ""increases"": 6, ""most"": 6, ""higher"": 10, ""up"": 4, ""improved"": 2, ""grow"": 2, ""more"": 4, ""high"": 2}","{""downturn"": 4, ""declining"": 6, ""negative"": 6, ""declined"": 26, ""declines"": 2, ""decline"": 4, ""risks"": 8, ""risk"": 6, ""under"": 2, ""uncertainty"": 2, ""lower"": 4, ""weak"": 8, ""less"": 2, ""low"": 2, ""falling"": 2}"
2009-05-28,2009-05-28: Statement of the Monetary Policy Committee,7.5,cut,True,-0.1463,76,88,2498,"{""increased"": 12, ""most"": 8, ""improvement"": 4, ""increases"": 4, ""increase"": 4, ""higher"": 4, ""above"": 2, ""largest"": 4, ""positive"": 4, ""growth"": 12, ""strong"": 2, ""high"": 2, ""more"": 4, ""leading"": 4, ""record"": 2, ""strength"": 2, ""improved"": 2}","{""downturn"": 6, ""negative"": 10, ""risk"": 8, ""worst"": 2, ""declined"": 24, ""declining"": 6, ""uncertainty"": 2, ""less"": 4, ""weak"": 4, ""under"": 2, ""low"": 2, ""weakness"": 2, ""decline"": 6, ""lower"": 6, ""falling"": 2, ""below"": 2}"
2009-06-25,2009-06-25: Statement of the Monetary Policy Committee,7.5,hold,True,-0.0241,82,84,2842,"{""growth"": 20, ""increase"": 14, ""increased"": 16, ""most"": 6, ""more"": 2, ""higher"": 6, ""increases"": 6, ""high"": 2, ""leading"": 4, ""above"": 4, ""achieving"": 2}","{""downturn"": 6, ""negative"": 6, ""deteriorate"": 2, ""lower"": 8, ""weak"": 2, ""risk"": 10, ""risks"": 2, ""deteriorating"": 2, ""declined"": 24, ""deteriorated"": 2, ""low"": 2, ""decline"": 8, ""uncertain"": 2, ""under"": 4, ""below"": 2, ""declining"": 2}"
2009-08-13,2009-08-13: Statement of the Monetary Policy Committee,7.0,cut,True,-0.1765,62,74,2798,"{""encouraging"": 2, ""high"": 2, ""increase"": 6, ""increasing"": 2, ""increased"": 8, ""most"": 6, ""more"": 2, ""improved"": 2, ""strength"": 2, ""grow"": 2, ""growth"": 12, ""improve"": 2, ""leading"": 2, ""above"": 4, ""stronger"": 2, ""improves"": 2, ""increases"": 4}","{""lower"": 2, ""uncertainty"": 2, ""weak"": 4, ""declined"": 24, ""risk"": 4, ""decline"": 10, ""less"": 2, ""under"": 4, ""down"": 2, ""difficult"": 2, ""declining"": 2, ""low"": 2, ""negative"": 6, ""declines"": 2, ""below"": 2, ""risks"": 4}"
2009-09-22,2009-09-22: Statement of the Monetary Policy Committee,7.0,hold,True,-0.0779,74,80,2796,"{""growth"": 14, ""improve"": 4, ""high"": 4, ""increasing"": 2, ""increased"": 20, ""improvement"": 2, ""more"": 4, ""higher"": 4, ""most"": 4, ""improved"": 2, ""above"": 2, ""increases"": 4, ""increase"": 2, ""leading"": 2, ""positive"": 2, ""improvements"": 2}","{""negative"": 10, ""uncertainty"": 2, ""risks"": 10, ""declined"": 24, ""down"": 4, ""decline"": 8, ""less"": 2, ""declines"": 2, ""risk"": 4, ""lower"": 6, ""declining"": 4, ""weak"": 2, ""below"": 2}"
2009-10-22,2009-10-22: Statement of the Monetary Policy Committee,7.0,hold,True,0.1081,78,70,2994,"{""growth"": 12, ""improve"": 2, ""most"": 4, ""increased"": 18, ""improvement"": 4, ""increases"": 14, ""above"": 4, ""higher"": 2, ""achieved"": 2, ""positive"": 6, ""increase"": 2, ""improved"": 4, ""highest"": 2, ""leading"": 2}","{""threat"": 8, ""below"": 6, ""declined"": 22, ""decline"": 8, ""weak"": 4, ""low"": 2, ""declining"": 2, ""negative"": 4, ""lower"": 6, ""risks"": 6, ""risk"": 2}"
2009-11-17,2009-11-17: Statement of the Monetary Policy Committee,7.0,hold,True,-0.1224,92,104,3496,"{""growth"": 22, ""increases"": 10, ""increased"": 6, ""most"": 6, ""higher"": 12, ""increase"": 4, ""high"": 4, ""rising"": 6, ""positive"": 14, ""leading"": 2, ""more"": 4, ""certain"": 2}","{""below"": 4, ""weak"": 4, ""threat"": 4, ""declined"": 20, ""low"": 8, ""negative"": 8, ""declines"": 4, ""uncertainty"": 4, ""risks"": 12, ""lower"": 8, ""declining"": 4, ""risk"": 8, ""lowest"": 2, ""decline"": 2, ""less"": 6, ""decrease"": 2, ""weakness"": 2, ""downturn"": 2}"
2010-01-26,2010-01-26: Statement of the Monetary Policy Committee,7.0,hold,True,0.297,116,86,3894,"{""growth"": 22, ""improved"": 4, ""increases"": 20, ""increased"": 12, ""increase"": 4, ""above"": 2, ""most"": 2, ""improvement"": 2, ""highest"": 2, ""more"": 8, ""higher"": 8, ""rising"": 2, ""positive"": 16, ""grew"": 2, ""high"": 2, ""improvements"": 2, ""leading"": 2, ""strength"": 2, ""strong"": 2}","{""under"": 2, ""risks"": 12, ""below"": 4, ""declined"": 18, ""uncertainty"": 4, ""deteriorated"": 2, ""weak"": 10, ""decreased"": 2, ""risk"": 22, ""decline"": 4, ""negative"": 2, ""less"": 2, ""declining"": 2}"
2010-03-25,2010-03-25: Statement of the Monetary Policy Committee,6.5,cut,True,0.5,150,90,4060,"{""improvement"": 8, ""greater"": 6, ""certainty"": 4, ""increases"": 26, ""growing"": 2, ""positive"": 14, ""growth"": 32, ""increased"": 16, ""improved"": 10, ""above"": 2, ""more"": 6, ""improvements"": 2, ""high"": 4, ""rising"": 2, ""grew"": 2, ""strong"": 4, ""most"": 4, ""increase"": 2, ""achievement"": 2, ""achieve"": 2}","{""risks"": 2, ""declined"": 28, ""low"": 12, ""negative"": 12, ""lower"": 4, ""less"": 4, ""risk"": 8, ""decline"": 4, ""weak"": 2, ""difficult"": 2, ""weakness"": 2, ""declines"": 2, ""least"": 2, ""uncertainty"": 2, ""threat"": 2, ""challenge"": 2}"
2010-05-13,2010-05-13: Statement of the Monetary Policy Committee,6.5,hold,True,0.6506,110,56,3692,"{""growth"": 30, ""improved"": 6, ""most"": 10, ""increase"": 8, ""increased"": 8, ""increases"": 8, ""improvement"": 4, ""high"": 2, ""positive"": 12, ""leading"": 2, ""grew"": 2, ""expansion"": 2, ""more"": 8, ""increasing"": 2, ""higher"": 4, ""above"": 2}","{""risks"": 12, ""uncertainty"": 4, ""declined"": 14, ""lower"": 2, ""low"": 2, ""less"": 2, ""risk"": 12, ""weak"": 2, ""decline"": 4, ""below"": 2}"
2010-07-22,2010-07-22: Statement of the Monetary Policy Committee,6.5,hold,True,0.1205,88,78,4176,"{""growth"": 30, ""increases"": 6, ""increasing"": 2, ""increase"": 6, ""achieved"": 2, ""higher"": 4, ""high"": 14, ""achieve"": 2, ""grew"": 4, ""positive"": 10, ""increased"": 6, ""most"": 2}","{""risks"": 10, ""declined"": 16, ""low"": 10, ""declining"": 4, ""uncertain"": 4, ""risk"": 6, ""weakness"": 2, ""below"": 2, ""under"": 4, ""down"": 2, ""difficult"": 4, ""less"": 2, ""negative"": 2, ""decline"": 4, ""worse"": 2, ""lower"": 4}"
2010-09-09,2010-09-09: Statement of the Monetary Policy Committee,6.0,cut,True,0.1695,128,108,4232,"{""growth"": 46, ""increases"": 8, ""increasing"": 4, ""higher"": 10, ""improvement"": 4, ""high"": 14, ""strong"": 6, ""more"": 2, ""grew"": 2, ""leading"": 2, ""increased"": 8, ""highest"": 2, ""positive"": 10, ""most"": 2, ""improving"": 2, ""increase"": 2, ""improved"": 4}","{""lower"": 20, ""weak"": 10, ""negative"": 6, ""below"": 16, ""declined"": 18, ""decline"": 4, ""low"": 12, ""uncertainty"": 2, ""risks"": 8, ""risk"": 8, ""under"": 2, ""uncertain"": 2}"
2010-11-18,2010-11-18: Statement of the Monetary Policy Committee,5.5,cut,True,0.5385,132,76,4692,"{""improved"": 6, ""strength"": 2, ""growth"": 38, ""above"": 6, ""higher"": 12, ""increased"": 12, ""increase"": 14, ""more"": 10, ""exceeded"": 2, ""strong"": 2, ""stronger"": 2, ""leading"": 2, ""increasing"": 4, ""grown"": 2, ""high"": 4, ""positive"": 6, ""most"": 2, ""increases"": 4, ""up"": 2}","{""negative"": 4, ""low"": 4, ""risk"": 6, ""risks"": 16, ""declined"": 6, ""below"": 6, ""lower"": 12, ""decline"": 2, ""fall"": 2, ""uncertainty"": 2, ""less"": 2, ""weak"": 2, ""declining"": 2, ""weakening"": 2, ""challenging"": 2, ""decreased"": 2, ""uncertain"": 2, ""weakness"": 2}"
2011-01-20,2011-01-20: Statement of the Monetary Policy Committee,5.5,hold,True,0.7576,182,82,4724,"{""more"": 10, ""growth"": 50, ""increasing"": 12, ""positive"": 6, ""increased"": 28, ""higher"": 6, ""increase"": 12, ""most"": 4, ""strong"": 16, ""rising"": 4, ""stronger"": 6, ""high"": 8, ""leading"": 2, ""improvement"": 2, ""expansion"": 2, ""improving"": 4, ""grew"": 2, ""increases"": 8}","{""risks"": 14, ""risk"": 10, ""negative"": 6, ""below"": 4, ""declined"": 18, ""uncertain"": 4, ""weak"": 2, ""worsening"": 2, ""declining"": 2, ""low"": 8, ""less"": 2, ""falling"": 2, ""lower"": 6, ""lowest"": 2}"
2011-03-24,2011-03-24: Statement of the Monetary Policy Committee,5.5,hold,True,0.5827,164,90,4496,"{""growth"": 38, ""improved"": 6, ""rising"": 2, ""increased"": 36, ""increasing"": 4, ""increases"": 4, ""more"": 8, ""above"": 8, ""improvement"": 4, ""strong"": 8, ""higher"": 4, ""growing"": 4, ""most"": 2, ""strength"": 2, ""grew"": 4, ""high"": 10, ""leading"": 2, ""positive"": 8, ""achieved"": 2, ""increase"": 4, ""up"": 2, ""largest"": 2}","{""weak"": 8, ""risks"": 16, ""low"": 10, ""declined"": 12, ""declining"": 2, ""less"": 2, ""negative"": 6, ""down"": 4, ""deteriorated"": 2, ""weakness"": 2, ""below"": 4, ""decline"": 14, ""falling"": 2, ""lower"": 2, ""risk"": 2, ""under"": 2}"
2011-05-12,2011-05-12: Statement of the Monetary Policy Committee,5.5,hold,True,0.6947,128,62,4120,"{""more"": 8, ""increase"": 8, ""higher"": 8, ""increased"": 18, ""increases"": 4, ""up"": 2, ""growth"": 36, ""high"": 10, ""strong"": 10, ""above"": 6, ""strength"": 2, ""leading"": 2, ""improved"": 2, ""positive"": 8, ""rise"": 2, ""risen"": 2}","{""deteriorated"": 2, ""risk"": 6, ""risks"": 10, ""uncertain"": 4, ""lowest"": 2, ""lower"": 8, ""negative"": 2, ""below"": 2, ""declined"": 12, ""under"": 2, ""declining"": 4, ""weakness"": 2, ""fell"": 2, ""fallen"": 2, ""decline"": 2}"
2011-07-21,2011-07-21: Statement of the Monetary Policy Committee,5.5,hold,True,0.5827,164,90,4980,"{""larger"": 4, ""growth"": 56, ""strong"": 6, ""increasing"": 2, ""more"": 6, ""increased"": 18, ""increases"": 10, ""rising"": 4, ""high"": 18, ""encouraging"": 2, ""positive"": 12, ""improved"": 2, ""higher"": 4, ""grew"": 4, ""largest"": 2, ""improving"": 2, ""increase"": 6, ""most"": 2, ""above"": 4}","{""deteriorated"": 2, ""risks"": 18, ""failure"": 4, ""declining"": 8, ""decline"": 6, ""declined"": 14, ""weakness"": 2, ""risk"": 10, ""down"": 2, ""less"": 2, ""weak"": 4, ""negative"": 4, ""below"": 8, ""low"": 2, ""falling"": 2, ""uncertain"": 2}"
2011-09-22,2011-09-22: Statement of the Monetary Policy Committee,5.5,hold,True,0.1488,130,112,5062,"{""growth"": 48, ""increased"": 20, ""more"": 6, ""rising"": 6, ""strong"": 2, ""increasing"": 2, ""increases"": 8, ""higher"": 4, ""exceed"": 2, ""high"": 8, ""most"": 2, ""growing"": 2, ""increase"": 6, ""positive"": 4, ""largest"": 2, ""grew"": 4, ""above"": 4}","{""risks"": 16, ""weakened"": 2, ""challenging"": 2, ""risk"": 24, ""risky"": 2, ""declining"": 4, ""challenge"": 2, ""declined"": 16, ""less"": 2, ""decline"": 8, ""weak"": 2, ""down"": 4, ""weakness"": 2, ""low"": 8, ""disappointing"": 2, ""negative"": 2, ""below"": 6, ""lower"": 8}"
2011-11-10,2011-11-10: Statement of the Monetary Policy Committee,5.5,hold,True,0.4854,128,78,4578,"{""progress"": 2, ""growth"": 46, ""more"": 8, ""increased"": 14, ""up"": 2, ""strong"": 2, ""increasing"": 4, ""increases"": 8, ""higher"": 4, ""increase"": 10, ""rising"": 2, ""most"": 6, ""positive"": 2, ""leading"": 2, ""above"": 4, ""high"": 6, ""grew"": 2, ""improvement"": 2, ""highest"": 2}","{""uncertainty"": 6, ""weak"": 8, ""declining"": 12, ""risks"": 6, ""low"": 2, ""negative"": 2, ""weakness"": 2, ""down"": 8, ""risk"": 8, ""decreased"": 2, ""under"": 4, ""disappointing"": 2, ""uncertain"": 2, ""below"": 2, ""declined"": 4, ""decline"": 4, ""lower"": 4}"
2012-01-19,2012-01-19: Statement of the Monetary Policy Committee,5.5,hold,True,0.4839,154,94,4946,"{""growth"": 52, ""above"": 6, ""more"": 8, ""exceeded"": 2, ""increased"": 20, ""increase"": 12, ""increasing"": 10, ""rising"": 2, ""higher"": 2, ""leading"": 2, ""grow"": 2, ""high"": 6, ""improvement"": 4, ""positive"": 4, ""increases"": 12, ""up"": 4, ""grew"": 2, ""improved"": 2, ""most"": 2}","{""deteriorated"": 4, ""challenge"": 2, ""worsening"": 4, ""risk"": 12, ""declining"": 8, ""down"": 4, ""uncertain"": 4, ""declined"": 6, ""risks"": 10, ""weakness"": 2, ""declines"": 2, ""less"": 6, ""under"": 4, ""below"": 2, ""low"": 4, ""weak"": 4, ""lower"": 2, ""decline"": 2, ""depressed"": 2, ""decreased"": 2, ""smaller"": 2, ""falling"": 2, ""uncertainty"": 2, ""negative"": 2}"
2012-03-29,2012-03-29: Statement of the Monetary Policy Committee,5.5,hold,True,0.7114,202,96,5456,"{""positive"": 14, ""strength"": 2, ""higher"": 10, ""growth"": 54, ""improved"": 8, ""better"": 4, ""most"": 4, ""more"": 18, ""increased"": 22, ""up"": 4, ""progress"": 2, ""improvement"": 2, ""increasing"": 2, ""increase"": 16, ""above"": 2, ""leading"": 2, ""highest"": 2, ""encouraging"": 2, ""successful"": 2, ""grew"": 4, ""grow"": 4, ""achieved"": 2, ""largest"": 2, ""strong"": 2, ""high"": 2, ""increases"": 10, ""greater"": 2, ""achieve"": 2}","{""risks"": 10, ""down"": 2, ""declined"": 10, ""lower"": 8, ""less"": 4, ""low"": 6, ""threat"": 2, ""risk"": 16, ""negative"": 8, ""declining"": 6, ""uncertain"": 8, ""disappointing"": 2, ""disappoint"": 2, ""below"": 8, ""under"": 2, ""decline"": 2}"
2012-05-24,2012-05-24: Statement of the Monetary Policy Committee,5.5,hold,True,0.3802,144,98,4830,"{""growth"": 50, ""up"": 2, ""increase"": 12, ""higher"": 4, ""increased"": 20, ""improved"": 6, ""positive"": 14, ""risen"": 2, ""stronger"": 2, ""high"": 8, ""rising"": 2, ""more"": 8, ""leading"": 2, ""increasing"": 4, ""strong"": 2, ""highest"": 2, ""increases"": 2, ""greater"": 2}","{""risks"": 16, ""risk"": 14, ""lower"": 12, ""decline"": 8, ""declined"": 14, ""declining"": 2, ""weak"": 2, ""weakening"": 4, ""weaken"": 2, ""under"": 4, ""deteriorating"": 4, ""less"": 4, ""uncertain"": 4, ""weakness"": 2, ""below"": 4, ""uncertainty"": 2}"
2012-07-19,Statement of the Monetary Policy Committee,5.0,cut,True,0.0741,140,130,5238,"{""growth"": 48, ""increased"": 20, ""increase"": 12, ""more"": 6, ""increases"": 14, ""increasing"": 4, ""higher"": 4, ""improved"": 4, ""progress"": 2, ""most"": 2, ""positive"": 6, ""strong"": 2, ""highest"": 2, ""leading"": 2, ""achieve"": 2, ""improvement"": 4, ""grew"": 6}","{""risks"": 10, ""negative"": 12, ""declining"": 16, ""deteriorating"": 2, ""down"": 4, ""lowest"": 10, ""low"": 4, ""lower"": 8, ""declined"": 20, ""fall"": 2, ""risk"": 14, ""downturn"": 4, ""weak"": 4, ""weakness"": 4, ""uncertain"": 4, ""challenges"": 4, ""fell"": 2, ""decline"": 2, ""deteriorated"": 2, ""below"": 2}"
2012-09-20,STATEMENT OF THE MONETARY POLICY COMMITTEE,5.0,hold,True,0.3669,200,138,6004,"{""growth"": 74, ""positive"": 14, ""up"": 8, ""increased"": 24, ""increasing"": 4, ""higher"": 6, ""exceed"": 2, ""strong"": 4, ""improvement"": 2, ""grew"": 6, ""more"": 12, ""progress"": 2, ""increase"": 12, ""most"": 2, ""leading"": 2, ""high"": 10, ""above"": 2, ""improved"": 4, ""rising"": 4, ""increases"": 4, ""encouraging"": 2}","{""weakened"": 2, ""risks"": 24, ""low"": 10, ""deteriorated"": 4, ""declined"": 10, ""weak"": 14, ""risk"": 24, ""under"": 4, ""uncertain"": 2, ""decline"": 8, ""weakening"": 2, ""challenges"": 2, ""declining"": 4, ""negative"": 8, ""down"": 4, ""below"": 4, ""less"": 6, ""decreases"": 2, ""least"": 2, ""challenging"": 2}"
2012-11-22,Statement of the Monetary Policy Committee,5.0,hold,True,0.4459,192,122,6218,"{""growth"": 56, ""increased"": 26, ""higher"": 14, ""up"": 2, ""above"": 4, ""increase"": 10, ""increasing"": 4, ""most"": 6, ""good"": 2, ""more"": 8, ""leading"": 2, ""positive"": 6, ""progress"": 4, ""high"": 6, ""improved"": 4, ""grown"": 2, ""strong"": 4, ""increases"": 16, ""better"": 8, ""grow"": 2, ""achieve"": 2, ""improve"": 2, ""certainty"": 2}","{""deteriorated"": 8, ""risks"": 10, ""challenging"": 2, ""declining"": 6, ""worsening"": 2, ""uncertainty"": 6, ""lower"": 10, ""low"": 8, ""less"": 2, ""risk"": 22, ""negative"": 14, ""failure"": 2, ""weakening"": 2, ""declined"": 8, ""below"": 4, ""down"": 4, ""decline"": 4, ""worst"": 2, ""fall"": 2, ""weak"": 4}"
2013-01-24,Statement of the Monetary Policy Committee,5.0,hold,True,0.5833,186,102,5634,"{""improvement"": 4, ""growth"": 62, ""most"": 8, ""positive"": 6, ""up"": 2, ""increases"": 14, ""increased"": 26, ""higher"": 12, ""more"": 16, ""increase"": 10, ""improved"": 4, ""high"": 4, ""achieve"": 2, ""highest"": 4, ""grew"": 6, ""rising"": 2, ""increasing"": 2, ""certainty"": 2}","{""risks"": 18, ""down"": 4, ""challenging"": 6, ""below"": 6, ""lower"": 2, ""low"": 2, ""less"": 4, ""worst"": 2, ""uncertain"": 6, ""deteriorated"": 4, ""weak"": 6, ""risk"": 12, ""declined"": 8, ""negative"": 8, ""weakness"": 4, ""under"": 2, ""decline"": 6, ""unsettled"": 2}"
2013-03-20,Statement of the Monetary Policy Committee,5.0,hold,True,0.5393,113,65,2905,"{""growth"": 41, ""rising"": 1, ""high"": 6, ""more"": 9, ""increases"": 6, ""increased"": 11, ""up"": 3, ""increase"": 7, ""increasing"": 1, ""higher"": 3, ""best"": 1, ""most"": 2, ""positive"": 7, ""improved"": 3, ""strong"": 2, ""growing"": 1, ""better"": 1, ""grew"": 5, ""leading"": 1, ""improvements"": 1, ""opportunity"": 1}","{""least"": 1, ""challenge"": 1, ""difficult"": 2, ""deteriorated"": 1, ""risks"": 7, ""lower"": 9, ""risk"": 7, ""uncertainty"": 4, ""down"": 3, ""declined"": 7, ""less"": 4, ""disappointing"": 1, ""negative"": 3, ""below"": 3, ""weak"": 2, ""challenging"": 2, ""under"": 2, ""unsettled"": 1, ""weakening"": 1, ""decline"": 4}"
2013-05-23,Statement of the Monetary Policy Committee,5.0,hold,True,0.2545,186,144,5564,"{""growth"": 64, ""growing"": 6, ""increased"": 14, ""up"": 4, ""improvement"": 2, ""higher"": 12, ""increase"": 8, ""increases"": 14, ""positive"": 6, ""highest"": 2, ""more"": 2, ""strong"": 2, ""high"": 20, ""increasing"": 6, ""best"": 2, ""strengthening"": 2, ""leading"": 2, ""above"": 8, ""improve"": 2, ""rising"": 4, ""improved"": 2, ""grew"": 2}","{""challenges"": 4, ""uncertain"": 6, ""difficult"": 6, ""declining"": 8, ""under"": 2, ""risks"": 16, ""worsening"": 2, ""lower"": 12, ""challenging"": 2, ""negative"": 12, ""low"": 8, ""falling"": 4, ""risk"": 20, ""weakness"": 4, ""decline"": 8, ""weak"": 4, ""down"": 2, ""threats"": 2, ""declined"": 12, ""fell"": 2, ""weakened"": 2, ""below"": 2, ""deteriorating"": 2, ""unsettled"": 2}"
2013-07-18,Statement of the Monetary Policy Committee,5.0,hold,True,0.5714,99,55,3013,"{""growth"": 39, ""increased"": 11, ""up"": 2, ""increase"": 8, ""higher"": 5, ""increases"": 4, ""rising"": 2, ""stronger"": 3, ""more"": 10, ""high"": 3, ""leading"": 1, ""positive"": 3, ""expanded"": 1, ""improvement"": 1, ""grew"": 1, ""increasing"": 2, ""strong"": 1, ""strength"": 1, ""achieve"": 1}","{""weak"": 2, ""risks"": 8, ""worsening"": 1, ""decline"": 4, ""decrease"": 1, ""declined"": 5, ""lower"": 4, ""deteriorated"": 1, ""weakness"": 4, ""below"": 1, ""risk"": 6, ""uncertain"": 3, ""deteriorating"": 1, ""low"": 4, ""uncertainty"": 1, ""declining"": 3, ""weakened"": 1, ""down"": 1, ""decreased"": 1, ""under"": 1, ""less"": 1, ""challenging"": 1}"
2013-09-19,Statement of the Monetary Policy Committee,5.0,hold,True,0.2303,92,73,3113,"{""growth"": 29, ""above"": 2, ""high"": 5, ""positive"": 4, ""increased"": 13, ""up"": 3, ""higher"": 3, ""improved"": 1, ""improving"": 1, ""most"": 1, ""progress"": 1, ""strong"": 5, ""improvement"": 2, ""more"": 4, ""leading"": 1, ""highest"": 1, ""increases"": 6, ""increase"": 7, ""increasing"": 1, ""stronger"": 1, ""rising"": 1}","{""risk"": 10, ""uncertainty"": 3, ""weakening"": 1, ""down"": 1, ""deteriorated"": 2, ""lower"": 5, ""below"": 4, ""risks"": 9, ""downturn"": 1, ""failure"": 1, ""weak"": 5, ""negative"": 3, ""deteriorating"": 1, ""weaknesses"": 1, ""low"": 5, ""decline"": 7, ""less"": 2, ""declining"": 4, ""declined"": 4, ""lowest"": 1, ""declines"": 1, ""under"": 1, ""deteriorate"": 1}"
2013-11-21,Statement of the Monetary Policy Committee,5.0,hold,True,0.3607,72,50,2911,"{""growth"": 30, ""increase"": 4, ""increased"": 5, ""more"": 10, ""higher"": 4, ""positive"": 4, ""growing"": 1, ""improved"": 1, ""most"": 1, ""larger"": 1, ""high"": 2, ""stronger"": 1, ""leading"": 1, ""increasing"": 1, ""highest"": 1, ""improvement"": 1, ""above"": 1, ""increases"": 2, ""better"": 1}","{""risks"": 7, ""decline"": 3, ""low"": 3, ""declined"": 5, ""down"": 4, ""less"": 3, ""lower"": 3, ""deteriorated"": 1, ""uncertainty"": 2, ""weak"": 2, ""risk"": 6, ""below"": 4, ""challenge"": 1, ""negative"": 1, ""lowest"": 1, ""declining"": 1, ""declines"": 1, ""decrease"": 1, ""weakness"": 1}"
2014-01-29,Statement of the Monetary Policy Committee ,5.5,hike,True,0.3288,85,61,3057,"{""high"": 1, ""improving"": 1, ""positive"": 4, ""growth"": 32, ""rising"": 1, ""increase"": 8, ""higher"": 6, ""increased"": 9, ""up"": 1, ""more"": 2, ""improved"": 4, ""strong"": 2, ""improvement"": 2, ""increases"": 2, ""most"": 2, ""leading"": 2, ""stronger"": 1, ""highest"": 1, ""rise"": 1, ""increasing"": 2, ""improve"": 1}","{""challenges"": 4, ""deteriorating"": 1, ""difficult"": 2, ""risk"": 7, ""risks"": 3, ""deteriorated"": 2, ""declining"": 3, ""less"": 1, ""lowest"": 2, ""negative"": 2, ""weak"": 1, ""uncertain"": 1, ""challenge"": 1, ""uncertainty"": 2, ""least"": 1, ""weakness"": 1, ""decline"": 5, ""down"": 2, ""low"": 6, ""below"": 3, ""under"": 3, ""declined"": 6, ""disappointing"": 2}"
2014-03-27,Statement of the Monetary Policy Committee,5.5,hold,True,0.5695,97,54,3194,"{""improvement"": 5, ""increase"": 13, ""most"": 2, ""improvements"": 1, ""growth"": 34, ""up"": 2, ""higher"": 3, ""increased"": 12, ""improved"": 1, ""more"": 3, ""positive"": 3, ""larger"": 1, ""increases"": 1, ""improving"": 2, ""leading"": 1, ""strong"": 2, ""increasing"": 3, ""highest"": 1, ""opportunities"": 1, ""grew"": 1, ""exceeded"": 1, ""high"": 2, ""growing"": 1, ""rising"": 1}","{""challenging"": 1, ""uncertainty"": 1, ""risks"": 8, ""risk"": 6, ""low"": 5, ""lower"": 2, ""declined"": 5, ""uncertain"": 2, ""less"": 1, ""declining"": 4, ""weak"": 4, ""deteriorating"": 1, ""decline"": 3, ""below"": 4, ""down"": 2, ""weakening"": 2, ""under"": 1, ""lowest"": 1, ""unsettled"": 1}"
2014-05-22,Statement of the Monetary Policy Committee,5.5,hold,True,0.0263,77,75,2968,"{""more"": 9, ""growth"": 39, ""up"": 2, ""strong"": 1, ""higher"": 2, ""grew"": 2, ""larger"": 1, ""increase"": 3, ""improved"": 3, ""positive"": 1, ""leading"": 1, ""above"": 1, ""rising"": 4, ""increased"": 2, ""high"": 2, ""exceeded"": 1, ""stronger"": 2, ""improve"": 1}","{""less"": 3, ""risks"": 9, ""deteriorated"": 2, ""weak"": 3, ""challenging"": 2, ""low"": 7, ""decline"": 6, ""lower"": 5, ""below"": 3, ""risk"": 8, ""weakening"": 2, ""declining"": 5, ""uncertainty"": 1, ""negative"": 3, ""down"": 2, ""declined"": 8, ""decrease"": 1, ""weakness"": 1, ""lowest"": 2, ""difficult"": 1, ""deteriorating"": 1}"
2014-07-17,Statement of the Monetary Policy Committee,5.75,hike,True,0.1887,87,72,3381,"{""growth"": 40, ""rising"": 2, ""up"": 1, ""increased"": 12, ""improvement"": 3, ""more"": 5, ""higher"": 4, ""increases"": 2, ""strong"": 1, ""largest"": 1, ""grow"": 2, ""most"": 2, ""larger"": 1, ""improvements"": 1, ""increase"": 2, ""stronger"": 1, ""encouraging"": 1, ""positive"": 1, ""leading"": 1, ""increasing"": 2, ""achieving"": 1, ""achieve"": 1}","{""deteriorated"": 4, ""low"": 5, ""risk"": 8, ""decline"": 5, ""lower"": 3, ""less"": 2, ""risks"": 5, ""declining"": 3, ""declined"": 11, ""down"": 2, ""weak"": 8, ""under"": 1, ""deteriorating"": 1, ""negative"": 5, ""weakened"": 1, ""disappointing"": 1, ""below"": 3, ""lowest"": 1, ""weakening"": 1, ""difficult"": 2}"
2014-09-18,Statement of the Monetary Policy Committee,5.75,hold,True,0.3354,94,67,3291,"{""improved"": 2, ""growth"": 37, ""increased"": 10, ""more"": 6, ""higher"": 4, ""up"": 1, ""high"": 1, ""increases"": 3, ""improvements"": 1, ""exceed"": 1, ""achieved"": 1, ""positive"": 3, ""most"": 2, ""increasing"": 2, ""strong"": 1, ""stronger"": 1, ""rising"": 4, ""strength"": 1, ""leading"": 1, ""increase"": 4, ""improvement"": 2, ""grew"": 1, ""rise"": 1, ""above"": 2, ""certain"": 1, ""achieving"": 1}","{""deteriorated"": 2, ""declining"": 5, ""low"": 3, ""difficult"": 2, ""risks"": 10, ""declined"": 6, ""weakness"": 2, ""down"": 3, ""lower"": 8, ""less"": 1, ""deteriorating"": 1, ""weak"": 5, ""under"": 1, ""slump"": 1, ""challenging"": 2, ""below"": 4, ""uncertainty"": 2, ""weakened"": 2, ""negative"": 1, ""decline"": 2, ""weakening"": 1, ""fallen"": 1, ""risk"": 2}"
2014-11-20,Statement of the Monetary Policy Committee,5.75,hold,True,0.0988,85,77,3028,"{""more"": 8, ""growth"": 27, ""improving"": 1, ""improved"": 7, ""increased"": 9, ""high"": 2, ""above"": 3, ""better"": 1, ""increase"": 12, ""positive"": 4, ""most"": 1, ""higher"": 1, ""leading"": 1, ""increases"": 2, ""increasing"": 1, ""grew"": 3, ""achieved"": 1, ""achieve"": 1}","{""decline"": 9, ""deteriorating"": 1, ""lower"": 13, ""challenging"": 2, ""fall"": 1, ""weak"": 5, ""declining"": 5, ""down"": 5, ""low"": 3, ""less"": 2, ""risk"": 5, ""declined"": 8, ""lowest"": 2, ""uncertain"": 1, ""challenges"": 1, ""weakness"": 1, ""falling"": 1, ""risks"": 2, ""weakened"": 1, ""uncertainty"": 1, ""declines"": 1, ""below"": 5, ""negative"": 2}"
2015-01-29,Statement of the Monetary Policy Committee,5.75,hold,True,0.1091,87,78,3029,"{""growth"": 37, ""increase"": 6, ""positive"": 7, ""strong"": 2, ""higher"": 1, ""rising"": 1, ""increased"": 8, ""grew"": 1, ""high"": 4, ""rise"": 1, ""improved"": 2, ""more"": 6, ""expanded"": 1, ""largest"": 1, ""stronger"": 1, ""improvement"": 1, ""grow"": 1, ""above"": 1, ""increases"": 4, ""progress"": 1}","{""decline"": 14, ""declined"": 5, ""decrease"": 1, ""lower"": 16, ""down"": 3, ""declining"": 4, ""low"": 7, ""less"": 2, ""below"": 3, ""deteriorated"": 1, ""weak"": 6, ""deteriorating"": 1, ""risk"": 4, ""risks"": 4, ""disappointing"": 1, ""least"": 1, ""uncertainty"": 1, ""negative"": 1, ""decreased"": 1, ""uncertain"": 1, ""weakness"": 1}"
2015-03-26,Statement of the Monetary Policy Committee,5.75,hold,True,0.3077,90,66,2846,"{""increases"": 10, ""above"": 1, ""higher"": 6, ""strong"": 4, ""more"": 6, ""up"": 2, ""increase"": 4, ""high"": 5, ""improved"": 2, ""improvement"": 2, ""grew"": 1, ""stronger"": 1, ""growth"": 28, ""positive"": 3, ""larger"": 1, ""most"": 4, ""record"": 1, ""strength"": 1, ""leading"": 1, ""increased"": 6, ""achieved"": 1}","{""deteriorated"": 1, ""declines"": 1, ""risks"": 2, ""uncertain"": 4, ""weak"": 4, ""lower"": 12, ""low"": 7, ""declined"": 6, ""down"": 3, ""less"": 2, ""under"": 3, ""decline"": 3, ""negative"": 3, ""weakening"": 1, ""uncertainty"": 2, ""weakened"": 1, ""challenging"": 1, ""declining"": 3, ""weakness"": 1, ""below"": 2, ""risk"": 4}"
2015-05-21,Statement of the Monetary Policy Committee,5.75,hold,True,0.3311,88,63,2820,"{""most"": 4, ""increased"": 5, ""increases"": 6, ""growth"": 32, ""increase"": 12, ""higher"": 8, ""high"": 3, ""more"": 6, ""above"": 2, ""larger"": 1, ""rise"": 1, ""certain"": 1, ""leading"": 1, ""strong"": 2, ""rising"": 1, ""increasing"": 1, ""achieve"": 1, ""achieving"": 1}","{""challenges"": 1, ""lower"": 4, ""risks"": 8, ""risk"": 7, ""uncertainty"": 5, ""decline"": 6, ""low"": 7, ""declines"": 1, ""down"": 3, ""fall"": 1, ""uncertain"": 2, ""below"": 1, ""weak"": 4, ""negative"": 2, ""weakening"": 3, ""declining"": 2, ""less"": 1, ""declined"": 2, ""decreased"": 1, ""deteriorating"": 2}"
2015-07-23,Statement of the Monetary Policy Committee,6.0,hike,True,0.137,78,68,2852,"{""increase"": 6, ""growth"": 21, ""increased"": 6, ""increases"": 8, ""higher"": 7, ""above"": 3, ""rising"": 3, ""up"": 2, ""high"": 3, ""more"": 3, ""improvements"": 1, ""improvement"": 1, ""better"": 2, ""positive"": 1, ""grew"": 1, ""strong"": 1, ""larger"": 1, ""most"": 1, ""improved"": 3, ""leading"": 1, ""record"": 1, ""achieve"": 1, ""achieving"": 1}","{""uncertainty"": 1, ""decline"": 5, ""risks"": 13, ""weak"": 6, ""declining"": 5, ""deteriorated"": 2, ""lower"": 3, ""low"": 6, ""less"": 1, ""declined"": 4, ""smaller"": 1, ""negative"": 4, ""lowest"": 1, ""risk"": 7, ""uncertain"": 1, ""down"": 1, ""weakness"": 1, ""declines"": 1, ""below"": 3, ""failure"": 1, ""challenge"": 1}"
2015-09-23,Statement of the Monetary Policy Committee,6.0,hold,True,-0.1583,64,75,2637,"{""increased"": 8, ""growth"": 21, ""rising"": 2, ""high"": 2, ""higher"": 5, ""more"": 10, ""improvement"": 1, ""up"": 1, ""above"": 1, ""strong"": 2, ""positive"": 1, ""growing"": 2, ""most"": 1, ""leading"": 1, ""increase"": 1, ""grew"": 1, ""increasing"": 1, ""increases"": 2, ""achieve"": 1}","{""risks"": 11, ""uncertainty"": 4, ""deteriorated"": 3, ""decrease"": 1, ""down"": 5, ""lower"": 7, ""less"": 3, ""decline"": 7, ""declined"": 3, ""uncertain"": 3, ""deteriorating"": 2, ""risk"": 5, ""declining"": 3, ""weak"": 5, ""disappointment"": 1, ""below"": 1, ""challenging"": 1, ""lowest"": 2, ""disappointing"": 1, ""weakness"": 1, ""negative"": 1, ""falling"": 2, ""low"": 2, ""deteriorate"": 1}"
2015-11-19,Statement of the Monetary Policy Committee,6.25,hike,True,0.2769,74,56,2535,"{""increased"": 7, ""improved"": 2, ""up"": 2, ""improvement"": 1, ""higher"": 4, ""more"": 9, ""above"": 1, ""improvements"": 1, ""strong"": 3, ""growth"": 19, ""positive"": 2, ""greater"": 1, ""most"": 2, ""increase"": 7, ""improving"": 1, ""high"": 1, ""rising"": 1, ""leading"": 1, ""rose"": 1, ""expanded"": 1, ""increases"": 4, ""stronger"": 1, ""achieve"": 1, ""achieving"": 1}","{""risks"": 8, ""worsening"": 1, ""weak"": 3, ""challenging"": 2, ""down"": 2, ""lower"": 8, ""less"": 2, ""declined"": 4, ""uncertainty"": 1, ""decline"": 2, ""risk"": 4, ""deteriorated"": 1, ""weakening"": 1, ""low"": 2, ""uncertain"": 2, ""below"": 2, ""declines"": 1, ""drop"": 2, ""disappointing"": 1, ""declining"": 1, ""under"": 1, ""failure"": 1, ""difficult"": 2, ""deteriorating"": 1, ""challenge"": 1}"
2016-01-28,Statement of the Monetary Policy Committee,6.75,hike,True,0.1793,79,66,2642,"{""growth"": 20, ""more"": 12, ""increased"": 8, ""up"": 4, ""increase"": 9, ""higher"": 9, ""increasing"": 1, ""rising"": 1, ""most"": 4, ""strengthening"": 1, ""growing"": 2, ""leading"": 1, ""high"": 1, ""improvement"": 1, ""increases"": 3, ""above"": 1, ""exceed"": 1}","{""deteriorated"": 3, ""worsening"": 2, ""weakened"": 1, ""challenging"": 2, ""risks"": 8, ""lower"": 3, ""weakness"": 4, ""deteriorating"": 2, ""declining"": 2, ""low"": 7, ""down"": 3, ""uncertainty"": 3, ""decline"": 3, ""less"": 3, ""risk"": 5, ""weak"": 2, ""negative"": 5, ""declined"": 4, ""lowest"": 1, ""under"": 2, ""below"": 1}"
2016-03-17,Statement of the Monetary Policy Committee,7.0,hike,True,0.4054,89,59,2525,"{""exceeded"": 1, ""higher"": 8, ""improved"": 5, ""growth"": 27, ""increased"": 14, ""up"": 2, ""increase"": 7, ""more"": 7, ""improvement"": 2, ""most"": 2, ""rising"": 2, ""leading"": 1, ""positive"": 1, ""strong"": 2, ""increases"": 2, ""high"": 1, ""achieved"": 1, ""improving"": 1, ""increasing"": 2, ""larger"": 1}","{""risks"": 5, ""weakening"": 2, ""uncertain"": 2, ""lower"": 4, ""down"": 2, ""less"": 2, ""challenging"": 1, ""decline"": 3, ""below"": 4, ""weak"": 4, ""declining"": 3, ""uncertainty"": 1, ""disappointing"": 1, ""risk"": 5, ""deteriorated"": 1, ""declined"": 1, ""low"": 7, ""negative"": 5, ""lowest"": 1, ""under"": 1, ""challenges"": 1, ""deteriorating"": 2, ""worsening"": 1}"
2016-05-19,Statement of the Monetary Policy Committee,7.0,hold,True,0.3401,86,61,2588,"{""growth"": 27, ""high"": 6, ""up"": 3, ""increased"": 5, ""increasing"": 2, ""improvement"": 6, ""higher"": 6, ""improved"": 4, ""more"": 5, ""improvements"": 1, ""increase"": 8, ""strength"": 1, ""stronger"": 2, ""leading"": 1, ""positive"": 2, ""above"": 2, ""rising"": 1, ""strong"": 1, ""increases"": 2, ""exceed"": 1}","{""disappoint"": 1, ""low"": 11, ""risks"": 8, ""risk"": 6, ""uncertainty"": 4, ""fall"": 2, ""down"": 3, ""less"": 3, ""lower"": 6, ""disappointing"": 1, ""uncertain"": 1, ""declining"": 2, ""weakening"": 1, ""weak"": 2, ""declines"": 1, ""decline"": 3, ""depressed"": 1, ""negative"": 1, ""below"": 1, ""weakness"": 1, ""declined"": 1, ""worsening"": 1}"
2016-07-21,Statement of the Monetary Policy Committee,7.0,hold,True,0.0719,72,67,2527,"{""more"": 5, ""growth"": 26, ""rising"": 3, ""up"": 6, ""increased"": 4, ""increase"": 3, ""improvement"": 5, ""higher"": 1, ""high"": 4, ""most"": 1, ""strength"": 1, ""leading"": 1, ""positive"": 2, ""above"": 1, ""improved"": 1, ""opportunities"": 1, ""strong"": 1, ""increases"": 1, ""encouraging"": 1, ""improvements"": 1, ""stronger"": 3}","{""uncertain"": 1, ""below"": 3, ""negative"": 7, ""declining"": 1, ""down"": 5, ""lower"": 6, ""less"": 2, ""declined"": 7, ""decline"": 3, ""uncertainty"": 2, ""risks"": 6, ""low"": 6, ""risk"": 8, ""challenging"": 1, ""weak"": 7, ""falling"": 1, ""lowest"": 1}"
2016-09-22,Statement of the Monetary Policy Committee,7.0,hold,True,0.3158,88,64,2588,"{""higher"": 2, ""growth"": 30, ""more"": 9, ""positive"": 9, ""high"": 3, ""increased"": 6, ""highest"": 1, ""improved"": 6, ""above"": 2, ""record"": 1, ""strongest"": 1, ""rising"": 2, ""stronger"": 2, ""leading"": 1, ""improvement"": 2, ""increase"": 4, ""opportunities"": 1, ""increases"": 1, ""rise"": 1, ""improvements"": 3, ""most"": 1}","{""declined"": 8, ""weak"": 7, ""low"": 4, ""risks"": 5, ""risk"": 6, ""uncertainty"": 2, ""down"": 3, ""decline"": 4, ""less"": 6, ""lower"": 5, ""declines"": 2, ""negative"": 5, ""uncertain"": 1, ""disappointing"": 1, ""below"": 3, ""under"": 1, ""falling"": 1}"
2016-11-24,Statement of the Monetary Policy Committee,7.0,hold,True,0.6457,84,43,2449,"{""high"": 7, ""more"": 11, ""higher"": 7, ""positive"": 9, ""rising"": 2, ""growth"": 18, ""increased"": 6, ""above"": 2, ""up"": 2, ""increasing"": 1, ""increase"": 7, ""expansion"": 1, ""increases"": 4, ""strong"": 1, ""most"": 1, ""greater"": 1, ""improved"": 2, ""leading"": 1, ""improvement"": 1}","{""uncertainty"": 4, ""challenging"": 4, ""less"": 3, ""risks"": 6, ""down"": 2, ""lower"": 1, ""uncertain"": 4, ""challenges"": 1, ""low"": 2, ""negative"": 1, ""below"": 2, ""declined"": 3, ""weak"": 4, ""declining"": 2, ""decline"": 2, ""risk"": 1, ""under"": 1}"
2017-01-24,Statement of the Monetary Policy Committee,7.0,hold,True,0.5103,91,54,2641,"{""more"": 8, ""higher"": 6, ""improved"": 5, ""growth"": 26, ""improvement"": 6, ""up"": 5, ""high"": 1, ""increased"": 10, ""above"": 2, ""strong"": 2, ""stronger"": 3, ""risen"": 1, ""increases"": 3, ""increase"": 5, ""leading"": 1, ""positive"": 1, ""highest"": 1, ""strongest"": 1, ""good"": 1, ""rising"": 1, ""exceed"": 1, ""improving"": 1}","{""deteriorated"": 2, ""less"": 5, ""risks"": 7, ""uncertainty"": 3, ""challenging"": 1, ""declining"": 1, ""decline"": 7, ""declined"": 5, ""uncertain"": 4, ""threats"": 1, ""risk"": 2, ""weak"": 3, ""down"": 2, ""low"": 3, ""below"": 2, ""weakness"": 1, ""lower"": 1, ""declines"": 1, ""under"": 1, ""lowest"": 1, ""negative"": 1}"
2017-03-30,Statement of the Monetary Policy Committee,7.0,hold,True,0.55,102,58,2422,"{""improved"": 5, ""more"": 13, ""positive"": 5, ""growth"": 31, ""most"": 3, ""improvement"": 4, ""increased"": 11, ""largest"": 1, ""above"": 2, ""high"": 4, ""growing"": 1, ""stronger"": 3, ""increases"": 3, ""strengthened"": 1, ""improving"": 1, ""up"": 1, ""leading"": 1, ""good"": 1, ""grew"": 2, ""increase"": 3, ""higher"": 3, ""grow"": 1, ""greater"": 1, ""certainty"": 1}","{""uncertainty"": 6, ""risk"": 10, ""weakening"": 1, ""low"": 8, ""weak"": 6, ""declined"": 4, ""down"": 1, ""lower"": 5, ""less"": 2, ""failure"": 1, ""decline"": 4, ""negative"": 2, ""below"": 2, ""declining"": 1, ""weakness"": 1, ""disappointing"": 1, ""risks"": 2, ""deteriorate"": 1}"
2017-05-25,Statement of the Monetary Policy Committee,7.0,hold,True,0.1311,65,57,2251,"{""improved"": 7, ""increased"": 2, ""growth"": 19, ""positive"": 5, ""exceed"": 1, ""improvement"": 2, ""increase"": 3, ""higher"": 5, ""rising"": 1, ""above"": 1, ""high"": 4, ""most"": 4, ""more"": 4, ""strong"": 1, ""increases"": 4, ""stronger"": 2}","{""risks"": 5, ""uncertainty"": 7, ""deteriorated"": 2, ""weakened"": 1, ""declined"": 4, ""down"": 4, ""less"": 2, ""decline"": 2, ""lower"": 6, ""below"": 4, ""low"": 4, ""weak"": 4, ""risk"": 5, ""weakening"": 1, ""difficult"": 1, ""weaken"": 1, ""worst"": 1, ""falling"": 1, ""negative"": 1, ""deteriorate"": 1}"
2017-07-20,Statement of the Monetary Policy Committee,6.75,cut,True,0.0571,72,68,2405,"{""improved"": 6, ""growth"": 24, ""improvement"": 7, ""more"": 4, ""most"": 4, ""above"": 1, ""up"": 1, ""positive"": 8, ""strong"": 1, ""increases"": 2, ""increased"": 4, ""rising"": 1, ""leading"": 1, ""higher"": 2, ""stronger"": 1, ""increase"": 5}","{""declined"": 3, ""risks"": 8, ""deteriorated"": 2, ""negative"": 3, ""challenging"": 1, ""down"": 8, ""lower"": 7, ""below"": 5, ""decline"": 4, ""uncertainty"": 7, ""less"": 2, ""risk"": 3, ""weak"": 4, ""fall"": 2, ""under"": 1, ""low"": 3, ""decrease"": 1, ""difficult"": 1, ""weakening"": 1, ""uncertain"": 1, ""deteriorate"": 1}"
2017-09-21,Statement of the Monetary Policy Committee,6.75,hold,True,0.3111,78,57,2333,"{""positive"": 6, ""growth"": 27, ""increased"": 10, ""most"": 3, ""up"": 4, ""increase"": 5, ""above"": 3, ""more"": 2, ""improved"": 3, ""improving"": 1, ""high"": 2, ""higher"": 3, ""improvement"": 2, ""leading"": 1, ""strong"": 2, ""increases"": 3, ""greater"": 1}","{""low"": 5, ""uncertainty"": 4, ""below"": 1, ""lower"": 8, ""declined"": 5, ""less"": 2, ""risk"": 6, ""decline"": 3, ""lowest"": 2, ""risks"": 7, ""weak"": 5, ""falling"": 1, ""weakening"": 1, ""weakness"": 1, ""decreased"": 1, ""depressed"": 1, ""negative"": 1, ""declining"": 1, ""challenges"": 1, ""deteriorating"": 1}"
2017-11-23,Statement of the Monetary Policy Committee,6.75,hold,True,0.3262,82,59,2548,"{""increased"": 11, ""higher"": 13, ""growth"": 20, ""more"": 2, ""stronger"": 2, ""increase"": 10, ""increases"": 3, ""up"": 4, ""positive"": 7, ""highest"": 1, ""most"": 1, ""leading"": 1, ""high"": 3, ""improved"": 1, ""above"": 1, ""increasing"": 1, ""achieving"": 1}","{""risks"": 11, ""weak"": 5, ""down"": 4, ""below"": 2, ""low"": 7, ""lower"": 3, ""uncertainty"": 4, ""risk"": 7, ""negative"": 5, ""falling"": 1, ""uncertain"": 3, ""decline"": 1, ""lowest"": 2, ""declined"": 1, ""deteriorating"": 1, ""less"": 1, ""under"": 1}"
2018-01-18,Statement of the Monetary Policy Committee,6.75,hold,True,0.7407,111,51,2579,"{""increase"": 9, ""growth"": 32, ""more"": 10, ""positive"": 10, ""improved"": 7, ""increases"": 6, ""up"": 4, ""strong"": 4, ""improvement"": 5, ""stronger"": 3, ""higher"": 5, ""larger"": 1, ""most"": 2, ""encouraging"": 1, ""leading"": 1, ""high"": 1, ""increased"": 6, ""greater"": 1, ""certainty"": 1, ""above"": 2}","{""risks"": 9, ""lower"": 8, ""risk"": 4, ""deteriorating"": 1, ""challenging"": 1, ""down"": 3, ""decline"": 3, ""low"": 4, ""less"": 4, ""declined"": 6, ""declining"": 1, ""uncertain"": 1, ""challenges"": 2, ""weakness"": 1, ""weak"": 1, ""below"": 1, ""challenge"": 1}"
2018-03-28,Statement of the Monetary Policy Committee,6.5,cut,True,0.5085,74,44,2110,"{""increase"": 15, ""stronger"": 4, ""growth"": 18, ""more"": 3, ""positive"": 4, ""increased"": 3, ""improvement"": 3, ""increases"": 4, ""improved"": 6, ""largest"": 1, ""higher"": 7, ""strengthening"": 1, ""leading"": 1, ""highest"": 1, ""grow"": 1, ""most"": 1, ""achieved"": 1}","{""risks"": 9, ""low"": 4, ""risk"": 7, ""negative"": 2, ""challenging"": 2, ""declining"": 1, ""declined"": 5, ""down"": 1, ""falls"": 1, ""lower"": 3, ""lowest"": 1, ""weakness"": 1, ""below"": 2, ""weak"": 1, ""decline"": 1, ""less"": 2, ""uncertain"": 1}"
2018-05-24,Statement of the Monetary Policy Committee,6.5,hold,True,0.6364,87,45,2161,"{""higher"": 4, ""rising"": 5, ""strength"": 1, ""growth"": 18, ""improved"": 4, ""increasing"": 1, ""increase"": 15, ""increased"": 5, ""more"": 7, ""increases"": 6, ""above"": 3, ""positive"": 5, ""exceeded"": 1, ""most"": 2, ""strengthening"": 1, ""up"": 1, ""leading"": 1, ""strong"": 1, ""high"": 2, ""stronger"": 2, ""improvement"": 1, ""greater"": 1}","{""lower"": 7, ""risks"": 9, ""disappointing"": 1, ""low"": 3, ""declined"": 2, ""less"": 3, ""deteriorated"": 1, ""uncertainty"": 2, ""weakness"": 2, ""challenging"": 2, ""risk"": 5, ""deteriorating"": 1, ""negative"": 4, ""below"": 2, ""weak"": 1}"
2018-07-19,Statement of the Monetary Policy Committee,6.5,hold,True,0.2222,45,36,1436,"{""growth"": 14, ""increased"": 3, ""up"": 4, ""increase"": 4, ""higher"": 5, ""more"": 2, ""increasing"": 1, ""rising"": 2, ""most"": 2, ""stronger"": 1, ""leading"": 1, ""improved"": 1, ""above"": 1, ""increases"": 3, ""strength"": 1}","{""risks"": 8, ""low"": 3, ""challenging"": 1, ""down"": 2, ""declined"": 3, ""less"": 2, ""decreasing"": 1, ""declining"": 1, ""uncertainty"": 1, ""worst"": 1, ""risk"": 4, ""negative"": 1, ""deteriorating"": 2, ""decreased"": 1, ""weak"": 2, ""decline"": 1, ""lower"": 1, ""deteriorated"": 1}"
2018-09-20,Statement of the Monetary Policy Committee,6.5,hold,True,0.4416,47,30,1306,"{""growth"": 16, ""increased"": 3, ""up"": 5, ""increase"": 5, ""increasing"": 2, ""more"": 1, ""higher"": 5, ""above"": 2, ""rise"": 1, ""rising"": 2, ""exceed"": 1, ""leading"": 1, ""improvement"": 1, ""growing"": 1, ""most"": 1}","{""risks"": 9, ""deteriorated"": 1, ""weakened"": 1, ""declined"": 2, ""down"": 5, ""lower"": 1, ""uncertainty"": 2, ""negative"": 1, ""decreased"": 1, ""weak"": 2, ""declining"": 1, ""low"": 1, ""risk"": 1, ""challenges"": 1, ""deteriorating"": 1}"
2018-11-22,Statement of the Monetary Policy Committee ,6.75,hike,True,0.321,47,34,1425,"{""improved"": 2, ""higher"": 3, ""increasing"": 2, ""growth"": 16, ""up"": 3, ""increase"": 4, ""increases"": 3, ""above"": 3, ""rising"": 4, ""grow"": 1, ""more"": 2, ""leading"": 1, ""largest"": 1, ""high"": 1, ""stronger"": 1}","{""risks"": 8, ""weak"": 2, ""decreased"": 1, ""lower"": 3, ""down"": 6, ""less"": 1, ""uncertainty"": 1, ""challenging"": 1, ""negative"": 1, ""weakness"": 2, ""decrease"": 1, ""decline"": 1, ""below"": 2, ""low"": 1, ""challenges"": 1, ""risk"": 1, ""difficult"": 1}"
2019-01-17,Statement of the Monetary Policy Committee ,6.75,hold,True,0.0274,37,36,1327,"{""improved"": 5, ""growth"": 16, ""up"": 3, ""increasing"": 1, ""rise"": 1, ""above"": 1, ""increases"": 3, ""more"": 3, ""increased"": 2, ""leading"": 1, ""rising"": 1}","{""declines"": 1, ""less"": 2, ""decreased"": 1, ""lower"": 5, ""down"": 9, ""decline"": 1, ""declined"": 1, ""risks"": 6, ""negative"": 2, ""uncertainty"": 1, ""weak"": 3, ""lowest"": 1, ""below"": 1, ""weakness"": 1, ""challenges"": 1}"
2019-03-28,Statement of the Monetary Policy Committee ,6.75,hold,True,0.0,46,46,1467,"{""growth"": 12, ""increased"": 4, ""higher"": 6, ""rising"": 5, ""up"": 4, ""increasing"": 3, ""increases"": 1, ""most"": 2, ""growing"": 2, ""above"": 1, ""stronger"": 2, ""better"": 1, ""leading"": 1, ""more"": 2}","{""weakness"": 2, ""down"": 9, ""risks"": 8, ""difficult"": 1, ""lower"": 8, ""weak"": 3, ""declining"": 2, ""declined"": 1, ""lowest"": 2, ""weaken"": 1, ""below"": 1, ""low"": 2, ""less"": 2, ""decrease"": 1, ""decline"": 1, ""declines"": 1, ""challenges"": 1}"
2019-05-23,Statement of the Monetary Policy Committee ,6.75,hold,True,-0.1081,35,39,1313,"{""growth"": 11, ""positive"": 2, ""up"": 3, ""increased"": 2, ""improved"": 2, ""increasing"": 1, ""increases"": 2, ""most"": 1, ""stronger"": 1, ""better"": 1, ""leading"": 1, ""larger"": 1, ""growing"": 1, ""rise"": 1, ""high"": 1, ""certain"": 1, ""more"": 3}","{""risks"": 6, ""threats"": 1, ""weak"": 5, ""down"": 11, ""lower"": 5, ""declining"": 1, ""uncertainty"": 1, ""below"": 2, ""risk"": 1, ""negative"": 2, ""disappointing"": 1, ""decreased"": 1, ""challenges"": 1, ""less"": 1}"
2019-07-18,Statement of the Monetary Policy Committee ,6.5,cut,True,-0.4615,25,40,1424,"{""up"": 1, ""rising"": 1, ""growth"": 11, ""high"": 3, ""most"": 3, ""stronger"": 1, ""better"": 1, ""improved"": 1, ""leading"": 1, ""more"": 1, ""increase"": 1}","{""risks"": 11, ""decreased"": 3, ""down"": 5, ""lower"": 4, ""low"": 3, ""declined"": 1, ""lowest"": 1, ""deteriorated"": 1, ""declining"": 1, ""below"": 2, ""risk"": 1, ""weakness"": 3, ""decline"": 1, ""negative"": 1, ""challenges"": 1, ""uncertain"": 1}"
2019-09-19,Statement of the Monetary Policy Committee ,6.5,hold,True,0.0845,37,34,1261,"{""more"": 1, ""up"": 5, ""rose"": 2, ""rising"": 1, ""higher"": 4, ""rise"": 1, ""growth"": 12, ""high"": 3, ""most"": 3, ""improvements"": 1, ""stronger"": 1, ""leading"": 1, ""positive"": 1, ""increase"": 1}","{""low"": 2, ""risks"": 9, ""weak"": 2, ""decreased"": 2, ""down"": 3, ""lower"": 4, ""lowest"": 1, ""declined"": 2, ""deteriorated"": 1, ""decline"": 2, ""below"": 1, ""risk"": 1, ""weakness"": 1, ""fell"": 1, ""fall"": 1, ""uncertain"": 1}"
2019-11-21,Statement of the Monetary Policy Committee ,6.5,hold,True,-0.2588,37,48,1262,"{""more"": 3, ""rising"": 2, ""growth"": 13, ""up"": 1, ""high"": 3, ""most"": 3, ""positive"": 2, ""improvements"": 1, ""grow"": 1, ""rose"": 1, ""leading"": 1, ""higher"": 2, ""risen"": 1, ""increase"": 2, ""increased"": 1}","{""weak"": 5, ""low"": 3, ""less"": 1, ""risks"": 10, ""lower"": 7, ""down"": 6, ""decreased"": 3, ""lowest"": 1, ""declined"": 2, ""weakness"": 2, ""below"": 1, ""risk"": 2, ""fell"": 1, ""uncertainty"": 2, ""uncertain"": 2}"
2020-01-16,Statement of the Monetary Policy Committee,6.25,cut,True,-0.0976,39,43,1252,"{""improved"": 3, ""more"": 2, ""positive"": 1, ""growth"": 14, ""rising"": 2, ""up"": 2, ""high"": 2, ""most"": 1, ""improvements"": 1, ""strong"": 1, ""grow"": 1, ""leading"": 1, ""increased"": 1, ""higher"": 2, ""risen"": 1, ""increasing"": 1, ""increase"": 2, ""strengthened"": 1}","{""low"": 2, ""less"": 1, ""risks"": 9, ""lower"": 9, ""down"": 9, ""decreased"": 3, ""declined"": 1, ""below"": 1, ""weak"": 3, ""fell"": 1, ""risk"": 3, ""uncertain"": 1}"
2020-03-19,Statement of the Monetary Policy Committee,5.25,cut,True,-0.2687,29,38,1379,"{""growth"": 10, ""rising"": 1, ""higher"": 3, ""rise"": 3, ""grow"": 1, ""high"": 1, ""strengthening"": 1, ""better"": 1, ""growing"": 1, ""increasing"": 1, ""increased"": 1, ""up"": 1, ""improve"": 2, ""increase"": 1, ""opportunities"": 1}","{""lower"": 7, ""down"": 3, ""uncertainty"": 2, ""risky"": 1, ""fell"": 2, ""fallen"": 1, ""below"": 2, ""declined"": 1, ""weakened"": 2, ""risk"": 5, ""low"": 2, ""risks"": 8, ""drop"": 1, ""decline"": 1}"
2020-04-14,Statement of the Monetary Policy Committee 14 April 2020,4.25,cut,True,0.0299,34,33,1441,"{""growth"": 9, ""strength"": 1, ""up"": 2, ""high"": 1, ""expand"": 1, ""more"": 5, ""grow"": 1, ""increase"": 2, ""positive"": 1, ""strengthen"": 1, ""risen"": 1, ""higher"": 3, ""greater"": 1, ""increased"": 1, ""rise"": 1, ""improve"": 2, ""opportunities"": 1}","{""less"": 3, ""uncertain"": 2, ""risk"": 5, ""weak"": 1, ""uncertainty"": 1, ""under"": 2, ""fallen"": 1, ""lower"": 5, ""down"": 2, ""negative"": 2, ""risks"": 7, ""low"": 1, ""below"": 1}"
2020-05-21,Statement of the Monetary Policy Committee,3.75,cut,True,-0.1961,23,28,1342,"{""strength"": 1, ""growth"": 4, ""up"": 2, ""higher"": 3, ""improved"": 1, ""increased"": 2, ""expand"": 1, ""more"": 2, ""high"": 2, ""grow"": 1, ""improve"": 2, ""increase"": 1, ""opportunities"": 1}","{""decreasing"": 1, ""risk"": 3, ""uncertainty"": 1, ""less"": 2, ""challenges"": 1, ""challenged"": 1, ""decline"": 1, ""low"": 3, ""uncertain"": 2, ""lower"": 2, ""risks"": 8, ""fallen"": 1, ""below"": 1, ""down"": 1}"
2020-07-23,Statement of the Monetary Policy Committee,3.5,cut,True,-0.1091,26,29,1293,"{""strength"": 1, ""growth"": 6, ""improved"": 1, ""stronger"": 1, ""rise"": 1, ""high"": 3, ""grow"": 1, ""increased"": 2, ""rising"": 1, ""higher"": 2, ""rose"": 1, ""improve"": 2, ""up"": 1, ""more"": 1, ""increase"": 1, ""opportunities"": 1}","{""risk"": 4, ""uncertainty"": 1, ""less"": 1, ""challenges"": 1, ""challenged"": 1, ""lower"": 4, ""decline"": 1, ""low"": 3, ""uncertain"": 2, ""weakness"": 1, ""risks"": 8, ""below"": 1, ""down"": 1}"
2020-09-17,Statement of the Monetary Policy Committee,3.5,hold,True,0.1143,37,33,1404,"{""improved"": 3, ""most"": 1, ""growth"": 10, ""up"": 3, ""high"": 4, ""expanded"": 1, ""stronger"": 1, ""expansion"": 1, ""grow"": 1, ""increased"": 2, ""rising"": 1, ""rise"": 1, ""higher"": 4, ""increases"": 1, ""improve"": 1, ""increase"": 1, ""opportunities"": 1}","{""negative"": 2, ""risk"": 3, ""challenged"": 1, ""lower"": 4, ""low"": 4, ""decline"": 1, ""smaller"": 1, ""below"": 4, ""risks"": 8, ""uncertain"": 2, ""falling"": 1, ""down"": 2}"
2020-11-19,Statement of the Monetary Policy Committee,3.5,hold,True,0.2535,40,31,1479,"{""higher"": 3, ""better"": 2, ""successful"": 1, ""growth"": 13, ""most"": 1, ""improved"": 3, ""strengthen"": 1, ""up"": 3, ""grow"": 2, ""high"": 5, ""stronger"": 1, ""rising"": 1, ""increases"": 1, ""improve"": 1, ""increase"": 1, ""opportunities"": 1}","{""lower"": 6, ""risks"": 9, ""negative"": 1, ""risk"": 2, ""fail"": 1, ""low"": 3, ""down"": 3, ""uncertain"": 2, ""below"": 4}"
2021-01-21,Statement of the Monetary Policy Committee,3.5,hold,True,0.5143,44,26,1378,"{""growth"": 16, ""higher"": 6, ""up"": 5, ""expand"": 1, ""strengthen"": 1, ""improved"": 3, ""grew"": 1, ""stronger"": 1, ""grow"": 1, ""high"": 2, ""strengthening"": 1, ""risen"": 1, ""more"": 2, ""rising"": 2, ""increases"": 1}","{""risk"": 1, ""fail"": 1, ""lower"": 5, ""less"": 1, ""weakness"": 1, ""risks"": 8, ""low"": 2, ""weak"": 1, ""uncertainty"": 1, ""uncertain"": 2, ""below"": 2, ""lowest"": 1}"
2021-03-25,Statement of the Monetary Policy Committee March 2021,3.5,hold,True,0.6364,58,30,1492,"{""growth"": 14, ""up"": 8, ""more"": 3, ""improved"": 4, ""stronger"": 3, ""increased"": 4, ""expanded"": 1, ""grow"": 2, ""rising"": 2, ""progress"": 1, ""high"": 3, ""good"": 1, ""higher"": 7, ""strengthen"": 1, ""improvement"": 1, ""increase"": 1, ""achieving"": 1, ""increasing"": 1}","{""uncertainty"": 2, ""risk"": 3, ""fail"": 1, ""down"": 3, ""less"": 1, ""lower"": 6, ""weakness"": 1, ""risks"": 7, ""low"": 3, ""weak"": 1, ""below"": 1, ""uncertain"": 1}"
2021-05-20,Statement of the Monetary Policy Committee May 2021,3.5,hold,True,0.7294,58,27,1427,"{""growth"": 13, ""more"": 5, ""up"": 4, ""higher"": 8, ""greater"": 1, ""improved"": 2, ""expansion"": 1, ""stronger"": 4, ""grow"": 2, ""better"": 1, ""rising"": 5, ""risen"": 1, ""strengthening"": 1, ""progress"": 1, ""good"": 1, ""strong"": 1, ""high"": 1, ""increased"": 1, ""increasing"": 3, ""increase"": 1, ""achieving"": 1}","{""uncertainty"": 2, ""risk"": 6, ""fail"": 1, ""low"": 3, ""risks"": 6, ""lower"": 4, ""down"": 4, ""uncertain"": 1}"
2021-07-22,Statement of the Monetary Policy Committee July 2021,3.5,hold,True,0.8764,64,25,1618,"{""improvements"": 1, ""stronger"": 3, ""better"": 6, ""growth"": 12, ""higher"": 11, ""improved"": 2, ""grew"": 1, ""high"": 3, ""up"": 9, ""rising"": 3, ""grow"": 1, ""good"": 1, ""strong"": 1, ""strengthens"": 1, ""rise"": 2, ""increase"": 2, ""increased"": 1, ""above"": 1, ""rose"": 1, ""achieving"": 1, ""increasing"": 1}","{""uncertainty"": 3, ""risk"": 2, ""fail"": 1, ""low"": 2, ""risks"": 9, ""lower"": 5, ""down"": 2, ""uncertain"": 1}"
2021-09-23,Statement of the Monetary Policy Committee September 2021,3.5,hold,True,0.5882,66,36,1744,"{""improvement"": 1, ""growth"": 9, ""rising"": 3, ""up"": 10, ""higher"": 13, ""improved"": 2, ""grew"": 1, ""better"": 3, ""high"": 3, ""more"": 3, ""grow"": 2, ""larger"": 1, ""most"": 1, ""strong"": 2, ""strengthened"": 1, ""above"": 2, ""expand"": 1, ""rise"": 3, ""strength"": 1, ""increase"": 1, ""increases"": 1, ""achieving"": 1, ""increasing"": 1}","{""risks"": 9, ""uncertainty"": 2, ""risk"": 2, ""fail"": 1, ""weakness"": 1, ""low"": 2, ""lower"": 5, ""negative"": 2, ""fell"": 2, ""down"": 5, ""weak"": 1, ""shrink"": 1, ""less"": 1, ""smaller"": 1, ""uncertain"": 1}"
2021-11-18,Statement of the Monetary Policy Committee November 2021,3.75,hike,True,0.7789,66,29,1768,"{""growth"": 12, ""rising"": 2, ""up"": 5, ""higher"": 12, ""increased"": 6, ""improved"": 1, ""grew"": 1, ""grow"": 2, ""larger"": 1, ""high"": 3, ""stronger"": 1, ""greater"": 1, ""strong"": 2, ""strengthened"": 1, ""above"": 3, ""increases"": 2, ""rise"": 3, ""expand"": 1, ""increase"": 3, ""more"": 1, ""better"": 1, ""achieving"": 1, ""increasing"": 1}","{""risks"": 9, ""less"": 1, ""uncertainty"": 3, ""risk"": 4, ""down"": 1, ""negative"": 1, ""low"": 2, ""weak"": 1, ""smaller"": 2, ""decreased"": 1, ""below"": 1, ""lower"": 2, ""uncertain"": 1}"
2022-01-27,Statement of the Monetary Policy Committee January 2022,4.0,hike,True,0.8814,85,33,1866,"{""rising"": 3, ""growth"": 22, ""most"": 1, ""higher"": 8, ""certain"": 1, ""increased"": 6, ""better"": 2, ""above"": 6, ""grow"": 2, ""high"": 1, ""more"": 7, ""strengthened"": 2, ""good"": 1, ""strong"": 2, ""increases"": 1, ""up"": 6, ""rise"": 5, ""expanding"": 1, ""stronger"": 2, ""leading"": 1, ""increase"": 2, ""rose"": 1, ""achieving"": 1, ""increasing"": 1}","{""risks"": 10, ""down"": 2, ""less"": 2, ""uncertainty"": 2, ""risk"": 4, ""low"": 3, ""lower"": 3, ""negative"": 1, ""decreased"": 1, ""decline"": 2, ""smaller"": 1, ""below"": 1, ""uncertain"": 1}"
2022-03-24,Statement of the Monetary Policy Committee March 2022,4.25,hike,True,1.008,94,31,1912,"{""high"": 3, ""growth"": 19, ""higher"": 18, ""rising"": 4, ""more"": 5, ""most"": 1, ""better"": 2, ""expanding"": 1, ""grow"": 1, ""up"": 10, ""stronger"": 3, ""above"": 3, ""good"": 1, ""positive"": 1, ""increased"": 8, ""rise"": 4, ""increase"": 4, ""increases"": 1, ""exceeds"": 1, ""growing"": 1, ""rose"": 1, ""achieving"": 1, ""increasing"": 1}","{""fall"": 2, ""down"": 4, ""lower"": 3, ""low"": 3, ""uncertainty"": 1, ""weakened"": 1, ""risks"": 8, ""decreased"": 1, ""falling"": 1, ""risk"": 2, ""decline"": 1, ""below"": 2, ""less"": 1, ""uncertain"": 1}"
2022-05-19,Statement of the Monetary Policy Committee May 2022,4.75,hike,True,0.9027,82,31,1947,"{""most"": 2, ""growth"": 17, ""higher"": 19, ""rising"": 2, ""better"": 3, ""expanding"": 1, ""grow"": 1, ""stronger"": 2, ""expand"": 1, ""above"": 3, ""up"": 7, ""good"": 1, ""more"": 3, ""positive"": 1, ""rise"": 5, ""increased"": 7, ""increases"": 1, ""high"": 1, ""rose"": 1, ""increase"": 2, ""achieving"": 1, ""increasing"": 1}","{""fall"": 2, ""down"": 6, ""weaken"": 1, ""worsen"": 1, ""declined"": 1, ""low"": 2, ""weakened"": 1, ""risks"": 7, ""lower"": 4, ""decreased"": 1, ""falling"": 1, ""risk"": 2, ""below"": 1, ""uncertain"": 1}"
2022-07-21,Statement of the Monetary Policy Committee July 2022,5.5,hike,True,0.9831,88,30,1967,"{""high"": 3, ""growth"": 18, ""higher"": 18, ""expand"": 2, ""grow"": 1, ""up"": 10, ""stronger"": 2, ""more"": 3, ""above"": 3, ""strengthened"": 1, ""rising"": 3, ""positive"": 1, ""increased"": 8, ""rise"": 5, ""better"": 1, ""increases"": 1, ""increase"": 5, ""rose"": 1, ""achieving"": 1, ""increasing"": 1}","{""uncertain"": 2, ""down"": 3, ""lower"": 4, ""declined"": 2, ""below"": 2, ""low"": 1, ""weak"": 1, ""risks"": 8, ""falling"": 2, ""risk"": 3, ""weakness"": 1, ""declining"": 1}"
2022-09-22,Statement of the Monetary Policy Committee September 2022,6.25,hike,True,0.2373,66,52,2000,"{""high"": 4, ""growth"": 18, ""strengthened"": 2, ""higher"": 7, ""grow"": 1, ""more"": 5, ""expand"": 1, ""above"": 2, ""stronger"": 1, ""positive"": 1, ""increased"": 5, ""rise"": 5, ""better"": 1, ""increases"": 1, ""up"": 6, ""increase"": 4, ""achieving"": 1, ""increasing"": 1}","{""less"": 3, ""below"": 2, ""down"": 13, ""declined"": 3, ""weakened"": 1, ""weak"": 1, ""low"": 1, ""risks"": 9, ""negative"": 1, ""falling"": 3, ""risk"": 3, ""lower"": 10, ""declining"": 1, ""uncertain"": 1}"
2022-11-24,Statement of the Monetary Policy Committee November 2022,7.0,hike,True,0.4696,71,44,1986,"{""high"": 9, ""growth"": 19, ""increase"": 7, ""grow"": 1, ""record"": 1, ""stronger"": 1, ""higher"": 10, ""increased"": 4, ""expand"": 1, ""larger"": 1, ""rising"": 2, ""better"": 1, ""more"": 4, ""rise"": 2, ""up"": 3, ""increasing"": 2, ""above"": 2, ""achieving"": 1}","{""weak"": 2, ""weaken"": 1, ""low"": 5, ""risk"": 7, ""declines"": 1, ""less"": 1, ""declined"": 2, ""lower"": 7, ""below"": 1, ""risks"": 7, ""down"": 4, ""falling"": 3, ""fallen"": 1, ""decline"": 1, ""uncertain"": 1}"
2023-01-26,Statement of the Monetary Policy Committee January 2023,7.25,hike,True,0.5676,95,53,2258,"{""high"": 4, ""growth"": 29, ""improved"": 1, ""higher"": 11, ""rising"": 3, ""increase"": 5, ""better"": 3, ""grew"": 1, ""strong"": 1, ""expansion"": 1, ""up"": 9, ""more"": 5, ""positive"": 3, ""increased"": 7, ""expand"": 1, ""stronger"": 1, ""increases"": 2, ""rose"": 1, ""improving"": 1, ""grown"": 1, ""rise"": 2, ""above"": 1, ""achieving"": 1, ""increasing"": 1}","{""weak"": 1, ""risks"": 9, ""lower"": 17, ""low"": 2, ""risk"": 5, ""down"": 7, ""declining"": 1, ""less"": 2, ""uncertain"": 2, ""negative"": 1, ""decrease"": 1, ""deteriorate"": 1, ""decreased"": 1, ""below"": 1, ""deteriorated"": 1, ""weakness"": 1}"
2023-03-30,Statement of the Monetary Policy Committee March 2023,7.75,hike,True,0.7737,95,42,2164,"{""growth"": 25, ""better"": 1, ""improved"": 1, ""higher"": 14, ""high"": 3, ""achieved"": 1, ""grow"": 2, ""positive"": 2, ""up"": 15, ""above"": 2, ""expand"": 1, ""more"": 5, ""improvement"": 1, ""increased"": 4, ""stronger"": 1, ""rise"": 5, ""rose"": 2, ""improving"": 1, ""increases"": 1, ""leading"": 1, ""larger"": 1, ""increase"": 4, ""achieving"": 1, ""increasing"": 1}","{""risks"": 12, ""difficult"": 1, ""low"": 2, ""risk"": 4, ""weaknesses"": 1, ""lower"": 10, ""worse"": 1, ""uncertainty"": 1, ""uncertain"": 2, ""negative"": 1, ""down"": 1, ""deteriorate"": 1, ""weakened"": 1, ""decline"": 1, ""falling"": 1, ""weakness"": 1, ""less"": 1}"
2023-05-25,Statement of the Monetary Policy Committee May 2023,8.25,hike,True,0.8661,91,36,1973,"{""improved"": 2, ""growth"": 24, ""more"": 5, ""high"": 4, ""rise"": 7, ""higher"": 14, ""increase"": 4, ""grow"": 2, ""positive"": 3, ""improvement"": 1, ""up"": 12, ""increased"": 4, ""expanding"": 1, ""rose"": 1, ""increases"": 2, ""leading"": 1, ""larger"": 1, ""above"": 1, ""achieve"": 1, ""increasing"": 1}","{""risks"": 10, ""fell"": 1, ""decline"": 1, ""falling"": 3, ""weak"": 1, ""uncertain"": 2, ""lower"": 7, ""weakness"": 2, ""risk"": 5, ""weakened"": 1, ""down"": 3}"
2023-07-20,Statement of the Monetary Policy Committee July 2023,8.25,hold,True,0.5143,66,39,1880,"{""growth"": 19, ""high"": 6, ""more"": 3, ""higher"": 6, ""improved"": 1, ""stronger"": 1, ""increasing"": 2, ""positive"": 2, ""grow"": 2, ""up"": 6, ""increased"": 3, ""improvement"": 1, ""greater"": 1, ""increase"": 3, ""rise"": 4, ""expansion"": 1, ""better"": 1, ""increases"": 1, ""achieve"": 1, ""achieving"": 1, ""strengthen"": 1}","{""risks"": 9, ""falling"": 2, ""fell"": 1, ""decline"": 1, ""uncertainty"": 1, ""weaken"": 1, ""decreasing"": 1, ""lower"": 10, ""negative"": 1, ""down"": 3, ""weakened"": 1, ""risk"": 5, ""decreases"": 1, ""uncertain"": 1, ""decreased"": 1}"
2023-09-21,Statement of the Monetary Policy Committee September 2023,8.25,hold,True,0.6667,72,36,1910,"{""certain"": 1, ""growth"": 20, ""increased"": 7, ""stronger"": 2, ""higher"": 6, ""increasing"": 2, ""positive"": 2, ""grow"": 2, ""up"": 5, ""improvement"": 1, ""greater"": 1, ""increase"": 4, ""expands"": 1, ""high"": 6, ""rising"": 1, ""better"": 1, ""rise"": 4, ""increases"": 2, ""more"": 1, ""achieve"": 1, ""achieving"": 1, ""strengthen"": 1}","{""less"": 1, ""risks"": 11, ""negative"": 1, ""falling"": 1, ""weaken"": 1, ""fell"": 1, ""decline"": 1, ""decreasing"": 1, ""lower"": 7, ""weakened"": 1, ""risk"": 6, ""down"": 2, ""uncertain"": 1, ""below"": 1}"
2023-11-23,Statement of the Monetary Policy Committee November 2023,8.25,hold,True,0.6786,75,37,1900,"{""growth"": 22, ""most"": 1, ""achieving"": 2, ""high"": 6, ""increase"": 6, ""positive"": 3, ""grow"": 2, ""up"": 6, ""increased"": 5, ""above"": 1, ""greater"": 1, ""more"": 2, ""expands"": 1, ""better"": 3, ""rising"": 2, ""higher"": 5, ""rise"": 3, ""improved"": 1, ""achieve"": 1, ""increasing"": 1, ""strengthen"": 1}","{""weak"": 1, ""uncertain"": 2, ""falling"": 1, ""decline"": 1, ""fall"": 1, ""uncertainty"": 1, ""declined"": 1, ""decreasing"": 1, ""lower"": 6, ""decrease"": 1, ""risks"": 9, ""smaller"": 1, ""drop"": 1, ""weakened"": 1, ""risk"": 4, ""down"": 3, ""weakness"": 1, ""low"": 1}"
2024-01-25,Statement of the Monetary Policy Committee January 2024,8.25,hold,True,0.6105,62,33,1743,"{""high"": 5, ""growth"": 18, ""better"": 3, ""most"": 1, ""improvement"": 1, ""expanding"": 1, ""higher"": 4, ""increase"": 3, ""up"": 2, ""rise"": 4, ""more"": 2, ""expands"": 1, ""rising"": 3, ""grow"": 1, ""grew"": 1, ""risen"": 1, ""improvements"": 1, ""strong"": 1, ""increased"": 2, ""increases"": 1, ""achieving"": 2, ""improve"": 1, ""strengthening"": 1, ""increasing"": 1, ""strengthen"": 1}","{""uncertain"": 3, ""uncertainty"": 1, ""decline"": 1, ""fall"": 2, ""weak"": 2, ""negative"": 2, ""decrease"": 1, ""lower"": 4, ""down"": 2, ""risks"": 5, ""fell"": 1, ""worst"": 1, ""low"": 2, ""below"": 1, ""less"": 1, ""weakness"": 1, ""risk"": 3}"
2024-03-27,Statement of the Monetary Policy Committee March 2024,8.25,hold,True,0.5778,29,16,946,"{""stronger"": 1, ""largest"": 1, ""above"": 1, ""positive"": 1, ""increasing"": 1, ""expanding"": 1, ""growth"": 6, ""improving"": 2, ""better"": 1, ""more"": 1, ""most"": 1, ""up"": 2, ""rose"": 1, ""rise"": 1, ""highest"": 2, ""high"": 2, ""growing"": 1, ""improve"": 2, ""achieving"": 1}","{""lower"": 2, ""declined"": 1, ""low"": 1, ""worse"": 3, ""below"": 1, ""risks"": 4, ""difficult"": 1, ""under"": 1, ""weakening"": 1, ""uncertainty"": 1}"
2024-05-30,Statement of the Monetary Policy Committee May 2024,8.25,hold,True,0.9231,38,14,858,"{""more"": 4, ""positive"": 1, ""leading"": 1, ""exceeding"": 1, ""above"": 2, ""high"": 2, ""greater"": 1, ""improvement"": 4, ""achieving"": 2, ""better"": 3, ""higher"": 2, ""improves"": 1, ""deliver"": 1, ""growth"": 9, ""improve"": 2, ""improving"": 1, ""achieved"": 1}","{""uncertain"": 2, ""worse"": 3, ""uncertainty"": 2, ""less"": 1, ""lower"": 1, ""down"": 2, ""risks"": 3}"
2024-07-18,Statement of the Monetary Policy Committee July 2024,8.25,hold,True,0.8,35,15,975,"{""increases"": 1, ""most"": 2, ""above"": 5, ""more"": 4, ""growth"": 6, ""improving"": 2, ""improved"": 5, ""stronger"": 1, ""progress"": 1, ""high"": 2, ""higher"": 1, ""up"": 2, ""achieving"": 1, ""improve"": 2}","{""low"": 1, ""lower"": 2, ""disappointing"": 2, ""below"": 2, ""risks"": 8}"
2024-09-19,Statement of the Monetary Policy Committee September 2024,8.0,cut,True,0.3297,53,38,1293,"{""growth"": 15, ""more"": 4, ""improvements"": 3, ""rising"": 2, ""higher"": 8, ""better"": 2, ""stronger"": 3, ""progress"": 2, ""above"": 2, ""improved"": 1, ""larger"": 2, ""increases"": 4, ""strengthened"": 1, ""most"": 1, ""deliver"": 1, ""improve"": 1, ""strengthening"": 1}","{""fallen"": 1, ""less"": 3, ""difficult"": 2, ""risks"": 10, ""worst"": 2, ""below"": 7, ""low"": 2, ""lower"": 6, ""uncertainty"": 3, ""challenges"": 1, ""risk"": 1}"
2024-11-21,Statement of the Monetary Policy Committee November 2024,7.75,cut,True,0.3133,48,35,1077,"{""more"": 5, ""most"": 2, ""risen"": 1, ""up"": 1, ""above"": 4, ""growth"": 11, ""higher"": 10, ""positive"": 2, ""stronger"": 3, ""improvement"": 1, ""improving"": 1, ""achieving"": 1, ""deliver"": 1, ""improve"": 2, ""strengthening"": 1, ""increases"": 1, ""increased"": 1}","{""challenging"": 2, ""uncertainty"": 2, ""risks"": 7, ""weak"": 1, ""lower"": 9, ""disappointing"": 1, ""fall"": 1, ""risk"": 4, ""below"": 3, ""uncertain"": 1, ""difficult"": 1, ""falls"": 1, ""low"": 1, ""under"": 1}"
2025-01-30,Statement of the Monetary Policy Committee January 2025,7.5,cut,True,0.3188,40,29,1163,"{""more"": 7, ""rising"": 1, ""up"": 3, ""growth"": 12, ""largest"": 1, ""high"": 1, ""strong"": 1, ""higher"": 4, ""improvements"": 1, ""above"": 3, ""most"": 1, ""increase"": 1, ""greater"": 1, ""deliver"": 1, ""improve"": 1, ""strengthening"": 1}","{""challenging"": 2, ""risks"": 7, ""weak"": 1, ""less"": 1, ""low"": 2, ""decline"": 2, ""drop"": 1, ""lower"": 5, ""below"": 3, ""depressed"": 1, ""uncertain"": 2, ""risk"": 2}"
2025-03-20,Statement of the Monetary Policy Committee March 2025,7.5,hold,True,0.1687,45,38,1067,"{""growth"": 14, ""stronger"": 2, ""more"": 3, ""up"": 2, ""most"": 2, ""strengthening"": 2, ""above"": 2, ""high"": 1, ""higher"": 4, ""increases"": 3, ""better"": 3, ""enjoyed"": 1, ""rising"": 2, ""larger"": 1, ""deliver"": 1, ""improve"": 1, ""increase"": 1}","{""uncertainty"": 2, ""weakened"": 1, ""risks"": 6, ""lower"": 12, ""disappointing"": 1, ""weakness"": 1, ""below"": 2, ""worse"": 1, ""down"": 2, ""low"": 2, ""smaller"": 1, ""risk"": 2, ""uncertain"": 2, ""weakening"": 1, ""difficult"": 1, ""challenges"": 1}"
2025-05-29,Statement of the Monetary Policy Committee May 2025,7.25,cut,True,-0.0952,40,44,1028,"{""higher"": 6, ""growth"": 13, ""more"": 4, ""risen"": 1, ""rising"": 1, ""positive"": 2, ""stronger"": 1, ""increases"": 2, ""rises"": 1, ""high"": 2, ""opportunity"": 1, ""above"": 1, ""better"": 1, ""achieving"": 1, ""deliver"": 1, ""improve"": 1, ""strengthening"": 1}","{""uncertainty"": 2, ""weaken"": 2, ""lower"": 17, ""disappointing"": 1, ""risks"": 6, ""below"": 2, ""falling"": 1, ""down"": 3, ""threat"": 1, ""low"": 4, ""uncertain"": 1, ""weakness"": 1, ""falls"": 1, ""under"": 1, ""difficult"": 1}"
2025-07-31,Statement of the Monetary Policy Committee July 2025,7.0,cut,True,0.3797,47,32,1098,"{""increases"": 1, ""growth"": 10, ""higher"": 7, ""more"": 8, ""most"": 1, ""positive"": 1, ""up"": 2, ""strengthened"": 2, ""risen"": 1, ""rise"": 2, ""high"": 1, ""opportunity"": 2, ""achieve"": 2, ""stronger"": 1, ""rising"": 1, ""progress"": 1, ""expand"": 1, ""deliver"": 1, ""improve"": 1, ""strengthening"": 1}","{""uncertain"": 2, ""risks"": 3, ""lower"": 8, ""weak"": 2, ""down"": 2, ""low"": 3, ""uncertainty"": 2, ""deteriorating"": 1, ""falling"": 1, ""below"": 2, ""fall"": 2, ""challenges"": 1, ""risk"": 1, ""under"": 1, ""declining"": 1}"
2025-09-18,Statement of the Monetary Policy Committee September 2025,7.0,hold,True,0.7742,43,19,941,"{""growth"": 9, ""up"": 4, ""risen"": 3, ""more"": 4, ""higher"": 6, ""high"": 2, ""rising"": 2, ""positive"": 2, ""highest"": 2, ""strong"": 1, ""good"": 1, ""achieving"": 1, ""rise"": 2, ""improve"": 1, ""stronger"": 2, ""better"": 1}","{""difficult"": 1, ""weakened"": 1, ""challenging"": 1, ""risks"": 6, ""declining"": 2, ""lower"": 3, ""weakens"": 1, ""uncertainty"": 1, ""less"": 2, ""down"": 1}"
2025-11-20,Statement of the Monetary Policy Committee November 2025,6.75,cut,True,0.8,49,21,1297,"{""growth"": 10, ""up"": 2, ""better"": 5, ""more"": 2, ""above"": 2, ""stronger"": 3, ""positive"": 2, ""higher"": 5, ""rising"": 2, ""strong"": 1, ""encouraging"": 1, ""deliver"": 3, ""progress"": 2, ""strength"": 2, ""increases"": 1, ""improved"": 1, ""most"": 1, ""achieve"": 2, ""achieved"": 1, ""rise"": 1}","{""challenging"": 2, ""risk"": 3, ""lower"": 6, ""disappointed"": 1, ""risks"": 3, ""less"": 1, ""weakness"": 1, ""down"": 1, ""low"": 1, ""challenges"": 1, ""disappoint"": 1}"
2026-01-29,Statement of the Monetary Policy Committee January 2026,6.75,hold,True,0.5753,47,26,1128,"{""record"": 2, ""growing"": 2, ""growth"": 10, ""up"": 4, ""more"": 6, ""expanded"": 2, ""grew"": 1, ""most"": 1, ""achieve"": 1, ""higher"": 4, ""stronger"": 4, ""rise"": 1, ""positive"": 2, ""deliver"": 2, ""progress"": 2, ""rewarded"": 1, ""exceeding"": 1, ""above"": 1}","{""uncertainty"": 1, ""threats"": 1, ""risks"": 4, ""weak"": 1, ""fallen"": 2, ""lower"": 5, ""declining"": 1, ""low"": 4, ""uncertain"": 1, ""falling"": 1, ""challenging"": 1, ""weakens"": 1, ""down"": 1, ""negative"": 1, ""decline"": 1}"
2026-03-26,Statement of the Monetary Policy Committee March 2026,6.75,hold,True,0.8197,43,18,1134,"{""higher"": 5, ""growth"": 9, ""rising"": 4, ""leading"": 2, ""more"": 4, ""risen"": 1, ""grew"": 2, ""better"": 2, ""encouraged"": 1, ""stronger"": 2, ""increases"": 1, ""up"": 3, ""above"": 1, ""exceeding"": 1, ""achieving"": 1, ""delivering"": 1, ""progress"": 1, ""improved"": 2}","{""uncertain"": 2, ""less"": 1, ""dropped"": 2, ""below"": 2, ""risks"": 5, ""weakening"": 1, ""difficult"": 2, ""uncertainty"": 1, ""negative"": 1, ""lower"": 1}"
2026-05-28,Statement of the Monetary Policy Committee May 2026,7.0,hike,True,0.7042,48,23,1152,"{""growth"": 8, ""higher"": 11, ""up"": 3, ""rising"": 1, ""risen"": 2, ""increase"": 3, ""positive"": 2, ""rose"": 2, ""increased"": 2, ""largest"": 2, ""record"": 2, ""above"": 2, ""stronger"": 1, ""leading"": 1, ""larger"": 1, ""more"": 2, ""achieve"": 1, ""high"": 1, ""most"": 1}","{""down"": 1, ""uncertainty"": 3, ""dropped"": 2, ""threat"": 1, ""risks"": 8, ""challenges"": 1, ""falling"": 1, ""challenge"": 1, ""falls"": 1, ""lower"": 2, ""less"": 1, ""risk"": 1}"
2026-07-23,Statement of the Monetary Policy Committee July 2026,7.0,hold,True,0.8267,53,22,1219,"{""up"": 2, ""delivered"": 1, ""growth"": 11, ""strengthened"": 1, ""stronger"": 4, ""higher"": 8, ""better"": 1, ""good"": 3, ""rising"": 2, ""above"": 6, ""risen"": 2, ""most"": 1, ""increase"": 2, ""more"": 2, ""positive"": 1, ""improved"": 1, ""high"": 1, ""achieve"": 2, ""improving"": 1, ""rise"": 1}","{""fallen"": 4, ""declined"": 1, ""weakened"": 2, ""lower"": 3, ""uncertainty"": 1, ""uncertain"": 2, ""risks"": 4, ""risk"": 2, ""falls"": 1, ""falling"": 1, ""weak"": 1}"
