publish_date,title,speaker_guess,text_source,henry_index,henry_hawkish_count,henry_dovish_count,henry_total_words,henry_hawkish_hits,henry_dovish_hits
1994-08-23,Governor's Address (74th) - 1994-08-23,,html,0.9344,380,138,14015,"{""growth"": 40, ""growing"": 8, ""expanded"": 2, ""increase"": 16, ""higher"": 12, ""most"": 14, ""good"": 4, ""progress"": 4, ""leading"": 6, ""up"": 12, ""opportunities"": 4, ""more"": 60, ""expand"": 4, ""success"": 4, ""successful"": 6, ""strong"": 2, ""expansion"": 8, ""increased"": 20, ""improved"": 6, ""increases"": 18, ""rise"": 6, ""above"": 4, ""improve"": 8, ""improvement"": 12, ""rising"": 20, ""increasing"": 12, ""exceeded"": 2, ""high"": 6, ""achieve"": 4, ""exceed"": 4, ""opportunity"": 2, ""record"": 2, ""rose"": 4, ""larger"": 2, ""succeeded"": 2, ""encouraging"": 4, ""better"": 8, ""achievement"": 4, ""achieving"": 4, ""improvements"": 2, ""greater"": 12, ""encouraged"": 2, ""certain"": 2, ""succeed"": 2}","{""challenge"": 6, ""low"": 14, ""negative"": 2, ""declined"": 6, ""decline"": 8, ""decrease"": 4, ""smaller"": 2, ""less"": 22, ""risk"": 18, ""fall"": 6, ""declining"": 4, ""lower"": 2, ""least"": 4, ""depressed"": 4, ""difficult"": 4, ""declines"": 2, ""lowest"": 4, ""worsen"": 2, ""fail"": 2, ""under"": 4, ""obstacle"": 4, ""risks"": 14}"
1995-02-14,"Address by Dr Chris Stals, Governor of the South African Reserve Bank, at the 18th Annual Investment Conference of Frankel Pollak Vinderine Inc, Johannesburg.",Chris Stals,html,1.0815,208,62,7452,"{""growth"": 18, ""certain"": 6, ""more"": 64, ""increases"": 8, ""higher"": 6, ""achieve"": 4, ""most"": 6, ""increased"": 10, ""improve"": 6, ""rise"": 4, ""rises"": 2, ""larger"": 2, ""increase"": 26, ""rising"": 6, ""expanding"": 2, ""achievements"": 2, ""expansion"": 2, ""rose"": 8, ""up"": 6, ""encouraging"": 4, ""growing"": 2, ""improvements"": 2, ""good"": 2, ""progress"": 2, ""exceed"": 4, ""increasing"": 2, ""achieved"": 2}","{""difficult"": 2, ""decline"": 10, ""weak"": 2, ""down"": 2, ""under"": 6, ""risky"": 2, ""lower"": 6, ""fell"": 2, ""less"": 2, ""declined"": 10, ""decreased"": 2, ""low"": 8, ""challenge"": 2, ""least"": 2, ""threat"": 2, ""weakness"": 2}"
1995-02-20,"STATEMENT BY DR C.L. STALS, GOVERNOR OF THE SOUTH AFRICAN RESERVE BANK",,html,1.2889,222,48,7630,"{""more"": 50, ""encouraging"": 2, ""expansion"": 8, ""growth"": 32, ""increase"": 30, ""increased"": 20, ""exceed"": 4, ""exceeded"": 8, ""rose"": 10, ""increasing"": 2, ""up"": 4, ""opportunity"": 4, ""expand"": 2, ""high"": 4, ""increases"": 6, ""most"": 2, ""rises"": 2, ""higher"": 6, ""expanded"": 2, ""rising"": 6, ""achievement"": 2, ""strengthening"": 2, ""above"": 2, ""improve"": 2, ""certain"": 4, ""achieve"": 4, ""achieved"": 2}","{""less"": 12, ""declined"": 2, ""risky"": 2, ""low"": 8, ""below"": 6, ""lower"": 2, ""least"": 6, ""under"": 4, ""penalty"": 4, ""challenges"": 2}"
1995-03-10,"STATEMENT ISSUED BY MR C.F. LIEBENBERG, MINISTER OF FINANCE, ON THE ABOLITION OF THE FINANCIAL RAND SYSTEM.",,html,0.6667,12,6,2293,"{""more"": 4, ""exceeded"": 2, ""improved"": 2, ""up"": 2, ""growth"": 2}","{""declined"": 2, ""below"": 2, ""obstacle"": 2}"
1995-03-23,"Address by Dr Chris Stals, Governor of the South African Reserve Bank, at a Meeting of the Enterprise Investment Forum, Cape Town",Chris Stals,html,1.0164,92,30,4848,"{""growth"": 8, ""achieve"": 6, ""more"": 24, ""improve"": 2, ""high"": 14, ""increasing"": 4, ""increase"": 4, ""growing"": 2, ""rising"": 4, ""increases"": 4, ""rises"": 2, ""rise"": 4, ""good"": 2, ""success"": 2, ""increased"": 6, ""rose"": 2, ""up"": 2}","{""falls"": 4, ""declines"": 2, ""low"": 10, ""less"": 2, ""difficult"": 4, ""least"": 4, ""decline"": 2, ""fall"": 2}"
1995-03-24,"Address by Dr Chris Stals, Governor of the South African Reserve Bank, at a Conference of The South African Issuers and Investors Forum, Johannesburg",Chris Stals,html,0.5789,98,54,5350,"{""better"": 4, ""opportunities"": 4, ""certain"": 2, ""up"": 14, ""greater"": 14, ""increases"": 2, ""growth"": 12, ""increased"": 2, ""high"": 6, ""increase"": 4, ""rise"": 2, ""exceed"": 2, ""opportunity"": 2, ""increasing"": 2, ""more"": 8, ""higher"": 2, ""larger"": 2, ""leading"": 2, ""most"": 2, ""growing"": 2, ""above"": 2, ""successful"": 2, ""improving"": 2, ""achieved"": 2}","{""risk"": 24, ""risks"": 8, ""under"": 4, ""declined"": 2, ""low"": 6, ""less"": 4, ""difficult"": 4, ""challenges"": 2}"
1995-05-23,"Address by Dr Chris Stals, Governor of the South African Reserve Bank, at a meeting of The Institute of Directors in Southern Africa, Cape Town",Chris Stals,html,0.807,80,34,5029,"{""growth"": 14, ""expand"": 2, ""more"": 24, ""succeeded"": 2, ""exceeded"": 2, ""most"": 2, ""rise"": 4, ""increased"": 6, ""rising"": 2, ""high"": 4, ""rose"": 2, ""higher"": 4, ""improvement"": 2, ""strength"": 2, ""successful"": 2, ""opportunities"": 2, ""growing"": 2, ""grow"": 2}","{""less"": 8, ""below"": 2, ""depressed"": 2, ""low"": 10, ""challenge"": 2, ""smaller"": 2, ""downturn"": 2, ""risks"": 2, ""down"": 2, ""least"": 2}"
1995-06-29,"Statement on monetary policy issued by Dr C.L. Stals, Governor of the South African Reserve Bank.",C.L. Stals,html,1.2727,54,12,1216,"{""increase"": 18, ""expansion"": 2, ""up"": 6, ""increased"": 8, ""rose"": 4, ""increasing"": 2, ""increases"": 4, ""growing"": 2, ""rising"": 2, ""improvement"": 2, ""growth"": 2, ""more"": 2}","{""down"": 4, ""low"": 2, ""declined"": 2, ""less"": 2, ""risk"": 2}"
1995-07-07,"Address by Dr Chris Stals, Governor of the South African Reserve Bank, at the Annual Award Dinner of the Botswana Institute of Bankers Gaborone",Chris Stals,html,1.2258,100,24,7796,"{""more"": 46, ""better"": 6, ""improvement"": 8, ""greater"": 8, ""opportunity"": 4, ""good"": 2, ""progress"": 4, ""expanding"": 2, ""achieve"": 4, ""expansion"": 2, ""up"": 2, ""higher"": 2, ""most"": 4, ""increasing"": 2, ""improve"": 2, ""success"": 2}","{""below"": 2, ""challenge"": 2, ""difficult"": 4, ""less"": 2, ""least"": 6, ""fall"": 2, ""risk"": 4, ""down"": 2}"
1995-08-23,Governor's Address (75th) - 1995-08-23,,html,1.2697,394,88,12955,"{""more"": 68, ""growth"": 36, ""increases"": 24, ""achieved"": 4, ""improvement"": 10, ""expansion"": 10, ""strong"": 6, ""certain"": 2, ""growing"": 12, ""certainty"": 2, ""better"": 8, ""expanded"": 2, ""good"": 6, ""expand"": 2, ""increased"": 16, ""high"": 20, ""rise"": 12, ""increase"": 38, ""rose"": 22, ""improved"": 6, ""most"": 2, ""increasing"": 4, ""up"": 16, ""rising"": 20, ""higher"": 8, ""record"": 2, ""encouraged"": 2, ""succeeded"": 4, ""greater"": 10, ""achievement"": 2, ""exceeds"": 2, ""improve"": 2, ""opportunities"": 2, ""expanding"": 4, ""progress"": 2, ""encouraging"": 2, ""successful"": 2, ""positive"": 2}","{""uncertainty"": 2, ""low"": 4, ""risk"": 2, ""challenge"": 6, ""declines"": 2, ""lower"": 10, ""below"": 4, ""fell"": 2, ""declining"": 4, ""weakened"": 2, ""decrease"": 2, ""under"": 4, ""less"": 14, ""decline"": 4, ""declined"": 4, ""down"": 2, ""risks"": 4, ""deteriorate"": 2, ""least"": 4, ""worse"": 2, ""difficult"": 4, ""challenges"": 4}"
1995-08-28,"Address by Dr Chris Stals, Governor of the South African Reserve Bank, at a luncheon of the Northern Transvaal Chamber of Industries",Chris Stals,html,1.4227,166,28,3548,"{""more"": 20, ""growth"": 48, ""expand"": 2, ""increasing"": 2, ""growing"": 6, ""improvement"": 6, ""increase"": 12, ""increased"": 2, ""improved"": 4, ""rise"": 8, ""rose"": 8, ""increases"": 4, ""higher"": 10, ""rising"": 2, ""good"": 4, ""expansion"": 4, ""greater"": 6, ""high"": 6, ""delivered"": 2, ""better"": 6, ""succeed"": 2, ""success"": 2}","{""least"": 2, ""less"": 10, ""decline"": 4, ""deteriorated"": 2, ""unsettled"": 2, ""low"": 4, ""weaknesses"": 2, ""difficult"": 2}"
1995-09-11,"Address by Dr Chris Stals, Governor of the South African Reserve Bank, at the ""South African Investment Summit"" Conference of the International Herald Tribune, Johannesburg.",Chris Stals,html,1.2079,162,40,4973,"{""success"": 4, ""good"": 8, ""growth"": 10, ""best"": 4, ""achievement"": 2, ""record"": 4, ""increase"": 24, ""rising"": 8, ""rose"": 6, ""achieve"": 8, ""better"": 2, ""high"": 6, ""more"": 30, ""up"": 18, ""increasing"": 2, ""higher"": 6, ""rewarding"": 2, ""greater"": 4, ""increased"": 4, ""most"": 4, ""encouraged"": 2, ""exceeds"": 2, ""improvements"": 2}","{""low"": 6, ""declined"": 6, ""below"": 10, ""smaller"": 2, ""risks"": 2, ""risk"": 2, ""down"": 4, ""less"": 2, ""lower"": 2, ""under"": 2, ""least"": 2}"
1995-09-13,"Address by Dr Chris Stals, Governor of the South African Reserve Bank, at a meeting of the East London Branch of The South African Institute of International Affairs, East London",Chris Stals,html,0.7547,146,66,4976,"{""increased"": 4, ""more"": 20, ""greater"": 2, ""improving"": 2, ""rising"": 4, ""record"": 2, ""succeeded"": 2, ""expansion"": 2, ""opportunity"": 2, ""growth"": 18, ""good"": 6, ""higher"": 6, ""best"": 4, ""most"": 4, ""improve"": 2, ""opportunities"": 10, ""better"": 12, ""expanded"": 2, ""increasing"": 2, ""high"": 6, ""up"": 4, ""exceeded"": 2, ""successes"": 2, ""expanding"": 2, ""leading"": 2, ""improvement"": 4, ""increase"": 2, ""achieve"": 6, ""rise"": 4, ""increases"": 6}","{""lower"": 16, ""less"": 10, ""below"": 10, ""low"": 16, ""down"": 4, ""challenges"": 4, ""challenge"": 2, ""least"": 2, ""under"": 2}"
1995-09-14,"Address by Dr Chris Stals, Governor of the South African Reserve Bank, at the Annual Business Achievement Award Banquet of Business Day, Johannesburg",Chris Stals,html,1.1314,137,38,4275,"{""achievement"": 1, ""successes"": 2, ""increased"": 8, ""better"": 2, ""more"": 12, ""most"": 10, ""rose"": 2, ""improvement"": 4, ""positive"": 6, ""improve"": 8, ""growing"": 6, ""improvements"": 2, ""progress"": 6, ""strengthen"": 2, ""encouraging"": 2, ""increases"": 2, ""stronger"": 2, ""growth"": 14, ""good"": 14, ""high"": 6, ""expanding"": 2, ""increasing"": 2, ""increase"": 4, ""risen"": 2, ""rising"": 2, ""expansion"": 2, ""strengthening"": 2, ""certain"": 2, ""higher"": 4, ""greater"": 2, ""achieve"": 2}","{""least"": 2, ""under"": 2, ""weak"": 2, ""difficult"": 4, ""less"": 4, ""declining"": 4, ""low"": 4, ""risk"": 4, ""threat"": 2, ""decline"": 6, ""below"": 2, ""challenges"": 2}"
1995-10-06,"Address by Dr Chris Stals, Governor of the South African Reserve Bank at a South African Investment Conference arranged by Donaldson, Lufkin & Jenrette in conjunction with Frankel Pollak/Auerbach Grayson, New York.",Chris Stals,html,1.3496,206,40,6340,"{""growth"": 24, ""expand"": 2, ""expansion"": 14, ""more"": 42, ""increased"": 14, ""increase"": 28, ""growing"": 4, ""encouraging"": 2, ""expanding"": 2, ""up"": 10, ""risen"": 2, ""exceeding"": 2, ""improvement"": 4, ""succeeded"": 4, ""higher"": 4, ""good"": 6, ""achieve"": 2, ""rising"": 6, ""rose"": 10, ""high"": 6, ""increases"": 6, ""increasing"": 4, ""certain"": 4, ""successful"": 2, ""most"": 2}","{""less"": 8, ""decline"": 2, ""declined"": 6, ""declining"": 2, ""lower"": 4, ""low"": 4, ""down"": 4, ""below"": 2, ""difficult"": 4, ""risk"": 2, ""under"": 2}"
1995-10-12,"Address by Dr Chris Stals, Governor of the South African Reserve Bank at a luncheon of the United States-South Africa Business Council, New York",Chris Stals,html,1.0952,130,38,4311,"{""success"": 2, ""more"": 22, ""progress"": 4, ""high"": 14, ""growth"": 30, ""better"": 8, ""achieve"": 4, ""most"": 8, ""up"": 2, ""increasing"": 2, ""growing"": 4, ""deliver"": 2, ""improve"": 2, ""improvement"": 4, ""exceeded"": 2, ""rising"": 2, ""increase"": 10, ""expand"": 2, ""succeeded"": 2, ""higher"": 4}","{""depressed"": 6, ""less"": 8, ""low"": 6, ""declining"": 2, ""smaller"": 2, ""least"": 6, ""challenges"": 2, ""difficult"": 2, ""challenge"": 4}"
1995-10-17,"Address by Dr Chris Stals, Governor of the South African Reserve Bank, at the second South Africa ""Economy, Investment and Trade Conference"" arranged by Cityforum Limited, London",Chris Stals,html,1.234,152,36,5589,"{""growth"": 28, ""increase"": 18, ""good"": 4, ""more"": 44, ""growing"": 2, ""positive"": 2, ""better"": 2, ""high"": 2, ""higher"": 4, ""increased"": 6, ""exceed"": 2, ""above"": 4, ""rise"": 4, ""succeeded"": 4, ""increasing"": 4, ""increases"": 4, ""rose"": 4, ""up"": 4, ""deliver"": 2, ""successful"": 2, ""progress"": 2, ""encouraging"": 2, ""opportunity"": 2}","{""low"": 6, ""less"": 6, ""fail"": 2, ""lower"": 2, ""below"": 2, ""difficult"": 2, ""risk"": 2, ""declined"": 6, ""least"": 2, ""declining"": 2, ""down"": 2, ""under"": 2}"
1995-11-01," Address by Dr Chris Stals, Governor of the South African Reserve Bank, at a meeting of The Weekend Argus/Seeff Trust Investors Club, Cape Town",Chris Stals,html,1.0,162,54,5053,"{""exceed"": 2, ""rise"": 4, ""increase"": 16, ""increasing"": 6, ""higher"": 18, ""more"": 30, ""better"": 2, ""high"": 30, ""growth"": 12, ""growing"": 8, ""best"": 2, ""rising"": 6, ""expansion"": 2, ""grow"": 2, ""greater"": 2, ""most"": 4, ""rose"": 8, ""strong"": 2, ""up"": 2, ""increased"": 4}","{""less"": 8, ""decline"": 6, ""low"": 18, ""below"": 4, ""risks"": 2, ""declined"": 2, ""down"": 2, ""lower"": 6, ""declining"": 4, ""risk"": 2}"
1995-11-13,"Address by Dr Chris Stals, Governor of the South African Reserve Bank, at a Conference of the Bureau for Economic Research of the University of Stellenbosch, Bellville",Chris Stals,html,1.5172,204,28,5801,"{""more"": 30, ""rise"": 12, ""achieve"": 4, ""stronger"": 4, ""increases"": 4, ""growth"": 28, ""greater"": 2, ""achieved"": 2, ""reward"": 2, ""increase"": 22, ""higher"": 20, ""up"": 4, ""strong"": 6, ""rose"": 8, ""high"": 14, ""rising"": 12, ""most"": 6, ""increased"": 4, ""growing"": 4, ""above"": 2, ""rises"": 2, ""expansion"": 6, ""opportunity"": 2, ""increasing"": 2, ""success"": 2}","{""lower"": 4, ""uncertain"": 2, ""low"": 8, ""difficult"": 2, ""challenge"": 2, ""down"": 2, ""threat"": 2, ""less"": 2, ""below"": 2, ""challenged"": 2}"
1996-02-13,"Address by Dr Chris Stals, Governor of the South African Reserve Bank, at the annual presentation to the media arranged by the South African Communication Service, Cape Town.",Chris Stals,html,1.2296,218,52,4952,"{""growth"": 18, ""highest"": 2, ""achieved"": 2, ""expanded"": 2, ""strong"": 2, ""expansion"": 8, ""above"": 6, ""rose"": 10, ""high"": 10, ""increase"": 52, ""increased"": 10, ""higher"": 2, ""up"": 10, ""encouraging"": 2, ""more"": 24, ""rise"": 16, ""improvement"": 6, ""increases"": 6, ""most"": 4, ""improved"": 2, ""exceeded"": 2, ""growing"": 2, ""good"": 4, ""achieve"": 2, ""increasing"": 6, ""rising"": 4, ""certain"": 2, ""larger"": 2}","{""decline"": 14, ""lower"": 6, ""declined"": 12, ""below"": 2, ""down"": 2, ""low"": 4, ""difficult"": 4, ""depressed"": 2, ""less"": 2, ""lowest"": 4}"
1996-02-20,"Address by Dr Chris Stals, Governor of the South African Reserve Bank, at the 19th Annual Investment Conference arranged by Frankel Pollak (Pty) Limited, Johannesburg",Chris Stals,html,0.9457,190,68,7047,"{""growth"": 20, ""more"": 22, ""improvement"": 4, ""above"": 2, ""achievement"": 2, ""expansion"": 4, ""good"": 6, ""best"": 2, ""increased"": 6, ""risen"": 4, ""stronger"": 2, ""rose"": 20, ""larger"": 2, ""increase"": 32, ""most"": 8, ""rise"": 12, ""strong"": 6, ""progress"": 2, ""improved"": 2, ""up"": 2, ""higher"": 6, ""encouraging"": 4, ""high"": 8, ""rising"": 2, ""succeed"": 2, ""successful"": 2, ""highest"": 2, ""growing"": 2, ""certain"": 2}","{""challenges"": 10, ""declines"": 6, ""negative"": 2, ""declined"": 10, ""down"": 2, ""lower"": 2, ""decline"": 4, ""low"": 4, ""lowest"": 2, ""below"": 2, ""difficult"": 4, ""challenge"": 12, ""challenged"": 2, ""under"": 4, ""risk"": 2}"
1996-03-07,"Address by Dr Chris Stals, Governor of the South African Reserve Bank, at a breakfast to celebrate the First Anniversary of &quot;Business Report&quot; Durban.",Chris Stals,html,0.3529,60,42,4912,"{""growth"": 6, ""best"": 2, ""good"": 2, ""successful"": 2, ""more"": 18, ""increased"": 4, ""up"": 4, ""rise"": 2, ""increase"": 6, ""above"": 2, ""rose"": 2, ""exceed"": 2, ""high"": 4, ""higher"": 2, ""strong"": 2}","{""less"": 12, ""declining"": 2, ""declined"": 2, ""risk"": 8, ""risks"": 4, ""uncertain"": 2, ""under"": 2, ""difficult"": 6, ""down"": 2, ""smaller"": 2}"
1996-04-01,"Address by Dr Chris Stals, Governor of the South African Reserve Bank, at a Conference on ""Expenditure Budget Reform: Essential Element for Improvement of Financial Management"" hosted by the Department of State Expenditure Pretoria",Chris Stals,html,1.197,215,54,5538,"{""improvement"": 1, ""positive"": 2, ""increased"": 18, ""more"": 26, ""encouraging"": 6, ""growth"": 26, ""expansion"": 8, ""increase"": 36, ""strong"": 6, ""rose"": 14, ""higher"": 4, ""exceeded"": 2, ""high"": 18, ""rise"": 2, ""increases"": 4, ""stronger"": 2, ""improved"": 2, ""most"": 6, ""succeeded"": 4, ""certain"": 2, ""rising"": 2, ""up"": 4, ""progress"": 4, ""opportunities"": 2, ""greater"": 2, ""better"": 2, ""good"": 2, ""achieved"": 2, ""achieve"": 2, ""encouraged"": 2, ""strengthened"": 2}","{""negative"": 6, ""declined"": 10, ""less"": 8, ""low"": 4, ""lower"": 6, ""decline"": 2, ""lowest"": 2, ""below"": 2, ""declines"": 2, ""under"": 2, ""challenge"": 4, ""difficult"": 4, ""challenges"": 2}"
1996-04-23,"Address by Dr Chris Stals, Governor of the South African Reserve Bank, at the Annual General Meeting of the French Chamber of Commerce and Industries, Johannesburg",Chris Stals,html,1.1746,100,26,4604,"{""certain"": 4, ""more"": 36, ""up"": 4, ""expand"": 2, ""increased"": 4, ""rise"": 4, ""exceeding"": 2, ""strong"": 2, ""increase"": 10, ""growth"": 4, ""higher"": 4, ""greater"": 4, ""above"": 6, ""high"": 6, ""growing"": 2, ""most"": 2, ""increases"": 2, ""opportunity"": 2}","{""declined"": 6, ""less"": 6, ""low"": 4, ""difficult"": 4, ""risk"": 4, ""lower"": 2}"
1996-04-23,"Address by Dr Chris Stals, Governor of the South African Reserve Bank, at a Business Conference on South African/Italian Economic Relations, Johannesburg",Chris Stals,html,1.3514,62,12,2371,"{""most"": 4, ""growth"": 6, ""up"": 2, ""achieve"": 2, ""increase"": 14, ""increased"": 2, ""more"": 10, ""encouraged"": 2, ""rise"": 2, ""high"": 6, ""encouraging"": 2, ""succeeded"": 6, ""certain"": 2, ""best"": 2}","{""below"": 2, ""declined"": 2, ""decline"": 2, ""low"": 6}"
1996-04-24,"Statement issued by Dr C.L. Stals, Governor of the South African Reserve Bank",C.L. Stals,html,1.1707,130,34,4715,"{""growth"": 20, ""increase"": 26, ""rising"": 8, ""increased"": 12, ""exceeded"": 2, ""more"": 24, ""rose"": 6, ""strong"": 4, ""high"": 8, ""rise"": 6, ""up"": 6, ""expansion"": 2, ""increases"": 2, ""achieved"": 2, ""greater"": 2}","{""low"": 6, ""lowest"": 2, ""less"": 6, ""difficult"": 2, ""declined"": 6, ""under"": 2, ""decline"": 4, ""lower"": 2, ""below"": 2, ""depressed"": 2}"
1996-04-25,"Notes for address by Dr Chris Stals, Governor of the South African Reserve Bank, at a Breakfast Meeting of the American Chamber of Commerce of South Africa, Johannesburg",Chris Stals,html,2.0,28,0,3056,"{""certain"": 2, ""opportunities"": 2, ""up"": 2, ""more"": 10, ""most"": 4, ""growth"": 2, ""achieving"": 4, ""better"": 2}",{}
1996-05-02,"Address by Dr Chris Stals, Governor of the South African Reserve Bank, at the Annual General Meeting of the South Africa / Canada Chamber of Business, Johannesburg",Chris Stals,html,1.1429,132,36,4922,"{""achieve"": 8, ""higher"": 2, ""growth"": 20, ""success"": 8, ""achieved"": 2, ""more"": 32, ""increase"": 12, ""best"": 4, ""certain"": 2, ""successful"": 2, ""progress"": 2, ""up"": 6, ""above"": 2, ""succeeded"": 2, ""rise"": 4, ""rises"": 4, ""most"": 6, ""greater"": 2, ""increased"": 4, ""increases"": 4, ""high"": 2, ""expansion"": 2}","{""least"": 2, ""below"": 2, ""down"": 4, ""less"": 8, ""under"": 2, ""threat"": 2, ""challenge"": 4, ""low"": 4, ""decline"": 2, ""declined"": 2, ""weaken"": 2, ""lower"": 2}"
1996-05-07,"Address by Dr Chris Stals, Governor of the South African Reserve Bank, at a luncheon of the Rotary Club of Johannesburg, Johannesburg",Chris Stals,html,0.75,66,30,4270,"{""most"": 6, ""more"": 16, ""growth"": 10, ""improve"": 2, ""up"": 4, ""progress"": 2, ""achievement"": 2, ""increase"": 2, ""exceeds"": 2, ""higher"": 6, ""increasing"": 2, ""rise"": 2, ""high"": 8, ""risen"": 2}","{""less"": 6, ""lower"": 6, ""below"": 2, ""low"": 10, ""fail"": 4, ""difficult"": 2}"
1996-05-08,"Address by Dr Chris Stals, Governor of the South African Reserve Bank, at the Tenth National and Second ECSAFA Congress of Chartered Accountants, Durban",Chris Stals,html,1.1034,90,26,3974,"{""increasing"": 4, ""rise"": 8, ""strong"": 4, ""increases"": 2, ""increased"": 16, ""increase"": 14, ""highest"": 2, ""exceeded"": 2, ""most"": 4, ""more"": 12, ""up"": 8, ""achieved"": 2, ""good"": 2, ""certain"": 2, ""higher"": 2, ""improvements"": 2, ""opportunities"": 4}","{""dropped"": 10, ""difficult"": 6, ""lower"": 4, ""least"": 2, ""challenges"": 4}"
1996-05-15,"Notes for address by Dr Chris Stals, Governor of the South African Reserve Bank, at a Breakfast Meeting of Independent Newspapers, Johannesburg",Chris Stals,html,1.2381,34,8,1128,"{""high"": 4, ""rise"": 2, ""greater"": 2, ""most"": 6, ""growth"": 6, ""more"": 2, ""up"": 4, ""increases"": 2, ""improve"": 2, ""increase"": 2, ""best"": 2}","{""decreases"": 4, ""less"": 2, ""risk"": 2}"
1996-05-27,"Address by Dr Chris Stals, Governor of the South African Reserve Bank, at the 1996 Annual Conference of the Institute of Retirement Funds (Conference Theme: ""The Changing Face of Retirement Provision"") Cape Town",Chris Stals,html,1.0769,100,30,4386,"{""most"": 4, ""rose"": 6, ""increasing"": 2, ""above"": 4, ""growing"": 2, ""good"": 6, ""up"": 8, ""more"": 24, ""exceeds"": 2, ""better"": 2, ""succeeded"": 2, ""increase"": 4, ""certain"": 6, ""increased"": 2, ""growth"": 4, ""expansion"": 2, ""progress"": 2, ""opportunity"": 2, ""higher"": 4, ""greater"": 2, ""improve"": 2, ""opportunities"": 2, ""stronger"": 2, ""high"": 4}","{""negative"": 2, ""challenges"": 2, ""risks"": 2, ""low"": 4, ""below"": 2, ""risk"": 4, ""under"": 4, ""difficult"": 2, ""least"": 4, ""depressed"": 2, ""less"": 2}"
1996-06-17,"Address by Dr Chris Stals, Governor of the South African Reserve Bank, at the Europe-South Africa Business and Finance Forum Cannes",Chris Stals,html,1.2432,60,14,3808,"{""certain"": 4, ""more"": 18, ""most"": 2, ""growth"": 6, ""higher"": 2, ""high"": 4, ""increase"": 2, ""progress"": 10, ""up"": 6, ""opportunities"": 2, ""greater"": 2, ""good"": 2}","{""below"": 2, ""decline"": 2, ""low"": 2, ""risk"": 2, ""under"": 4, ""weakness"": 2}"
1996-06-28,"Address by Dr Chris Stals, Governor of the South African Reserve Bank, at the 75th Anniversary Banquet of the South African Reserve Bank Pretoria",Chris Stals,html,1.3725,86,16,6972,"{""more"": 24, ""most"": 8, ""increased"": 2, ""higher"": 2, ""strong"": 2, ""up"": 4, ""exceeding"": 4, ""greater"": 2, ""leader"": 2, ""best"": 4, ""growing"": 2, ""rising"": 2, ""better"": 4, ""good"": 2, ""growth"": 6, ""above"": 4, ""increasing"": 2, ""record"": 2, ""progress"": 2, ""successful"": 2, ""succeed"": 2, ""success"": 2}","{""threat"": 2, ""difficult"": 2, ""deteriorating"": 2, ""challenges"": 2, ""challenging"": 2, ""declined"": 2, ""below"": 2, ""deteriorated"": 2}"
1996-07-11,"Address by Dr Chris Stals, Governor of the South African Reserve Bank, at a Conference on ""South Africa in the Global Economy"" arranged by The South African Institute of International Affairs Johannesburg",Chris Stals,html,1.3869,232,42,6902,"{""improved"": 4, ""strong"": 6, ""increases"": 16, ""opportunity"": 2, ""growth"": 36, ""rose"": 16, ""higher"": 12, ""increasing"": 6, ""better"": 2, ""exceeded"": 6, ""more"": 24, ""growing"": 8, ""good"": 8, ""increase"": 20, ""expansion"": 4, ""increased"": 14, ""up"": 10, ""encouraging"": 2, ""high"": 2, ""rise"": 2, ""most"": 4, ""risen"": 8, ""accomplish"": 2, ""achieved"": 2, ""success"": 2, ""rising"": 4, ""succeeded"": 2, ""achievement"": 2, ""above"": 2, ""positive"": 2, ""opportunities"": 2}","{""declines"": 2, ""decline"": 6, ""challenge"": 4, ""low"": 8, ""less"": 2, ""smaller"": 2, ""declined"": 6, ""under"": 2, ""below"": 6, ""threats"": 2, ""lower"": 2}"
1996-08-27,Governor's Address (76th) - 1996-08-27,,html,1.0251,422,136,13965,"{""expansion"": 28, ""most"": 12, ""high"": 26, ""growth"": 44, ""more"": 80, ""increase"": 36, ""greater"": 18, ""growing"": 16, ""achieve"": 4, ""expanded"": 2, ""increased"": 24, ""increasing"": 10, ""higher"": 14, ""rose"": 10, ""strong"": 4, ""improvement"": 2, ""better"": 2, ""opportunities"": 2, ""encouraging"": 4, ""progress"": 8, ""certain"": 6, ""up"": 20, ""achieved"": 2, ""succeeded"": 8, ""increases"": 6, ""best"": 2, ""rise"": 8, ""above"": 2, ""rising"": 2, ""risen"": 2, ""good"": 4, ""improve"": 2, ""successful"": 4, ""improvements"": 2, ""achieving"": 2, ""leading"": 2, ""encouraged"": 2}","{""weaknesses"": 2, ""decline"": 18, ""smaller"": 6, ""down"": 18, ""declining"": 2, ""less"": 10, ""lower"": 10, ""low"": 14, ""weakness"": 2, ""weakening"": 2, ""negative"": 2, ""declined"": 12, ""risk"": 8, ""fall"": 2, ""fallen"": 2, ""under"": 10, ""difficult"": 2, ""least"": 2, ""below"": 2, ""uncertain"": 2, ""depressed"": 2, ""fail"": 2, ""weak"": 2, ""challenge"": 2}"
1996-10-02,"Address by Dr Chris Stals, Governor of the South African Reserve Bank, at a Conference arranged by the Department of Economics, Massachusetts Institute of Technology, Washington DC.",Chris Stals,html,1.115,176,50,5789,"{""up"": 18, ""growth"": 26, ""accomplished"": 2, ""growing"": 6, ""exceeded"": 6, ""most"": 10, ""increased"": 12, ""best"": 2, ""more"": 22, ""certain"": 10, ""high"": 8, ""leading"": 2, ""good"": 2, ""opportunities"": 2, ""rose"": 6, ""strong"": 4, ""positive"": 2, ""stronger"": 2, ""increases"": 2, ""rise"": 2, ""increase"": 14, ""expansion"": 4, ""above"": 2, ""succeeded"": 2, ""encouraging"": 2, ""improves"": 2, ""expands"": 2, ""achievement"": 2}","{""decline"": 8, ""depressed"": 2, ""difficult"": 4, ""difficulty"": 2, ""challenge"": 4, ""less"": 2, ""low"": 10, ""challenges"": 4, ""declined"": 4, ""disappointing"": 2, ""below"": 2, ""worse"": 2, ""worsens"": 2, ""weaknesses"": 2}"
1996-10-23,"Address by Dr Chris Stals, Governor of the South African Reserve Bank, at the unveiling of a new building for the Public Accountants and Auditors Board Johannesburg.",Chris Stals,html,1.3043,38,8,2841,"{""more"": 10, ""up"": 4, ""leading"": 2, ""opportunities"": 2, ""improving"": 2, ""growth"": 2, ""progress"": 4, ""strengthened"": 2, ""greater"": 2, ""expanding"": 2, ""high"": 4, ""expansion"": 2}","{""challenges"": 4, ""weak"": 2, ""challenge"": 2}"
1996-10-25,"Address by Dr Chris Stals, Governor of the South African Reserve Bank, at a Conference on South African Financial Markets arranged by Standard Corporate and Merchant Bank, Johannesburg",Chris Stals,html,0.9545,130,46,5056,"{""achieve"": 2, ""expansion"": 6, ""increases"": 8, ""increase"": 18, ""rise"": 2, ""increased"": 14, ""up"": 10, ""more"": 26, ""encouraging"": 2, ""exceeded"": 2, ""high"": 12, ""greater"": 4, ""rising"": 4, ""rose"": 4, ""best"": 2, ""growth"": 4, ""progress"": 6, ""increasing"": 2, ""strong"": 2}","{""difficult"": 4, ""down"": 8, ""risk"": 2, ""decline"": 6, ""deteriorated"": 2, ""under"": 4, ""less"": 8, ""declined"": 4, ""low"": 8}"
1996-11-08,"Address by Dr Chris Stals, Governor of the South African Reserve Bank, at a Conference on ""Growing the South African Economy"", arranged by the Bureau for Economic Research of the University of Stellenbosch.",Chris Stals,html,1.1724,115,30,4863,"{""growing"": 1, ""most"": 6, ""better"": 2, ""achievement"": 6, ""more"": 30, ""greater"": 8, ""improvement"": 2, ""growth"": 20, ""best"": 2, ""good"": 4, ""achieve"": 2, ""achievements"": 4, ""above"": 10, ""increases"": 2, ""success"": 4, ""succeeded"": 2, ""up"": 2, ""strength"": 2, ""high"": 2, ""achieved"": 4}","{""low"": 6, ""lower"": 4, ""declined"": 2, ""below"": 4, ""under"": 2, ""difficult"": 4, ""less"": 4, ""decline"": 4}"
1996-11-21,"Issued by Dr C.L. Stals, Governor of the South African Reserve Bank, 1996-11-20",C.L. Stals,html,1.2542,96,22,2226,"{""more"": 16, ""up"": 10, ""increase"": 14, ""high"": 6, ""rose"": 8, ""exceeded"": 2, ""higher"": 6, ""increased"": 4, ""rising"": 4, ""growing"": 2, ""increasing"": 4, ""growth"": 10, ""opportunity"": 6, ""achieve"": 2, ""successful"": 2}","{""declined"": 6, ""threat"": 2, ""down"": 2, ""declining"": 2, ""low"": 2, ""fallen"": 2, ""decline"": 2, ""lower"": 4}"
1997-02-18,"Address by Dr Chris Stals, Governor of the South African Reserve Bank, at the Twentieth Annual Investment Conference of Societe Generale Frankel Pollak (Pty) Ltd Johannesburg",Chris Stals,html,0.8506,124,50,5284,"{""most"": 2, ""strong"": 2, ""rises"": 2, ""growing"": 8, ""record"": 2, ""more"": 28, ""up"": 10, ""exceeded"": 4, ""better"": 2, ""increase"": 14, ""increased"": 6, ""good"": 4, ""progress"": 4, ""increasing"": 2, ""growth"": 10, ""achieve"": 2, ""higher"": 2, ""rise"": 2, ""rising"": 4, ""success"": 2, ""improved"": 2, ""successes"": 2, ""achieved"": 2, ""increases"": 2, ""greater"": 2, ""certain"": 2}","{""decline"": 10, ""under"": 4, ""low"": 4, ""deteriorating"": 4, ""negative"": 4, ""challenges"": 2, ""challenge"": 2, ""down"": 2, ""lower"": 2, ""declined"": 4, ""less"": 6, ""declining"": 2, ""threat"": 2, ""below"": 2}"
1997-03-17,"Address by Dr Chris Stals, Governor of the South African Reserve Bank, at a Business Breakfast Forum hosted by Marriott Merchant Bank and Deloitte & Touche, Durban",Chris Stals,html,0.7429,48,22,3206,"{""more"": 24, ""good"": 2, ""progress"": 2, ""positive"": 2, ""increase"": 2, ""above"": 2, ""up"": 8, ""better"": 2, ""opportunities"": 4}","{""least"": 2, ""negative"": 2, ""risk"": 8, ""challenges"": 2, ""penalties"": 2, ""challenge"": 2, ""failure"": 2, ""risks"": 2}"
1997-03-31,"Contribution by Dr Chris Stals, Governor of the South African Reserve Bank, at the Sixth Session of the Conference of African Ministers of Finance and Governors of Central Banks arranged by the United Nations Economic Commission for Africa Addis Ababa, Ethiopia",Chris Stals,html,1.2727,108,24,7199,"{""high"": 2, ""more"": 30, ""better"": 4, ""increase"": 4, ""progress"": 6, ""expansion"": 4, ""up"": 16, ""good"": 4, ""growth"": 4, ""improving"": 4, ""greater"": 2, ""increased"": 2, ""most"": 2, ""exceeded"": 2, ""encouraging"": 2, ""achievement"": 2, ""expanded"": 2, ""certain"": 4, ""opportunity"": 4, ""improve"": 2, ""opportunities"": 2, ""improved"": 2, ""growing"": 2}","{""challenged"": 2, ""challenge"": 4, ""challenges"": 4, ""less"": 2, ""low"": 2, ""risk"": 4, ""smaller"": 2, ""least"": 2, ""under"": 2}"
1997-04-09,"Address by Dr Chris Stals, Governor of the South African Reserve Bank, at the official opening of the new Head Office Building for Mercantile Bank Sandton",Chris Stals,html,1.0545,84,26,4154,"{""most"": 4, ""certain"": 2, ""high"": 4, ""improving"": 2, ""encouraging"": 2, ""greater"": 10, ""up"": 8, ""more"": 18, ""increased"": 8, ""opportunities"": 2, ""opportunity"": 2, ""increasing"": 2, ""increases"": 4, ""expansion"": 4, ""expanding"": 4, ""largest"": 2, ""successful"": 2, ""larger"": 2, ""successes"": 2}","{""least"": 2, ""low"": 2, ""risk"": 6, ""down"": 2, ""under"": 6, ""fall"": 2, ""challenges"": 2, ""less"": 2, ""challenge"": 2}"
1997-04-25,"Address by Dr Chris Stals, Governor of the South African Reserve Bank, at a Conference on Current Economic Policy Issues arranged by he Economics Department of the University of Durban-Westville and The Mercury, Durban",Chris Stals,html,0.8571,130,52,4481,"{""up"": 10, ""rise"": 2, ""expansion"": 4, ""growth"": 14, ""success"": 2, ""successful"": 4, ""most"": 2, ""succeeded"": 2, ""more"": 24, ""increased"": 2, ""rose"": 4, ""increase"": 28, ""rises"": 2, ""higher"": 4, ""expands"": 2, ""increases"": 10, ""high"": 4, ""larger"": 2, ""strong"": 2, ""above"": 2, ""leading"": 2, ""best"": 2}","{""under"": 4, ""low"": 6, ""failure"": 4, ""smaller"": 4, ""lowest"": 4, ""less"": 10, ""below"": 6, ""declined"": 2, ""difficult"": 4, ""decline"": 4, ""lower"": 2, ""threat"": 2}"
1997-05-01,"Lecture by Dr Chris Stals, Governor of the South African Reserve Bank, presented to the Harvard Institute for International Development Boston.",Chris Stals,html,1.4921,110,16,6289,"{""achieve"": 6, ""growth"": 8, ""improve"": 6, ""most"": 4, ""more"": 26, ""increasing"": 2, ""growing"": 4, ""certain"": 2, ""opportunity"": 2, ""succeeding"": 2, ""accomplishments"": 2, ""good"": 2, ""progress"": 6, ""up"": 4, ""achievement"": 2, ""encouraged"": 8, ""improvement"": 2, ""greater"": 4, ""better"": 2, ""leading"": 2, ""strengthen"": 2, ""high"": 6, ""strong"": 4, ""successes"": 2}","{""less"": 4, ""obstacles"": 2, ""under"": 2, ""obstacle"": 2, ""challenge"": 2, ""smaller"": 2, ""low"": 2}"
1997-05-15,"Address by Dr Chris Stals, Governor of the South African Reserve Bank, at the Annual Dinner of the Pretoria Branch of the Economic Society of South Africa Pretoria",Chris Stals,html,1.6596,86,8,4514,"{""most"": 4, ""growth"": 12, ""improvement"": 2, ""achieved"": 2, ""best"": 4, ""higher"": 4, ""more"": 32, ""high"": 2, ""up"": 4, ""strong"": 2, ""succeeded"": 2, ""greater"": 6, ""achieve"": 2, ""increased"": 2, ""increases"": 2, ""improved"": 2, ""good"": 2}","{""low"": 2, ""difficult"": 2, ""less"": 2, ""under"": 2}"
1997-05-23,Inhuldigingsrede gelewer deur dr Chris Stalsby geleentheid van die aanvaarding van die Kanselierskap van die Universiteit van Pretoria,,html,0.8,42,18,5731,"{""more"": 6, ""opportunities"": 2, ""opportunity"": 2, ""expand"": 2, ""growing"": 2, ""rising"": 2, ""certain"": 2, ""success"": 4, ""achievement"": 2, ""above"": 2, ""succeed"": 2, ""better"": 2, ""successful"": 4, ""most"": 2, ""achieve"": 2, ""strong"": 2, ""leader"": 2}","{""challenge"": 4, ""uncertainty"": 4, ""challenges"": 4, ""smaller"": 2, ""down"": 4}"
1997-05-30,"Address by Dr Chris Stals, Governor of the South African Reserve Bank, at ""Forex '97"": 39th International Congress of the Association Cambiste Internationale, Toronto, Canada",Chris Stals,html,1.2692,170,38,5374,"{""more"": 26, ""succeeded"": 6, ""positive"": 2, ""up"": 12, ""opportunities"": 12, ""most"": 6, ""encouraging"": 6, ""growing"": 4, ""succeed"": 2, ""growth"": 16, ""improved"": 2, ""progress"": 4, ""increases"": 8, ""best"": 2, ""rising"": 4, ""leader"": 2, ""expansion"": 10, ""increased"": 4, ""increase"": 12, ""improvement"": 2, ""exceeded"": 2, ""above"": 4, ""high"": 4, ""exceeding"": 2, ""greater"": 2, ""certain"": 4, ""expanding"": 2, ""better"": 4, ""improve"": 2, ""achieved"": 2}","{""challenges"": 6, ""under"": 2, ""negative"": 2, ""declined"": 6, ""challenge"": 2, ""down"": 6, ""decline"": 6, ""challenging"": 2, ""weaknesses"": 2, ""low"": 2, ""difficult"": 2}"
1997-07-10,"Address by Dr Chris Stals, Governor of the South African Reserve Bank, at a Dinner of the Friends of South Africa, London",Chris Stals,html,1.3433,112,22,4310,"{""more"": 28, ""record"": 2, ""up"": 14, ""most"": 8, ""succeed"": 4, ""expanding"": 2, ""leader"": 2, ""best"": 2, ""opportunity"": 2, ""better"": 10, ""growth"": 10, ""increase"": 6, ""rewarding"": 2, ""exceeded"": 2, ""exceeds"": 2, ""improve"": 2, ""improved"": 2, ""progress"": 2, ""encouraging"": 2, ""greater"": 6, ""achieve"": 2}","{""challenging"": 4, ""decline"": 4, ""challenges"": 6, ""challenge"": 4, ""least"": 2, ""declined"": 2}"
1997-07-10,"Address by Dr Chris Stals, Governor of the South African Reserve Bank, at a Conference on Southern Africa: Resources, Investment and Trade arranged by Forum Southern Africa Limited, London ",Chris Stals,html,1.234,76,18,3661,"{""good"": 6, ""progress"": 6, ""certain"": 2, ""up"": 6, ""better"": 2, ""increase"": 2, ""growth"": 6, ""more"": 14, ""achieve"": 6, ""improve"": 4, ""most"": 4, ""encouraged"": 2, ""success"": 2, ""growing"": 4, ""successful"": 2, ""larger"": 2, ""reward"": 2, ""successes"": 2, ""succeed"": 2}","{""declined"": 2, ""low"": 2, ""decline"": 4, ""obstacles"": 2, ""challenges"": 2, ""challenging"": 2, ""difficult"": 2, ""challenge"": 2}"
1997-07-16,"Address by Dr Chris Stals, Governor of the South African Reserve Bank, at a Luncheon of the Institute of Directors in Southern Africa , Pretoria",Chris Stals,html,0.8966,42,16,3410,"{""more"": 14, ""up"": 4, ""achieve"": 4, ""growth"": 2, ""record"": 2, ""improved"": 2, ""exceeds"": 2, ""increase"": 2, ""increases"": 2, ""successful"": 2, ""most"": 2, ""higher"": 2, ""exceed"": 2}","{""decline"": 4, ""less"": 4, ""negative"": 2, ""smaller"": 2, ""under"": 2, ""lower"": 2}"
1997-07-22,"Remarks by Dr Chris Stals, Governor of the South African Reserve Bank, at the signing of a Syndicated Medium Term Revolving Credit Facility made available to the Reserve Bank by a Group of Thirty-Four International Banking Institutions, London.",Chris Stals,html,0.6,26,14,2621,"{""more"": 8, ""growth"": 2, ""growing"": 2, ""encouraged"": 2, ""succeeded"": 2, ""up"": 2, ""greater"": 4, ""higher"": 2, ""success"": 2}","{""weak"": 2, ""weakness"": 2, ""low"": 2, ""challenges"": 2, ""difficult"": 4, ""down"": 2}"
1997-08-14,"Address by Dr E.J. van der Merwe, at the Conference of the Institute for Strategic Studies and The Graduate School of Management of the University of Pretoria.",E.J.,html,1.1504,178,48,7426,"{""more"": 34, ""best"": 4, ""highest"": 2, ""progress"": 2, ""increasing"": 6, ""rising"": 2, ""good"": 4, ""growing"": 4, ""strong"": 6, ""grown"": 2, ""achieve"": 4, ""achieved"": 8, ""growth"": 18, ""increased"": 10, ""largest"": 2, ""expansion"": 6, ""improve"": 4, ""increase"": 12, ""greater"": 6, ""most"": 6, ""rise"": 2, ""larger"": 2, ""increases"": 2, ""grow"": 2, ""high"": 12, ""higher"": 4, ""expand"": 2, ""opportunity"": 2, ""opportunities"": 2, ""success"": 4, ""successful"": 2}","{""fall"": 2, ""least"": 2, ""less"": 6, ""under"": 8, ""challenges"": 4, ""risk"": 10, ""drop"": 2, ""lower"": 4, ""down"": 4, ""low"": 2, ""difficult"": 2, ""decline"": 2}"
1997-08-26,Governor's Address (77th) - 1997-08-26,,html,1.0345,396,126,14129,"{""growth"": 46, ""certain"": 2, ""leader"": 2, ""better"": 12, ""growing"": 4, ""expansion"": 10, ""increasing"": 8, ""more"": 70, ""increased"": 20, ""stronger"": 2, ""greater"": 16, ""higher"": 14, ""improving"": 2, ""achieving"": 2, ""improvements"": 4, ""rise"": 8, ""encouraging"": 2, ""high"": 26, ""increase"": 40, ""best"": 2, ""positive"": 8, ""expanded"": 2, ""increases"": 10, ""improvement"": 2, ""larger"": 2, ""achieve"": 4, ""succeed"": 2, ""exceeded"": 4, ""risen"": 4, ""highest"": 2, ""rising"": 6, ""up"": 6, ""strength"": 2, ""rose"": 4, ""good"": 8, ""exceed"": 2, ""success"": 2, ""achieved"": 2, ""progress"": 6, ""above"": 4, ""opportunity"": 4, ""strengthen"": 4, ""successful"": 4, ""expanding"": 2, ""opportunities"": 4, ""record"": 2, ""most"": 2}","{""weakening"": 2, ""decline"": 12, ""weak"": 4, ""under"": 4, ""below"": 4, ""threat"": 2, ""down"": 4, ""lower"": 8, ""declined"": 24, ""least"": 2, ""depressed"": 2, ""declines"": 2, ""negative"": 4, ""less"": 16, ""low"": 12, ""difficult"": 6, ""risks"": 2, ""declining"": 2, ""deteriorate"": 4, ""smaller"": 2, ""penalty"": 2, ""uncertain"": 2, ""risk"": 2, ""challenging"": 2}"
1997-09-03,"Address by Dr Chris Stals, Governor of the South African Reserve Bank, at a Pretoria News/MBA Executive Breakfast Club, Pretoria",Chris Stals,html,0.9333,132,48,4995,"{""most"": 8, ""increases"": 4, ""increase"": 6, ""rise"": 4, ""grows"": 2, ""exceeds"": 2, ""growing"": 6, ""higher"": 12, ""more"": 38, ""high"": 8, ""better"": 2, ""achieved"": 2, ""certain"": 4, ""good"": 4, ""successful"": 2, ""greater"": 2, ""increased"": 4, ""growth"": 4, ""record"": 2, ""strong"": 4, ""increasing"": 2, ""up"": 2, ""expansion"": 2, ""best"": 2, ""achieve"": 2, ""succeeding"": 2}","{""declines"": 2, ""lower"": 8, ""decline"": 8, ""difficult"": 8, ""least"": 4, ""low"": 6, ""less"": 4, ""down"": 6, ""fail"": 2}"
1997-09-05,"Rede gelewer deur dr Chris Stals, President van die Suid-Afrikaanse Reserwebank, by geleentheid van die viering van die Sestigste Bestaansjaar van die Fakulteit Ekonomiese en Bestuurswetenskappe van die Universiteit van die Oranje-Vrystaat, Bloemfontein.",,html,1.4,34,6,5392,"{""increased"": 6, ""more"": 12, ""up"": 2, ""strength"": 2, ""most"": 2, ""encouraged"": 2, ""higher"": 4, ""growth"": 2, ""exceeded"": 2}","{""threat"": 2, ""least"": 2, ""weaknesses"": 2}"
1997-09-08,"Address by Dr Chris Stals, Governor of the South African Reserve Bank, at a Roundtable Discussion arranged by Economist Conferences, Johannesburg.",Chris Stals,html,1.493,124,18,4709,"{""good"": 2, ""progress"": 6, ""more"": 28, ""growing"": 4, ""up"": 12, ""most"": 8, ""rise"": 4, ""increases"": 2, ""increased"": 6, ""rises"": 2, ""rose"": 10, ""growth"": 10, ""high"": 4, ""certain"": 2, ""rising"": 4, ""exceeds"": 2, ""achieved"": 2, ""increase"": 4, ""greater"": 4, ""better"": 4, ""expansion"": 2, ""encouraging"": 2}","{""fall"": 2, ""declines"": 4, ""less"": 2, ""declined"": 4, ""declining"": 2, ""least"": 2, ""lower"": 2}"
1997-10-28,"Address by Dr Chris Stals, Governor of the South African Reserve Bank, at the Annual Convention of the South African Chamber of Business, Somerset West",Chris Stals,html,0.918,178,66,5623,"{""successful"": 2, ""strong"": 4, ""more"": 28, ""high"": 10, ""growth"": 30, ""better"": 8, ""good"": 6, ""certain"": 2, ""grew"": 2, ""up"": 8, ""rose"": 8, ""increased"": 12, ""increase"": 14, ""increases"": 4, ""higher"": 8, ""increasing"": 2, ""rise"": 2, ""expansion"": 4, ""improved"": 4, ""achieved"": 4, ""improvement"": 2, ""most"": 4, ""above"": 4, ""success"": 2, ""growing"": 2, ""improving"": 2}","{""under"": 10, ""declined"": 10, ""down"": 16, ""low"": 4, ""failure"": 2, ""deteriorate"": 2, ""smaller"": 4, ""challenge"": 4, ""less"": 4, ""decline"": 4, ""difficult"": 4, ""lower"": 2}"
1997-11-07,"Address by Dr Chris Stals, Governor of the South African Reserve Bank, at the Annual Conference of the Bureau for Economic Research, Cape Town.  ",Chris Stals,html,1.1304,144,40,5046,"{""definite"": 2, ""better"": 8, ""growth"": 16, ""higher"": 4, ""more"": 36, ""certain"": 2, ""progress"": 4, ""increases"": 2, ""positive"": 4, ""improvement"": 4, ""increased"": 10, ""increase"": 18, ""succeeded"": 2, ""expansion"": 4, ""rise"": 4, ""good"": 4, ""up"": 4, ""most"": 2, ""opportunity"": 2, ""best"": 2, ""high"": 2, ""greater"": 4, ""encouraged"": 2, ""opportunities"": 2}","{""declines"": 2, ""decline"": 4, ""decrease"": 2, ""weaknesses"": 2, ""down"": 8, ""declined"": 6, ""less"": 2, ""declining"": 4, ""low"": 2, ""challenge"": 2, ""smaller"": 2, ""challenging"": 2, ""challenges"": 2}"
1997-11-07,"Address by Dr Chris Stals, Governor of the South African Reserve Bank, at a South African Financial Markets Conference arranged by Standard Bank of South Africa Limited, Cape Town.",Chris Stals,html,0.6842,102,50,5373,"{""growth"": 12, ""more"": 36, ""opportunities"": 2, ""most"": 4, ""certain"": 2, ""higher"": 6, ""rise"": 2, ""leading"": 2, ""best"": 2, ""succeeded"": 4, ""good"": 8, ""better"": 2, ""successful"": 2, ""up"": 2, ""increasing"": 2, ""growing"": 4, ""achievement"": 2, ""achieve"": 4, ""improved"": 2, ""progress"": 2}","{""challenge"": 16, ""low"": 12, ""lower"": 4, ""difficult"": 2, ""least"": 4, ""down"": 4, ""smaller"": 4, ""challenged"": 2, ""challenges"": 2}"
1997-11-19,"Address by Dr Chris Stals, Governor of the South African Reserve Bank, at an Investment Conference arranged by Huysamer Stals, Johannesburg.",Chris Stals,html,0.4421,116,74,4605,"{""achievement"": 2, ""more"": 16, ""improvement"": 2, ""most"": 12, ""higher"": 4, ""up"": 6, ""high"": 4, ""increased"": 6, ""increases"": 6, ""increase"": 12, ""encouraging"": 2, ""growth"": 16, ""rose"": 2, ""exceeded"": 4, ""larger"": 2, ""rise"": 2, ""success"": 2, ""certain"": 4, ""greater"": 4, ""better"": 4, ""increasing"": 2, ""successful"": 2}","{""low"": 12, ""less"": 8, ""below"": 2, ""declined"": 18, ""declining"": 2, ""fell"": 2, ""down"": 8, ""lower"": 6, ""smaller"": 2, ""decline"": 6, ""declines"": 4, ""uncertainty"": 2, ""disappointment"": 2}"
1998-03-23,"Opening Address by Dr Chris Stals, Governor of the South African Reserve Bank, at the Twentieth Mint Director's Conference, Sun City",Chris Stals,html,0.7368,26,12,3356,"{""more"": 14, ""most"": 8, ""exceeds"": 2, ""higher"": 2}","{""least"": 2, ""less"": 2, ""difficult"": 4, ""low"": 2, ""challenges"": 2}"
1998-04-01,"Address by Dr Chris Stals, Governor of the South African Reserve Bank, at the Fifteenth Payment Systems International Conference, Sun City",Chris Stals,html,1.0526,58,18,4621,"{""up"": 4, ""expansion"": 2, ""increases"": 2, ""increased"": 10, ""exceeded"": 2, ""greater"": 4, ""more"": 4, ""best"": 6, ""opportunities"": 6, ""high"": 2, ""accomplished"": 2, ""opportunity"": 4, ""achieved"": 4, ""most"": 2, ""increase"": 2, ""expand"": 2}","{""challenge"": 2, ""risk"": 8, ""under"": 2, ""failure"": 2, ""challenges"": 2, ""difficulty"": 2}"
1998-04-24,"Address by Dr Chris Stals,Governor of the South African Reserve Bank,at the International Conference: ""South Africa and the Emerging Markets"", organised by the Department of Economics, Faculty of Commerce and Administration of the University of Durban-Westville Sandton",Chris Stals,html,0.8235,96,40,4150,"{""growth"": 10, ""achieve"": 4, ""successful"": 4, ""better"": 2, ""more"": 20, ""increases"": 6, ""achieved"": 4, ""greater"": 2, ""most"": 6, ""high"": 10, ""increase"": 16, ""success"": 2, ""up"": 2, ""increased"": 2, ""higher"": 6}","{""low"": 10, ""difficult"": 4, ""less"": 8, ""least"": 2, ""below"": 2, ""declined"": 2, ""down"": 4, ""under"": 4, ""lower"": 4}"
1998-04-29,"Address by Dr Chris Stals, Governor of the South African Reserve Bank, at a Breakfast Meeting organised by Life Line West Rand Krugersdorp",Chris Stals,html,1.0204,74,24,2961,"{""most"": 6, ""successful"": 2, ""achieving"": 2, ""up"": 2, ""growth"": 14, ""increased"": 6, ""more"": 22, ""improvements"": 2, ""strengthening"": 2, ""leading"": 2, ""rising"": 2, ""increase"": 8, ""rise"": 2, ""strong"": 2}","{""low"": 6, ""deteriorating"": 2, ""below"": 2, ""slump"": 2, ""down"": 2, ""decline"": 2, ""deteriorates"": 2, ""under"": 2, ""declines"": 2, ""less"": 2}"
1998-05-04,"Keynote Address by Dr Chris Stals, Governor of the South African Reserve Bank, at the Fifth Annual African Regional Conference of the Society for Worldwide Interbank Financial Telecommunication (SWIFT) Cape Town",Chris Stals,html,0.0392,52,50,4443,"{""more"": 16, ""high"": 4, ""most"": 4, ""success"": 2, ""growth"": 2, ""best"": 2, ""better"": 8, ""improve"": 2, ""greater"": 4, ""improvement"": 2, ""successful"": 2, ""up"": 2, ""above"": 2}","{""smaller"": 14, ""less"": 8, ""difficult"": 8, ""penalties"": 2, ""down"": 2, ""worse"": 2, ""challenge"": 8, ""challenges"": 6}"
1998-05-08,"Address by Dr Chris Stals, Governor of the South African Reserve Bank, at the Tenth Annual ""Beeld"" Economist of the Year Banquet Johannesburg",Chris Stals,html,1.037,82,26,3745,"{""certain"": 2, ""successful"": 2, ""achieved"": 2, ""high"": 2, ""growth"": 4, ""better"": 4, ""more"": 26, ""increasing"": 4, ""increased"": 4, ""expansion"": 4, ""exceeds"": 2, ""increase"": 8, ""higher"": 2, ""achieve"": 2, ""greater"": 6, ""leading"": 2, ""good"": 2, ""most"": 2, ""best"": 2}","{""smaller"": 4, ""low"": 2, ""weaknesses"": 2, ""deteriorating"": 2, ""decline"": 4, ""lower"": 2, ""under"": 2, ""difficult"": 4, ""uncertainty"": 2, ""uncertain"": 2}"
1998-05-14,"Address by Dr Chris Stals, Governor of the South African Reserve Bank, at the Financial Forum of the National Bank of Belgium Brussels",Chris Stals,html,1.1648,144,38,7655,"{""better"": 2, ""up"": 8, ""more"": 44, ""growth"": 14, ""higher"": 4, ""accomplish"": 2, ""opportunities"": 2, ""certain"": 4, ""strong"": 2, ""high"": 2, ""increased"": 16, ""good"": 2, ""increasing"": 2, ""increase"": 8, ""success"": 2, ""above"": 2, ""increases"": 6, ""improve"": 4, ""improved"": 2, ""most"": 2, ""exceeded"": 2, ""growing"": 6, ""exceeds"": 2, ""expansion"": 2, ""expand"": 2}","{""challenged"": 2, ""lower"": 4, ""challenge"": 4, ""lowest"": 2, ""below"": 6, ""declined"": 4, ""under"": 2, ""down"": 2, ""less"": 4, ""low"": 2, ""challenges"": 2, ""risk"": 2, ""obstacles"": 2}"
1998-06-18,"Address by Dr Chris Stals, Governor of the South African Reserve Bank, at a Finance Week Business Breakfast Johannesburg",Chris Stals,html,0.9296,104,38,4943,"{""more"": 36, ""certain"": 2, ""successes"": 6, ""achieved"": 2, ""high"": 4, ""delivered"": 2, ""up"": 2, ""improved"": 2, ""increased"": 8, ""enjoyed"": 2, ""higher"": 12, ""achieve"": 2, ""larger"": 4, ""greater"": 4, ""rise"": 6, ""growth"": 4, ""increase"": 2, ""increases"": 2, ""best"": 2}","{""weakness"": 2, ""weaknesses"": 4, ""threat"": 2, ""under"": 4, ""risk"": 8, ""difficult"": 6, ""decline"": 4, ""lower"": 2, ""less"": 2, ""low"": 2, ""weak"": 2}"
1998-06-22,"Summary of address by Dr Chris Stals, Governor of the South African Reserve Bank, at the Europe South Africa '98 Business and Finance Forum arranged by EnergyNet Limited Hamburg",Chris Stals,html,1.7647,32,2,2016,"{""improve"": 4, ""progress"": 6, ""improved"": 2, ""good"": 2, ""more"": 6, ""encouraged"": 2, ""improvement"": 2, ""greater"": 4, ""certain"": 2, ""opportunity"": 2}","{""risk"": 2}"
1998-06-22,"Background document for address by Dr Chris Stals, Governor of the South African Reserve Bank, at the Europe South Africa '98 Business and Finance Forum arranged by EnergyNet Limited Hamburg.",Chris Stals,html,1.375,54,10,5283,"{""achieve"": 4, ""growth"": 8, ""good"": 4, ""stronger"": 2, ""progress"": 4, ""achievement"": 4, ""more"": 12, ""achieving"": 2, ""improve"": 4, ""up"": 2, ""most"": 2, ""achieved"": 2, ""better"": 2, ""encouraged"": 2}","{""down"": 2, ""challenge"": 2, ""risk"": 2, ""challenges"": 2, ""challenging"": 2}"
1998-07-23,"Address by Dr Chris Stals, Governor of the South African Reserve Bank, at the Annual Australia / Southern Africa Business Council Meeting, Sydney",Chris Stals,html,1.2093,138,34,7010,"{""increasing"": 2, ""certain"": 2, ""more"": 42, ""up"": 16, ""good"": 2, ""exceed"": 2, ""increased"": 12, ""above"": 2, ""excellent"": 2, ""increases"": 2, ""improve"": 2, ""improved"": 2, ""most"": 2, ""increase"": 4, ""exceeded"": 2, ""growing"": 6, ""exceeds"": 2, ""expansion"": 4, ""greater"": 14, ""leading"": 2, ""encouraged"": 2, ""expanding"": 2, ""growth"": 2, ""high"": 2, ""opportunities"": 6}","{""worsening"": 2, ""lower"": 2, ""below"": 2, ""low"": 4, ""less"": 2, ""under"": 4, ""smaller"": 2, ""least"": 2, ""disappointing"": 2, ""challenging"": 2, ""risk"": 2, ""depressed"": 2, ""declined"": 2, ""down"": 4}"
1998-07-30,"Address by Dr Chris Stals, Governor of the South African Reserve Bank, at the 1998 Mid-Year Economic Outlook Seminar of the South African Chamber of Business Witkoppen",Chris Stals,html,0.7097,84,40,3179,"{""successful"": 2, ""growth"": 10, ""better"": 2, ""more"": 16, ""increased"": 16, ""risen"": 2, ""high"": 4, ""encouraging"": 2, ""increase"": 8, ""improvement"": 2, ""improved"": 2, ""higher"": 4, ""up"": 2, ""encouraged"": 2, ""rise"": 2, ""greater"": 2, ""rose"": 2, ""highest"": 2, ""certain"": 2}","{""down"": 2, ""decline"": 2, ""declined"": 24, ""less"": 2, ""under"": 2, ""risk"": 2, ""fall"": 2, ""low"": 2, ""challenge"": 2}"
1998-09-02,"Address by Dr Chris Stals, Governor of the South African Reserve Bank at a Breakfast Meeting of the Insurance Brokers Council of South Africa",Chris Stals,html,0.7042,96,46,4426,"{""high"": 36, ""record"": 2, ""higher"": 6, ""most"": 2, ""more"": 22, ""up"": 6, ""rise"": 2, ""rising"": 6, ""increased"": 2, ""rose"": 2, ""risen"": 2, ""expansion"": 2, ""growth"": 2, ""greater"": 2, ""improve"": 2}","{""depressed"": 4, ""lower"": 8, ""low"": 4, ""down"": 10, ""decline"": 4, ""declining"": 2, ""under"": 2, ""negative"": 4, ""below"": 2, ""smaller"": 4, ""less"": 2}"
1998-09-08,"Remarks by Dr Chris Stals, Governor of the South African Reserve Bank, at the launching of Project Literacy's New Maths Course, Level 1 to Level 4 Johannesburg",Chris Stals,html,1.4286,36,6,1416,"{""more"": 22, ""succeed"": 2, ""achievements"": 4, ""increase"": 2, ""rise"": 2, ""achieve"": 2, ""achieved"": 2}","{""challenge"": 2, ""less"": 2, ""challenges"": 2}"
1998-09-16,"Address by Dr Chris Stals, Governor of the South African Reserve Bank, on the acceptance of the Award for Management Excellence presented by the Wits Business School",Chris Stals,html,0.1053,20,18,2591,"{""more"": 4, ""best"": 2, ""reward"": 2, ""most"": 4, ""achievement"": 2, ""high"": 2, ""succeed"": 2, ""successes"": 2}","{""below"": 6, ""challenges"": 4, ""decline"": 4, ""challenged"": 2, ""challenging"": 2}"
1998-10-26,"Address by Dr Chris Stals, Governor of the South African Reserve Bank, at the Fifth Annual General Meeting of the South Africa - Canada Chamber of Business, Johannesburg",Chris Stals,html,0.6512,114,58,5477,"{""more"": 36, ""most"": 12, ""encouraging"": 4, ""greater"": 8, ""certain"": 2, ""above"": 4, ""achieve"": 2, ""best"": 2, ""accomplished"": 4, ""better"": 2, ""high"": 4, ""growth"": 6, ""improved"": 2, ""up"": 8, ""strong"": 2, ""increasing"": 2, ""improving"": 2, ""improve"": 2, ""higher"": 2, ""strengths"": 2, ""strengthen"": 2, ""progress"": 4}","{""smaller"": 8, ""depressed"": 4, ""under"": 2, ""difficult"": 2, ""weakening"": 2, ""less"": 2, ""decline"": 6, ""down"": 8, ""risk"": 12, ""threat"": 2, ""negative"": 4, ""deteriorating"": 2, ""weaknesses"": 4}"
1998-10-30,"Address by Dr Chris Stals, Governor of the South African Reserve Bank, at a Breakfast Meeting of the Institute of Credit Management, Johannesburg",Chris Stals,html,0.8837,62,24,3473,"{""growing"": 2, ""growth"": 10, ""encouraged"": 2, ""high"": 8, ""more"": 16, ""greater"": 2, ""higher"": 2, ""increase"": 4, ""increasing"": 6, ""expansion"": 2, ""rises"": 4, ""rising"": 2, ""increases"": 2}","{""low"": 8, ""less"": 2, ""negative"": 2, ""smaller"": 2, ""down"": 2, ""under"": 2, ""risk"": 2, ""depressed"": 2, ""falling"": 2}"
1998-11-03,"Address by Dr Chris Stals, Governor of the South African Reserve Bank, at an International Conference arranged by ABN AMRO Bank and Kagiso Financial Services, Johannesburg.",Chris Stals,html,0.5934,118,64,4102,"{""more"": 18, ""increased"": 10, ""increase"": 12, ""increasing"": 4, ""rose"": 4, ""encouraged"": 2, ""strong"": 2, ""above"": 2, ""risen"": 2, ""high"": 10, ""up"": 2, ""most"": 4, ""growth"": 10, ""improvement"": 10, ""expansion"": 4, ""rise"": 2, ""improve"": 6, ""improvements"": 2, ""encouraging"": 2, ""greater"": 2, ""higher"": 2, ""increases"": 2, ""achieved"": 4}","{""smaller"": 4, ""decline"": 14, ""negative"": 8, ""declined"": 14, ""weakening"": 4, ""least"": 2, ""deteriorated"": 2, ""less"": 2, ""smallest"": 2, ""below"": 2, ""low"": 6, ""weaknesses"": 2, ""depressed"": 2}"
1998-11-05,"Address by Dr Chris Stals, Governor of the South African Reserve Bank, at the Annual Dinner of The Institute of Bankers, Cape Town.",Chris Stals,html,0.4706,84,52,5683,"{""increasing"": 8, ""strong"": 2, ""most"": 8, ""more"": 20, ""expanding"": 2, ""high"": 8, ""increases"": 4, ""growth"": 4, ""better"": 2, ""up"": 2, ""higher"": 4, ""rising"": 2, ""greater"": 4, ""increased"": 6, ""rose"": 2, ""succeeded"": 2, ""above"": 2, ""strength"": 2}","{""smaller"": 12, ""difficult"": 6, ""weaknesses"": 2, ""low"": 4, ""under"": 2, ""down"": 8, ""risk"": 2, ""declining"": 2, ""below"": 4, ""declined"": 4, ""weak"": 6}"
1999-01-21,Opening Remarks at the Regional Year 2000 Meeting of Financial Regulators from Africa organised by the Joint Year 2000 Council and the South African Reserve Bank Pretoria,,html,0.72,34,16,3180,"{""more"": 4, ""strong"": 2, ""most"": 4, ""best"": 4, ""enjoy"": 4, ""high"": 6, ""leading"": 2, ""increase"": 2, ""progress"": 2, ""successful"": 2, ""rewarded"": 2}","{""risk"": 8, ""worst"": 2, ""challenging"": 2, ""threat"": 2, ""smaller"": 2}"
1999-02-05,"Presentation by Dr Chris Stals, Governor of the South African Reserve Bank, to the Portfolio Committee on Finance, Cape Town,",Chris Stals,html,1.0189,80,26,4210,"{""most"": 4, ""good"": 2, ""more"": 26, ""expansion"": 2, ""achieve"": 4, ""above"": 2, ""achieving"": 2, ""increase"": 4, ""up"": 4, ""increases"": 10, ""growth"": 4, ""growing"": 4, ""better"": 2, ""higher"": 2, ""success"": 4, ""exceeded"": 2, ""improving"": 2}","{""below"": 2, ""decline"": 6, ""lower"": 8, ""low"": 2, ""depressed"": 2, ""difficult"": 4, ""risk"": 2}"
1999-03-17,"Address by Dr Chris Stals, Governor of the South African Reserve Bank, at a breakfast meeting of the Johannesburg Branch of the Institute of Bankers in South Africa Johannesburg",Chris Stals,html,1.0189,80,26,4219,"{""most"": 4, ""good"": 2, ""more"": 26, ""expansion"": 2, ""achieve"": 4, ""above"": 2, ""achieving"": 2, ""increase"": 4, ""up"": 4, ""increases"": 10, ""growth"": 4, ""growing"": 4, ""better"": 2, ""higher"": 2, ""success"": 4, ""exceeded"": 2, ""improving"": 2}","{""below"": 2, ""decline"": 6, ""lower"": 8, ""low"": 2, ""depressed"": 2, ""difficult"": 4, ""risk"": 2}"
1999-03-29,"Address by Dr Chris Stals, Governor of the South African Reserve Bank, at the Annual Dinner of Ethos Private Equity Stellenbosch",Chris Stals,html,1.697,122,10,5119,"{""good"": 4, ""more"": 28, ""most"": 8, ""up"": 4, ""achieved"": 2, ""progress"": 6, ""best"": 2, ""increases"": 2, ""increased"": 18, ""increase"": 4, ""exceeded"": 2, ""expansion"": 12, ""succeeded"": 2, ""delivered"": 2, ""increasing"": 2, ""above"": 2, ""rose"": 2, ""high"": 2, ""growth"": 4, ""improve"": 4, ""greater"": 4, ""positive"": 2, ""certain"": 2, ""growing"": 2}","{""challenges"": 4, ""challenge"": 2, ""low"": 2, ""less"": 2}"
1999-04-12,"Address by Dr Chris Stals, Governor of the South African Reserve Bank, at the Convention of the Institute of Life and Pension Advisers (ILPA) Johannesburg",Chris Stals,html,0.6923,140,68,5611,"{""rises"": 2, ""growth"": 22, ""success"": 4, ""high"": 6, ""encouraged"": 4, ""leading"": 2, ""higher"": 4, ""expanding"": 2, ""certain"": 2, ""up"": 4, ""most"": 14, ""succeeded"": 4, ""increase"": 2, ""rise"": 4, ""rose"": 2, ""more"": 18, ""increased"": 4, ""positive"": 2, ""encouraging"": 2, ""greater"": 4, ""strong"": 2, ""progress"": 2, ""strengthening"": 4, ""increases"": 2, ""improved"": 4, ""achieved"": 4, ""strengthen"": 2, ""improvement"": 4, ""achieving"": 2, ""increasing"": 2, ""growing"": 2, ""good"": 2}","{""decline"": 6, ""weakness"": 2, ""less"": 4, ""risks"": 12, ""under"": 6, ""risk"": 6, ""threat"": 2, ""fell"": 2, ""worsening"": 2, ""challenged"": 2, ""difficulty"": 2, ""declined"": 2, ""depressed"": 6, ""negative"": 4, ""weakening"": 2, ""lower"": 2, ""challenges"": 2, ""challenge"": 2, ""low"": 2}"
1999-05-17,"Address by Dr Chris Stals, Governor of the South African Reserve Bank, at the 52nd Congress of the South African Nurserymen's Association",Chris Stals,html,0.64,66,34,3757,"{""more"": 16, ""up"": 8, ""improvement"": 2, ""growing"": 4, ""increasing"": 2, ""high"": 2, ""accomplish"": 2, ""increased"": 12, ""opportunity"": 2, ""successful"": 2, ""higher"": 2, ""growth"": 2, ""most"": 2, ""improved"": 2, ""succeeded"": 2, ""improving"": 2, ""better"": 2}","{""low"": 4, ""weakness"": 2, ""decline"": 2, ""risky"": 2, ""lower"": 2, ""less"": 2, ""difficult"": 2, ""below"": 2, ""depressed"": 2, ""declines"": 2, ""negative"": 4, ""down"": 2, ""declined"": 6}"
1999-05-25,"Address by Dr Chris Stals, Governor of the South African Reserve Bank, at a Conference on ""The South African Economy in a World of Volatile Financial Markets"", arranged by the Bureau for Economic Research of the University of Stellenbosch, Johannesburg",Chris Stals,html,0.1818,60,50,5398,"{""more"": 16, ""better"": 2, ""high"": 6, ""good"": 2, ""greater"": 4, ""increased"": 4, ""larger"": 2, ""above"": 2, ""higher"": 4, ""rise"": 2, ""strength"": 2, ""positive"": 4, ""rising"": 4, ""certain"": 2, ""exceed"": 2, ""most"": 2}","{""challenges"": 6, ""smaller"": 2, ""least"": 2, ""decline"": 4, ""risk"": 8, ""low"": 2, ""depressed"": 4, ""challenge"": 6, ""less"": 2, ""weaknesses"": 2, ""failure"": 2, ""negative"": 2, ""declined"": 2, ""declining"": 2, ""risks"": 2, ""under"": 2}"
1999-06-23,"Address by Dr Chris Stals, Governor of the South African Reserve Bank, at a meeting for business people arranged by the Reserve Bank of Zimbabwe, Harare",Chris Stals,html,1.3548,52,10,3760,"{""progress"": 4, ""opportunity"": 4, ""more"": 12, ""expansion"": 4, ""higher"": 6, ""achieved"": 2, ""up"": 4, ""better"": 2, ""encouraged"": 4, ""expanded"": 4, ""improvement"": 2, ""most"": 2, ""strengthen"": 2}","{""smaller"": 4, ""under"": 2, ""low"": 4}"
1999-08-07,"Remarks by Dr Chris Stals, retiring Governor at a Gala Dinner of the South African Reserve Bank",Chris Stals,html,1.3103,48,10,4033,"{""increase"": 2, ""more"": 10, ""increasing"": 2, ""growth"": 4, ""positive"": 2, ""achieve"": 4, ""up"": 4, ""most"": 2, ""good"": 6, ""enjoyed"": 2, ""achievements"": 2, ""opportunity"": 2, ""expanding"": 2, ""succeeded"": 2, ""greater"": 2}","{""challenges"": 2, ""falling"": 2, ""weak"": 2, ""down"": 4}"
1999-08-07,"Statement by Mr Tito Mboweni on the occasion of the retirement of Governor Chris Stals as governor of the South African Reserve Bank and the inauguration of the new governor Gallagher Estate, Midrand",Tito Mboweni,html,1.25,26,6,2345,"{""pleased"": 2, ""best"": 4, ""most"": 2, ""growth"": 6, ""achieved"": 2, ""delivered"": 2, ""stronger"": 2, ""good"": 2, ""strength"": 2, ""improving"": 2}","{""under"": 2, ""fell"": 2, ""challenging"": 2}"
1999-08-24,"Governor's Address at SEVENTY-NINTH ORDINARY GENERAL MEETING OF SHAREHOLDERS OF THE BANK, 24 AUGUST 1999",,pdf,0.8506,62,25,3572,"{""growth"": 11, ""better"": 2, ""higher"": 1, ""more"": 13, ""increases"": 1, ""rise"": 1, ""up"": 3, ""most"": 2, ""achieved"": 1, ""improved"": 2, ""improves"": 2, ""best"": 2, ""improving"": 2, ""achieve"": 5, ""opportunity"": 2, ""high"": 3, ""increase"": 1, ""progress"": 2, ""greater"": 2, ""achievement"": 1, ""opportunities"": 2, ""achieving"": 1}","{""decline"": 1, ""lower"": 4, ""slump"": 1, ""low"": 1, ""negative"": 2, ""risks"": 3, ""fell"": 1, ""uncertain"": 1, ""least"": 1, ""down"": 1, ""risk"": 1, ""challenges"": 2, ""failure"": 1, ""threat"": 1, ""drop"": 1, ""below"": 1, ""under"": 1, ""difficult"": 1}"
1999-09-02,"Speech by Mr Tito Mboweni, Governor of the South African Reserve Bank, at the Western Cape Exporter of the Year Awards Dinner",Tito Mboweni,html,0.8293,58,24,2946,"{""good"": 8, ""achievement"": 2, ""growth"": 6, ""achieve"": 4, ""best"": 2, ""more"": 10, ""increased"": 4, ""greater"": 2, ""better"": 2, ""pleased"": 2, ""opportunity"": 2, ""improvement"": 4, ""increase"": 4, ""strengthen"": 2, ""high"": 2, ""improved"": 2}","{""disappointment"": 2, ""weakness"": 2, ""less"": 4, ""below"": 6, ""disappointed"": 2, ""difficult"": 2, ""declined"": 2, ""fell"": 2, ""fall"": 2}"
1999-09-06,"Address by Mr T.T. Mboweni, Governor of the South African Reserve Bank, at the biennial Congress of the Economic Society of South Africa, Pretoria",T.T. Mboweni,html,1.3793,98,18,5386,"{""growth"": 10, ""more"": 12, ""achieving"": 6, ""rise"": 2, ""definite"": 4, ""achievement"": 4, ""most"": 8, ""successful"": 4, ""record"": 2, ""improve"": 6, ""best"": 4, ""up"": 2, ""high"": 10, ""strengthens"": 2, ""better"": 4, ""certain"": 8, ""achieve"": 2, ""strengthen"": 2, ""stronger"": 2, ""success"": 2, ""greater"": 2}","{""weakness"": 2, ""penalties"": 2, ""uncertainty"": 4, ""risk"": 2, ""difficult"": 4, ""low"": 2, ""smaller"": 2}"
1999-10-11,"Address by Mr T.T. Mboweni, Governor of the South African Reserve Bank, at the Sun Microsystems Conference 1999, Vodaworld, Midrand,",T.T. Mboweni,html,0.3125,74,54,5965,"{""expansion"": 2, ""more"": 26, ""growing"": 2, ""most"": 8, ""certain"": 12, ""up"": 2, ""opportunities"": 6, ""definite"": 2, ""higher"": 4, ""better"": 2, ""good"": 2, ""increase"": 2, ""successful"": 2, ""best"": 2}","{""weaknesses"": 2, ""risks"": 8, ""low"": 4, ""fall"": 6, ""risk"": 12, ""less"": 2, ""risky"": 4, ""difficult"": 8, ""decline"": 2, ""under"": 2, ""threat"": 4}"
1999-11-02,"Address by Mr T T Mboweni, Governor of the South African Reserve Bank, at the Annual Convention of the Actuarial Society of South Africa, Midrand",Mr,html,0.2796,106,80,6100,"{""up"": 6, ""good"": 6, ""most"": 6, ""greatest"": 2, ""positive"": 8, ""higher"": 12, ""exceed"": 2, ""risen"": 2, ""increase"": 10, ""rise"": 10, ""greater"": 2, ""high"": 2, ""increases"": 4, ""increased"": 4, ""more"": 8, ""rises"": 2, ""deliver"": 2, ""expand"": 2, ""opportunities"": 2, ""certain"": 2, ""improve"": 2, ""rose"": 2, ""improved"": 2, ""above"": 2, ""growth"": 4}","{""uncertain"": 4, ""less"": 2, ""under"": 2, ""difficult"": 8, ""risk"": 30, ""decline"": 2, ""lower"": 2, ""declines"": 2, ""falling"": 2, ""uncertainty"": 8, ""declining"": 2, ""difficulty"": 2, ""low"": 2, ""least"": 2, ""negative"": 2, ""down"": 2, ""declined"": 4, ""below"": 2}"
2000-03-14," Address by Mr T.T. Mboweni, Governor of the South African Reserve Bank, at the Pretoria Council for Businesswomen, Pretoria",T.T. Mboweni,html,0.95,118,42,6173,"{""more"": 20, ""up"": 4, ""strengthen"": 2, ""greater"": 4, ""good"": 4, ""achieve"": 6, ""growth"": 16, ""achieved"": 6, ""most"": 2, ""opportunities"": 2, ""higher"": 4, ""high"": 6, ""increase"": 10, ""successful"": 2, ""certain"": 2, ""improve"": 2, ""better"": 2, ""growing"": 2, ""rise"": 8, ""increased"": 6, ""strong"": 2, ""increases"": 2, ""rising"": 2, ""improvement"": 2}","{""fails"": 2, ""under"": 6, ""failure"": 6, ""risks"": 6, ""uncertain"": 2, ""fall"": 2, ""less"": 6, ""threat"": 2, ""down"": 2, ""lower"": 2, ""depressed"": 2, ""difficult"": 2, ""low"": 2}"
2000-03-28,"Address at KPMG / Cape Talk Power Breakfast, Table Bay Hotel, Waterfront Cape Town",,html,0.95,118,42,6162,"{""more"": 20, ""up"": 4, ""strengthen"": 2, ""greater"": 4, ""good"": 4, ""achieve"": 6, ""growth"": 16, ""achieved"": 6, ""most"": 2, ""opportunities"": 2, ""higher"": 4, ""high"": 6, ""increase"": 10, ""successful"": 2, ""certain"": 2, ""improve"": 2, ""better"": 2, ""growing"": 2, ""rise"": 8, ""increased"": 6, ""strong"": 2, ""increases"": 2, ""rising"": 2, ""improvement"": 2}","{""fails"": 2, ""under"": 6, ""failure"": 6, ""risks"": 6, ""uncertain"": 2, ""fall"": 2, ""less"": 6, ""threat"": 2, ""down"": 2, ""lower"": 2, ""depressed"": 2, ""difficult"": 2, ""low"": 2}"
2000-04-13,"Address at the Free State Branch of the Economic Society of South Africa and Chamber of Trade and Commerce, Bloemfontein",,html,0.9714,104,36,6313,"{""growth"": 12, ""more"": 14, ""improvement"": 2, ""expanded"": 2, ""above"": 2, ""achievement"": 2, ""expansion"": 2, ""achieve"": 12, ""achieved"": 6, ""high"": 14, ""higher"": 12, ""increase"": 6, ""increasing"": 2, ""strong"": 2, ""up"": 4, ""better"": 2, ""most"": 4, ""good"": 2, ""exceeding"": 2}","{""under"": 4, ""failure"": 6, ""risks"": 4, ""uncertain"": 2, ""fall"": 2, ""less"": 4, ""lower"": 4, ""low"": 2, ""risk"": 4, ""difficulty"": 2, ""down"": 2}"
2000-07-26,"Address at the Annual Congress of Agriculture Western Cape, Goudini Spa, Worcester",,html,1.0526,116,36,5945,"{""higher"": 2, ""growth"": 12, ""opportunities"": 8, ""growing"": 2, ""high"": 4, ""more"": 6, ""grown"": 2, ""most"": 4, ""improved"": 2, ""strong"": 2, ""good"": 2, ""delivered"": 6, ""largest"": 2, ""succeed"": 2, ""greater"": 4, ""increased"": 6, ""successful"": 4, ""encouraging"": 4, ""above"": 6, ""expansion"": 2, ""better"": 4, ""progress"": 2, ""positive"": 2, ""achieve"": 6, ""improvement"": 2, ""improve"": 2, ""success"": 4, ""increase"": 4, ""best"": 2, ""achieved"": 4, ""increases"": 2}","{""declines"": 4, ""under"": 4, ""declined"": 2, ""challenge"": 6, ""falling"": 2, ""risks"": 2, ""risk"": 6, ""fall"": 2, ""negative"": 2, ""challenges"": 6}"
2000-10-11,"Address at the Reuters Forum Lecture, Johannesburg",,html,0.9213,130,48,7710,"{""pleased"": 2, ""success"": 4, ""increased"": 4, ""greater"": 4, ""strong"": 4, ""more"": 22, ""high"": 6, ""higher"": 10, ""up"": 8, ""achieve"": 10, ""better"": 4, ""growth"": 8, ""most"": 8, ""successful"": 2, ""opportunities"": 2, ""above"": 2, ""good"": 6, ""progress"": 2, ""achieving"": 2, ""achievement"": 4, ""growing"": 2, ""achieved"": 2, ""increase"": 2, ""certain"": 2, ""improve"": 4, ""exceeding"": 2, ""best"": 2}","{""fall"": 2, ""under"": 10, ""lower"": 2, ""risk"": 2, ""down"": 4, ""negative"": 4, ""low"": 6, ""smaller"": 2, ""risks"": 4, ""less"": 2, ""failure"": 2, ""least"": 4, ""fails"": 2, ""challenges"": 2}"
2000-10-25,"Address at the Diplomatic Forum, Rand Afrikaans University",,html,1.2,160,40,7295,"{""rising"": 4, ""more"": 26, ""progress"": 2, ""improved"": 4, ""certain"": 2, ""strong"": 2, ""greater"": 26, ""stronger"": 2, ""increased"": 10, ""better"": 6, ""increase"": 10, ""most"": 6, ""high"": 6, ""higher"": 2, ""up"": 10, ""largest"": 2, ""growth"": 8, ""encouraging"": 2, ""successful"": 2, ""opportunities"": 2, ""good"": 6, ""encouraged"": 2, ""expansion"": 2, ""improve"": 4, ""growing"": 2, ""exceeds"": 2, ""best"": 4, ""increases"": 2, ""improvement"": 2}","{""declining"": 2, ""smaller"": 2, ""obstacles"": 2, ""risk"": 4, ""under"": 8, ""weaknesses"": 2, ""low"": 2, ""worse"": 2, ""fallen"": 2, ""less"": 8, ""challenges"": 2, ""least"": 2, ""decline"": 2}"
2001-03-16,"Address by Mr T.T. Mboweni, Governor of the South African Reserve Bank, Legal Resources Centre banquet, Johannesburg",T.T. Mboweni,html,0.6506,110,56,9035,"{""good"": 10, ""achieved"": 6, ""best"": 12, ""strong"": 6, ""up"": 4, ""certain"": 6, ""achieve"": 10, ""growth"": 10, ""achievement"": 4, ""high"": 10, ""increase"": 4, ""higher"": 2, ""more"": 6, ""growing"": 2, ""progress"": 2, ""improved"": 2, ""improving"": 2, ""grow"": 4, ""most"": 6, ""deliver"": 2}","{""under"": 10, ""fall"": 6, ""lower"": 2, ""risk"": 6, ""down"": 2, ""weak"": 10, ""weakness"": 2, ""weaknesses"": 2, ""decline"": 4, ""decreased"": 2, ""failure"": 2, ""negative"": 2, ""risks"": 2, ""difficult"": 2, ""challenges"": 2}"
2001-03-29,"Address by Mr T.T. Mboweni, Governor of the South African Reserve Bank, ACI meeting, Pretoria",T.T. Mboweni,html,0.5743,130,72,6103,"{""opportunity"": 4, ""leading"": 2, ""most"": 12, ""better"": 6, ""higher"": 10, ""increased"": 8, ""expansion"": 2, ""more"": 14, ""positive"": 10, ""strength"": 2, ""strong"": 8, ""growth"": 12, ""largest"": 2, ""increase"": 4, ""achieve"": 4, ""achieved"": 2, ""successful"": 2, ""above"": 2, ""good"": 6, ""high"": 2, ""opportunities"": 2, ""growing"": 2, ""rising"": 4, ""exceeding"": 2, ""improved"": 2, ""encouraged"": 2, ""best"": 2}","{""weakness"": 4, ""declined"": 18, ""less"": 2, ""fallen"": 2, ""uncertain"": 2, ""least"": 2, ""deteriorated"": 2, ""depressed"": 2, ""under"": 4, ""weakened"": 4, ""lowest"": 2, ""below"": 2, ""decline"": 8, ""negative"": 2, ""down"": 4, ""risk"": 2, ""decreasing"": 2, ""challenge"": 2, ""weakening"": 2, ""risks"": 2, ""difficult"": 2}"
2001-07-13," Address by Mr. T. T. Mboweni, Governor of the South African Reserve Bank, Southern African-German Chamber of Commerce and Industry",Mr. T. T. Mboweni,html,0.5714,198,110,6191,"{""good"": 2, ""growth"": 54, ""increase"": 14, ""rose"": 8, ""high"": 6, ""increased"": 12, ""increases"": 12, ""growing"": 2, ""strong"": 6, ""achieve"": 2, ""stronger"": 2, ""up"": 4, ""progress"": 2, ""leading"": 2, ""definite"": 2, ""rising"": 4, ""positive"": 8, ""rise"": 8, ""expand"": 2, ""more"": 16, ""highest"": 2, ""rises"": 4, ""most"": 2, ""improvement"": 6, ""risen"": 2, ""improvements"": 2, ""improved"": 2, ""higher"": 6, ""opportunities"": 2, ""expansion"": 2}","{""uncertain"": 2, ""less"": 2, ""weakened"": 4, ""challenge"": 2, ""weaknesses"": 4, ""weaken"": 2, ""downturn"": 2, ""decline"": 10, ""fell"": 10, ""weakness"": 6, ""dropped"": 2, ""down"": 10, ""lower"": 2, ""low"": 8, ""under"": 2, ""drop"": 4, ""lowest"": 2, ""fall"": 2, ""declined"": 12, ""declining"": 6, ""risk"": 6, ""below"": 6, ""decreased"": 2, ""fallen"": 2}"
2001-08-23,"Address by Professor T.T. Mboweni, Governor of the South African Reserve Bank, University of South Africa, Pretoria",Professor T.T. Mboweni,html,0.6168,140,74,5924,"{""growth"": 16, ""strong"": 6, ""rising"": 4, ""positive"": 2, ""increase"": 26, ""above"": 2, ""increases"": 6, ""risen"": 2, ""rose"": 2, ""most"": 4, ""up"": 2, ""higher"": 2, ""strength"": 2, ""best"": 2, ""more"": 6, ""strengthened"": 6, ""increased"": 8, ""improved"": 4, ""achieve"": 2, ""high"": 10, ""grew"": 2, ""rise"": 6, ""good"": 4, ""progress"": 4, ""expansion"": 2, ""growing"": 2, ""strengthen"": 2, ""encouraging"": 2, ""encouraged"": 2}","{""downturn"": 4, ""decline"": 6, ""down"": 6, ""weakness"": 2, ""drop"": 4, ""declined"": 8, ""fell"": 6, ""smaller"": 2, ""declines"": 6, ""lower"": 2, ""declining"": 2, ""disappointing"": 2, ""negative"": 2, ""under"": 2, ""difficult"": 4, ""deteriorate"": 4, ""risks"": 2, ""deteriorated"": 2, ""uncertainty"": 2, ""falling"": 2, ""weaknesses"": 2, ""lowest"": 2}"
2001-09-14,Address at the International Jubilee Conference of the Economic Society of South Africa,,html,0.9091,176,66,5678,"{""up"": 4, ""growth"": 28, ""progress"": 4, ""successful"": 2, ""achieve"": 6, ""higher"": 10, ""increasing"": 4, ""expanding"": 2, ""increased"": 2, ""rise"": 2, ""opportunities"": 6, ""improved"": 4, ""improving"": 4, ""improvement"": 6, ""strong"": 6, ""better"": 2, ""more"": 4, ""greater"": 6, ""expand"": 4, ""opportunity"": 2, ""increase"": 24, ""improve"": 2, ""expanded"": 2, ""grow"": 2, ""positive"": 10, ""rising"": 4, ""above"": 4, ""increases"": 6, ""risen"": 2, ""rose"": 2, ""most"": 2, ""strength"": 4, ""achievement"": 2, ""encouraging"": 2}","{""down"": 8, ""negative"": 8, ""under"": 8, ""weakened"": 2, ""decreased"": 2, ""low"": 2, ""risk"": 2, ""smaller"": 4, ""decline"": 6, ""weakness"": 2, ""drop"": 2, ""declined"": 4, ""fell"": 4, ""declines"": 2, ""lower"": 2, ""declining"": 2, ""difficult"": 2, ""disappointing"": 2, ""challenges"": 2}"
2001-09-26,"Address by Mr. TT Mboweni, Governor of the South African Reserve Bank, UNISA, Department of Economics",Mr. TT Mboweni,html,1.037,164,52,8325,"{""improve"": 6, ""rising"": 2, ""growing"": 8, ""high"": 6, ""most"": 12, ""rose"": 6, ""increased"": 14, ""better"": 8, ""greater"": 24, ""increase"": 6, ""more"": 24, ""higher"": 2, ""growth"": 6, ""opportunities"": 2, ""up"": 10, ""good"": 6, ""encouraged"": 2, ""expansion"": 2, ""improved"": 2, ""exceeds"": 2, ""best"": 6, ""increases"": 2, ""above"": 2, ""leading"": 2, ""improvement"": 2}","{""declining"": 2, ""smaller"": 2, ""obstacles"": 2, ""risk"": 4, ""under"": 10, ""weaknesses"": 4, ""low"": 2, ""worse"": 2, ""challenges"": 2, ""least"": 4, ""less"": 10, ""decline"": 2, ""difficult"": 2, ""challenging"": 2, ""negative"": 2}"
2001-11-29,"Address by Mr T.T. Mboweni, Governor of the South African Reserve Bank, at the Alberton Chamber of Commerce and Industry Christmas Lunch ",T.T. Mboweni,html,0.8169,100,42,6200,"{""achieved"": 2, ""achieve"": 2, ""opportunities"": 2, ""good"": 2, ""rose"": 2, ""above"": 6, ""rise"": 4, ""most"": 8, ""increasing"": 4, ""successful"": 2, ""high"": 6, ""increase"": 10, ""up"": 8, ""higher"": 6, ""increased"": 4, ""increases"": 6, ""positive"": 6, ""expanding"": 4, ""growth"": 4, ""more"": 2, ""strong"": 4, ""opportunity"": 2, ""best"": 2, ""achievements"": 2}","{""under"": 8, ""challenge"": 2, ""uncertainty"": 2, ""decline"": 2, ""declining"": 4, ""fallen"": 2, ""weakness"": 2, ""less"": 2, ""worst"": 2, ""negative"": 8, ""down"": 2, ""weak"": 2, ""low"": 2, ""lower"": 2}"
2002-02-06,"Address by Mr T. T. Mboweni, Governor of the South African Reserve Bank, Gala Banquet of the Independent News & Media International Advisory Board, Cape Town.",T. T. Mboweni,html,1.1648,144,38,4864,"{""pleased"": 2, ""positives"": 2, ""certain"": 4, ""more"": 20, ""increased"": 16, ""rising"": 2, ""progress"": 2, ""improved"": 8, ""strong"": 4, ""greater"": 12, ""stronger"": 2, ""up"": 2, ""increase"": 12, ""increases"": 6, ""rose"": 2, ""improve"": 6, ""growth"": 16, ""higher"": 2, ""achieved"": 2, ""grew"": 2, ""expansion"": 2, ""opportunity"": 2, ""opportunities"": 2, ""better"": 4, ""high"": 2, ""best"": 2, ""above"": 2, ""good"": 4}","{""negatives"": 2, ""declined"": 8, ""decline"": 6, ""challenges"": 2, ""lower"": 2, ""challenge"": 2, ""least"": 2, ""less"": 6, ""under"": 6, ""uncertainty"": 2}"
2003-08-26,Governor’s Address at the eighty-third ordinary general meeting of shareholders,,pdf,0.7305,114,53,3918,"{""achieved"": 4, ""success"": 1, ""growth"": 19, ""up"": 5, ""strength"": 2, ""increase"": 15, ""opportunities"": 1, ""increased"": 6, ""higher"": 2, ""progress"": 2, ""best"": 2, ""high"": 9, ""strong"": 3, ""increases"": 3, ""rise"": 4, ""improved"": 2, ""most"": 6, ""strengthened"": 1, ""more"": 9, ""rising"": 3, ""increasing"": 1, ""strengthening"": 1, ""delivered"": 2, ""positive"": 1, ""better"": 1, ""strengthen"": 1, ""certain"": 1, ""larger"": 1, ""greater"": 2, ""achieving"": 1, ""leading"": 1, ""improvements"": 1, ""accomplish"": 1}","{""declined"": 9, ""under"": 2, ""difficult"": 2, ""down"": 6, ""decline"": 6, ""lower"": 2, ""fall"": 1, ""weak"": 3, ""declines"": 1, ""threat"": 1, ""drop"": 1, ""less"": 2, ""challenges"": 1, ""low"": 4, ""decrease"": 1, ""weakened"": 1, ""weakness"": 1, ""below"": 1, ""fallen"": 1, ""uncertain"": 1, ""smaller"": 2, ""risk"": 2, ""challenge"": 1, ""least"": 1}"
2004-06-18,"Speech By Mr TT Mboweni, Governor Of The South African Reserve Bank, At The BMF Corporate Update Gala Dinner, Gallagher Estate, 18 June 2004",,pdf,1.0667,69,21,3457,"{""growth"": 8, ""high"": 3, ""increased"": 5, ""more"": 8, ""improved"": 5, ""greater"": 4, ""expand"": 1, ""opportunities"": 2, ""rise"": 3, ""increasing"": 2, ""rose"": 1, ""improving"": 1, ""successful"": 1, ""certainty"": 1, ""excellent"": 1, ""positive"": 2, ""increase"": 4, ""achievement"": 1, ""achieved"": 1, ""success"": 1, ""best"": 3, ""encouraged"": 1, ""improvements"": 2, ""better"": 1, ""good"": 2, ""grew"": 1, ""up"": 1, ""most"": 1, ""greatest"": 1, ""progress"": 1}","{""difficult"": 1, ""below"": 2, ""decreased"": 1, ""decline"": 2, ""lower"": 4, ""down"": 2, ""declined"": 1, ""under"": 3, ""low"": 2, ""risk"": 1, ""negative"": 1, ""challenge"": 1}"
2004-07-22,"Address by Mr TT Mboweni, Governor of the South African Reserve Bank, at a dinner of The South African Institute Of Electrical Engineers, Rand Club, Johannesburg",TT Mboweni,html,1.1273,344,96,7352,"{""more"": 34, ""opportunity"": 2, ""growth"": 58, ""up"": 10, ""high"": 12, ""largest"": 2, ""most"": 14, ""increase"": 30, ""increased"": 14, ""rise"": 18, ""strong"": 20, ""increases"": 10, ""increasing"": 6, ""expansion"": 6, ""rose"": 14, ""exceed"": 2, ""good"": 2, ""solid"": 2, ""improvement"": 4, ""opportunities"": 2, ""improve"": 6, ""success"": 6, ""achieved"": 6, ""above"": 2, ""improving"": 2, ""exceeded"": 2, ""higher"": 2, ""positive"": 6, ""rising"": 4, ""risen"": 2, ""improved"": 6, ""leading"": 2, ""stronger"": 6, ""strength"": 12, ""growing"": 2, ""best"": 4, ""record"": 4, ""better"": 2, ""improvements"": 2, ""strengthening"": 4}","{""down"": 6, ""decline"": 14, ""risk"": 6, ""low"": 12, ""decreases"": 2, ""less"": 4, ""disappointing"": 2, ""declined"": 10, ""under"": 4, ""lower"": 4, ""fell"": 2, ""below"": 2, ""threats"": 6, ""negative"": 4, ""threat"": 4, ""fall"": 4, ""weakness"": 2, ""risks"": 2, ""challenging"": 2, ""declines"": 2, ""lowest"": 2}"
2005-06-22,"An Address by Dr X.P. Guma to the BER Conference, 22 June 2005  ​",X.P. Guma,pdf,1.4667,13,2,1709,"{""delivered"": 2, ""better"": 1, ""growth"": 1, ""more"": 3, ""most"": 2, ""successful"": 1, ""achieving"": 1, ""successes"": 1, ""achievement"": 1}","{""less"": 1, ""risk"": 1}"
2005-07-25,"Overview of the Annual Report and Financial Statements ending 31 March 2005 by Mr I Plenderleith, Deputy Governor of the South African Reserve Bank.",Mr,html,0.5714,36,20,2075,"{""success"": 2, ""achieved"": 2, ""increasing"": 2, ""increased"": 10, ""improved"": 4, ""best"": 2, ""improvements"": 2, ""increase"": 4, ""improvement"": 2, ""certain"": 2, ""up"": 2, ""above"": 2}","{""low"": 2, ""decrease"": 2, ""lowest"": 2, ""decreased"": 6, ""lower"": 2, ""risk"": 2, ""threat"": 2, ""declined"": 2}"
2005-11-14,"Keynote Address by Mr TT Mboweni, Governor of the South African Reserve Bank at the LBMA Precious Metals Conference, Johannesburg, 14 November 2005  ​",TT Mboweni,pdf,0.8936,68,26,3047,"{""largest"": 2, ""good"": 3, ""risen"": 3, ""rose"": 2, ""more"": 5, ""increase"": 4, ""most"": 3, ""increasing"": 2, ""expansion"": 1, ""record"": 3, ""growth"": 7, ""high"": 3, ""expanding"": 1, ""strong"": 3, ""larger"": 1, ""exceeding"": 1, ""improved"": 3, ""rising"": 4, ""positive"": 1, ""increases"": 4, ""grow"": 1, ""improvements"": 1, ""progress"": 1, ""increased"": 2, ""higher"": 1, ""up"": 1, ""improve"": 1, ""strengthening"": 2, ""successful"": 1, ""opportunities"": 1}","{""below"": 1, ""declined"": 1, ""fell"": 2, ""declines"": 1, ""decline"": 2, ""difficult"": 2, ""less"": 3, ""uncertainty"": 1, ""weakness"": 1, ""lower"": 3, ""down"": 1, ""low"": 2, ""fall"": 1, ""fallen"": 1, ""risk"": 2, ""challenge"": 1, ""risks"": 1}"
2005-11-21,"Remarks by Mr TT Mboweni, Governor of the South African Reserve Bank, at The Economist’s Fourth Business Roundtable with the Government of South Africa, 21 November 2005, Johannesburg   ",TT Mboweni,html,1.3333,100,20,2173,"{""high"": 12, ""up"": 6, ""increased"": 2, ""more"": 14, ""greater"": 2, ""above"": 2, ""increase"": 2, ""growth"": 32, ""improved"": 4, ""best"": 2, ""strong"": 12, ""most"": 2, ""increases"": 2, ""certain"": 2, ""positive"": 2, ""expansion"": 2}","{""difficult"": 4, ""declined"": 2, ""down"": 2, ""below"": 2, ""deteriorated"": 6, ""worsening"": 2, ""low"": 2}"
2006-08-30,"Remarks by Dr X P Guma, Deputy Governor of the South African Reserve Bank - Bank Note Design Gala evening 30 August 2006",Dr,pdf,1.3333,15,3,1129,"{""exceeds"": 1, ""up"": 3, ""successful"": 1, ""more"": 2, ""improvements"": 1, ""greater"": 1, ""certain"": 1, ""good"": 1, ""excellent"": 1, ""above"": 1, ""strengthen"": 1, ""best"": 1}","{""less"": 1, ""under"": 1, ""difficulty"": 1}"
2006-09-02,"Address by Mr T.T. Mboweni, Governor of the South African Reserve Bank, At the XVI meeting of the Central Bank Governors’ Club1 Irkutsk, Russia, 2 September 2006",T.T. Mboweni,pdf,0.7965,79,34,3223,"{""growth"": 16, ""largest"": 2, ""increased"": 8, ""high"": 6, ""most"": 2, ""higher"": 5, ""up"": 2, ""improved"": 2, ""grew"": 1, ""exceed"": 1, ""improvement"": 1, ""progress"": 1, ""increasing"": 3, ""best"": 2, ""achievement"": 1, ""good"": 1, ""better"": 2, ""improves"": 1, ""achieved"": 1, ""positive"": 1, ""more"": 4, ""grown"": 1, ""record"": 1, ""rise"": 1, ""increases"": 3, ""success"": 3, ""increase"": 3, ""larger"": 1, ""rising"": 1, ""exceeding"": 1, ""achieving"": 1}","{""challenges"": 7, ""below"": 1, ""challenge"": 2, ""smallest"": 1, ""low"": 3, ""decrease"": 1, ""least"": 4, ""less"": 1, ""risk"": 5, ""weakness"": 1, ""weakening"": 1, ""uncertainty"": 1, ""fall"": 1, ""risks"": 4, ""threat"": 1}"
2006-09-14,"Presentation by Mr TT Mboweni, Governor of the South African Reserve Bank, at an Investment Solutions breakfast, Johannesburg, 14 September 2006",TT Mboweni,pdf,0.0,2,2,253,"{""growth"": 1, ""improvement"": 1}","{""challenges"": 2}"
2006-10-03,"Presentation by Mr TT Mboweni, Governor of the South African Reserve Bank, at Braits Annual Investors Visitors Dinner, Melrose Arch - Johannesburg, 3 October 2006",TT Mboweni,pdf,1.1243,132,37,2644,"{""growth"": 16, ""increasing"": 2, ""record"": 4, ""high"": 5, ""strong"": 9, ""increase"": 10, ""increased"": 30, ""grew"": 3, ""expansion"": 1, ""higher"": 12, ""more"": 11, ""highest"": 2, ""expanded"": 3, ""increases"": 4, ""rising"": 4, ""exceeding"": 2, ""rose"": 1, ""solid"": 1, ""stronger"": 1, ""improved"": 2, ""improve"": 1, ""improvement"": 3, ""greater"": 1, ""improving"": 1, ""exceed"": 1, ""exceeded"": 1, ""above"": 1}","{""challenges"": 2, ""risk"": 3, ""decline"": 5, ""smaller"": 1, ""low"": 3, ""lower"": 5, ""declined"": 12, ""shrinking"": 1, ""below"": 2, ""risks"": 1, ""declining"": 1, ""less"": 1}"
2006-10-05,"Address by Mr T.T. Mboweni, Governor of the South African Reserve Bank, at the South African Bond Market Conference organised by the Debt Issuers Association, 5 October 2006 ",T.T. Mboweni,html,1.0204,74,24,2872,"{""opportunity"": 4, ""most"": 2, ""more"": 12, ""growth"": 20, ""increase"": 4, ""grew"": 2, ""risen"": 2, ""high"": 4, ""higher"": 4, ""improvement"": 2, ""positive"": 4, ""increasing"": 2, ""better"": 2, ""growing"": 2, ""up"": 2, ""grown"": 2, ""increased"": 2, ""improved"": 2}","{""risks"": 2, ""risk"": 12, ""threat"": 2, ""least"": 2, ""down"": 2, ""below"": 2, ""less"": 2}"
2006-10-07,"Address by Mr T.T. Mboweni, Governor of the South African Reserve Bank, at the Namibian Stock Exchange, Windhoek, 7 October 2006",T.T. Mboweni,pdf,1.25,52,12,2795,"{""most"": 2, ""more"": 5, ""high"": 2, ""above"": 1, ""successful"": 3, ""progress"": 2, ""increased"": 4, ""opportunity"": 1, ""succeeded"": 1, ""achieved"": 1, ""increase"": 1, ""achievement"": 2, ""expanded"": 1, ""improvements"": 1, ""best"": 2, ""up"": 1, ""strong"": 1, ""growth"": 5, ""increasing"": 2, ""good"": 1, ""exceeded"": 1, ""improving"": 1, ""success"": 2, ""largest"": 2, ""improves"": 1, ""rising"": 2, ""expanding"": 1, ""growing"": 1, ""greater"": 1, ""accomplishment"": 1}","{""challenge"": 2, ""smallest"": 1, ""declined"": 1, ""under"": 1, ""least"": 1, ""less"": 1, ""challenging"": 1, ""risk"": 3, ""weakness"": 1}"
2006-10-13,"Address by Mr TT Mboweni, Governor of the South African Reserve Bank at the Black Management Forum Annual Conference Durban, South Africa, 13 October 2006  ",TT Mboweni,pdf,1.2787,50,11,2948,"{""more"": 10, ""pleased"": 1, ""opportunity"": 2, ""progress"": 5, ""certain"": 1, ""successes"": 1, ""achieve"": 1, ""up"": 3, ""successful"": 1, ""higher"": 1, ""most"": 5, ""good"": 6, ""rewards"": 1, ""succeed"": 1, ""positive"": 2, ""above"": 2, ""greatest"": 1, ""achieving"": 1, ""best"": 1, ""encouraged"": 1, ""improved"": 1, ""success"": 2}","{""challenge"": 1, ""challenges"": 4, ""obstacles"": 1, ""difficult"": 1, ""down"": 1, ""fall"": 1, ""weakening"": 1, ""least"": 1}"
2006-10-13,"Address by Mr T.T. Mboweni,Governor of the South African Reserve Bank,to the Worcester Rotary Club, 13 October 2006",T.T. Mboweni,html,1.4595,192,30,5596,"{""above"": 8, ""best"": 2, ""increased"": 6, ""growth"": 44, ""leading"": 4, ""better"": 6, ""achievement"": 4, ""pleased"": 2, ""increases"": 4, ""rising"": 4, ""higher"": 8, ""rise"": 2, ""more"": 24, ""up"": 6, ""grow"": 4, ""increase"": 8, ""most"": 4, ""strength"": 2, ""highest"": 2, ""record"": 2, ""high"": 6, ""expands"": 2, ""growing"": 4, ""risen"": 2, ""strong"": 6, ""expand"": 2, ""good"": 6, ""grown"": 2, ""expanded"": 2, ""positive"": 2, ""grew"": 4, ""improved"": 2, ""exceed"": 2, ""achieve"": 2, ""excellent"": 2}","{""challenges"": 4, ""risks"": 2, ""risk"": 2, ""threat"": 2, ""lower"": 4, ""difficulty"": 2, ""downturn"": 2, ""low"": 8, ""less"": 2, ""negative"": 2}"
2006-10-23,"Welcoming address by Mr T.T. Mboweni, Governor of the South African Reserve Bank, at the First Macroeconomic Policy Challenges for South Africa Conference held at the South African Reserve Bank Conference Centre, Pretoria 22-24 October 2006",T.T. Mboweni,html,0.5366,78,45,3938,"{""pleased"": 2, ""high"": 6, ""opportunity"": 4, ""more"": 8, ""leading"": 6, ""opportunities"": 2, ""increasing"": 2, ""improve"": 2, ""strong"": 2, ""improvement"": 2, ""higher"": 4, ""better"": 2, ""best"": 2, ""growth"": 8, ""growing"": 4, ""highest"": 2, ""increased"": 2, ""rising"": 2, ""increases"": 2, ""good"": 2, ""increase"": 2, ""success"": 2, ""achieved"": 2, ""enjoy"": 6}","{""challenges"": 23, ""challenge"": 8, ""less"": 2, ""risks"": 8, ""low"": 2, ""threat"": 2}"
2006-10-26,"Remarks by Mr T.T. Mboweni, Governor of the South African Reserve Bank, at the Spire Awards ceremony of the Bond Exchange of South Africa, 26 October 2006",T.T. Mboweni,html,0.9804,76,26,3339,"{""successful"": 4, ""opportunity"": 2, ""achievement"": 2, ""success"": 2, ""most"": 8, ""successes"": 2, ""expanded"": 2, ""rewarded"": 2, ""opportunities"": 4, ""more"": 10, ""better"": 2, ""improves"": 4, ""growth"": 4, ""enjoyed"": 2, ""record"": 2, ""risen"": 2, ""enjoys"": 2, ""higher"": 2, ""increase"": 4, ""succeeded"": 2, ""strength"": 2, ""exceeding"": 2, ""up"": 2, ""improving"": 2, ""encouraging"": 2, ""definite"": 2}","{""lower"": 8, ""risk"": 6, ""risks"": 8, ""less"": 2, ""low"": 2}"
2006-11-02,"Address by Mr T.T. Mboweni, Governor of the South African Reserve Bank, at a business breakfast organised by the Graduate School of Business, University of Kwazulu-Natal, Durban, 2 November 2006",T.T. Mboweni,html,0.9244,174,64,5497,"{""opportunity"": 2, ""increased"": 12, ""most"": 16, ""growth"": 44, ""exceeded"": 4, ""up"": 2, ""more"": 18, ""expansion"": 6, ""highest"": 2, ""improved"": 4, ""growing"": 2, ""largest"": 4, ""increase"": 4, ""higher"": 6, ""high"": 8, ""strong"": 4, ""positive"": 2, ""stronger"": 2, ""achieved"": 2, ""rise"": 4, ""exceed"": 2, ""risen"": 2, ""rising"": 2, ""record"": 4, ""certain"": 2, ""best"": 2, ""increases"": 10, ""certainty"": 2}","{""uncertainty"": 8, ""risks"": 6, ""decreased"": 2, ""less"": 2, ""risk"": 10, ""challenges"": 2, ""negative"": 4, ""least"": 2, ""under"": 4, ""decline"": 4, ""falling"": 4, ""fallen"": 4, ""below"": 2, ""declines"": 2, ""lower"": 2, ""difficult"": 2, ""uncertain"": 4}"
2006-11-07,"Address by Mr T.T. Mboweni, Governor of the South African Reserve Bank, at the seminar on “Deepening Financial Sectors in Africa: Experiences and Policy Options”, co-organised and co-sponsored by the IMF/AFR and DFID. Johannesburg,7 November 2006",T.T. Mboweni,pdf,1.0145,52,17,2950,"{""larger"": 1, ""improve"": 4, ""more"": 10, ""good"": 4, ""most"": 3, ""successful"": 1, ""strong"": 1, ""high"": 3, ""growing"": 1, ""improvements"": 2, ""improving"": 1, ""leading"": 1, ""certain"": 1, ""growth"": 8, ""exceeded"": 1, ""leader"": 1, ""improved"": 2, ""best"": 1, ""opportunity"": 1, ""expanded"": 1, ""enjoyed"": 1, ""record"": 2, ""risen"": 1}","{""smaller"": 4, ""lower"": 1, ""below"": 2, ""risk"": 3, ""difficult"": 1, ""less"": 1, ""least"": 1, ""risks"": 1, ""declined"": 2, ""decline"": 1}"
2006-11-14,"Address by Mr T.T. Mboweni, Governor of the South African Reserve Bank, At the Variety Club, Water Relief Campaign Launch Banquet, Johannesburg, 14 November 2006",T.T. Mboweni,html,1.122,64,18,3229,"{""pleased"": 2, ""improving"": 4, ""grew"": 2, ""up"": 6, ""more"": 6, ""progress"": 4, ""increased"": 2, ""improved"": 4, ""growth"": 10, ""achieve"": 2, ""achievements"": 2, ""high"": 4, ""achievement"": 4, ""best"": 2, ""growing"": 2, ""most"": 2, ""expanded"": 2, ""highest"": 2, ""good"": 2}","{""fell"": 2, ""less"": 6, ""challenges"": 4, ""least"": 2, ""low"": 2, ""challenge"": 2}"
2006-11-15,"Address by Mr T.T. Mboweni, Governor of the South African Reserve Bank, at the 10th Anniversary function of the Payment Association of South Africa, Pretoria, 15 November 2006",T.T. Mboweni,html,0.6977,58,28,4438,"{""most"": 6, ""growing"": 2, ""increased"": 6, ""best"": 6, ""up"": 6, ""good"": 2, ""progress"": 2, ""achieved"": 4, ""certain"": 2, ""achieve"": 2, ""above"": 2, ""achievements"": 8, ""achievement"": 2, ""high"": 4, ""encouraged"": 2, ""more"": 2}","{""risks"": 6, ""risk"": 18, ""challenges"": 4}"
2006-11-28,"Address by Dr X.P. Guma, Deputy Governor, South African Reserve Bank at the Arab-African Investment, Banking and Business Conference; Cape Town, 28 November 2006 ",X.P. Guma,pdf,1.2222,29,7,1661,"{""increased"": 2, ""positive"": 1, ""growth"": 7, ""good"": 1, ""strong"": 2, ""progress"": 1, ""higher"": 1, ""more"": 3, ""stronger"": 2, ""most"": 1, ""greater"": 1, ""improved"": 1, ""strengthened"": 1, ""up"": 1, ""succeeded"": 1, ""successful"": 1, ""enjoy"": 1, ""solid"": 1}","{""under"": 2, ""below"": 1, ""risk"": 1, ""low"": 2, ""least"": 1}"
2006-11-30,"Address by Mr TT Mboweni, Governor of the South African Reserve Bank at the Annual Dinner in honour of the Ambassadors and High Commissioners accredited to the Republic of South Africa. Pretoria 30 November 2006  ​ ",TT Mboweni,pdf,1.0,84,28,2448,"{""high"": 9, ""exceeding"": 1, ""expansion"": 1, ""improved"": 2, ""growth"": 18, ""most"": 3, ""improvement"": 1, ""more"": 6, ""strong"": 4, ""enjoyed"": 1, ""higher"": 6, ""increase"": 1, ""greater"": 2, ""enjoying"": 1, ""positive"": 5, ""opportunities"": 1, ""successful"": 1, ""above"": 1, ""achieve"": 1, ""rising"": 4, ""increased"": 4, ""rise"": 1, ""increasing"": 1, ""record"": 3, ""grew"": 2, ""encouraging"": 1, ""good"": 1, ""achieved"": 1, ""enjoy"": 1}","{""challenges"": 4, ""challenging"": 3, ""risk"": 5, ""under"": 2, ""uncertainty"": 1, ""disappointment"": 2, ""least"": 1, ""failure"": 1, ""deteriorate"": 1, ""deteriorating"": 1, ""decline"": 1, ""declined"": 2, ""lower"": 1, ""fall"": 1, ""low"": 1, ""negative"": 1}"
2007-01-01,"Address by Dr X.P. Guma  at the official launching of the Skills Corporate Centre – Mbabane, Swaziland: February 2007",X.P. Guma,pdf,1.0857,27,8,1704,"{""success"": 1, ""larger"": 1, ""most"": 1, ""achieved"": 1, ""strengthening"": 2, ""exceeding"": 3, ""achieving"": 5, ""high"": 2, ""growth"": 2, ""achievements"": 1, ""more"": 1, ""greater"": 1, ""up"": 3, ""good"": 1, ""progress"": 1, ""achieve"": 1}","{""under"": 3, ""below"": 1, ""least"": 1, ""less"": 2, ""down"": 1}"
2007-01-02,Fasten your Seatbelts! Monetary Policy Challenges in Turbulent Times ,,pdf,0.4806,80,49,2827,"{""opportunity"": 1, ""growth"": 9, ""up"": 3, ""leading"": 2, ""more"": 13, ""higher"": 3, ""increased"": 8, ""rise"": 1, ""certain"": 2, ""increase"": 1, ""rising"": 3, ""increasing"": 1, ""most"": 5, ""largest"": 1, ""record"": 3, ""above"": 3, ""risen"": 1, ""good"": 2, ""positive"": 2, ""exceeded"": 1, ""better"": 5, ""achieved"": 1, ""improved"": 1, ""delivered"": 1, ""greater"": 2, ""strengthen"": 1, ""improvements"": 3, ""strength"": 1}","{""challenges"": 2, ""low"": 2, ""falling"": 1, ""risks"": 5, ""risk"": 12, ""difficult"": 4, ""down"": 1, ""uncertainty"": 1, ""drop"": 1, ""worst"": 1, ""lower"": 2, ""fall"": 1, ""dropped"": 1, ""below"": 4, ""declined"": 3, ""less"": 2, ""downturn"": 1, ""falls"": 1, ""negative"": 1, ""under"": 1, ""weakness"": 1, ""failure"": 1}"
2007-01-04,Risks and Challenges facing the Global Economy ,,pdf,0.8537,117,47,3051,"{""increased"": 15, ""expanding"": 1, ""strong"": 9, ""grew"": 1, ""growth"": 25, ""highest"": 1, ""more"": 10, ""improved"": 3, ""most"": 6, ""positive"": 5, ""increases"": 9, ""exceeding"": 2, ""grown"": 1, ""above"": 1, ""high"": 3, ""rising"": 4, ""higher"": 1, ""increasing"": 2, ""stronger"": 1, ""increase"": 5, ""rise"": 1, ""rose"": 2, ""record"": 1, ""improving"": 1, ""expansion"": 1, ""opportunity"": 1, ""expand"": 1, ""good"": 1, ""improvement"": 1, ""successful"": 1, ""larger"": 1}","{""risks"": 10, ""challenges"": 6, ""less"": 4, ""under"": 4, ""risk"": 5, ""threat"": 1, ""low"": 5, ""decline"": 3, ""below"": 2, ""declined"": 2, ""declining"": 1, ""down"": 1, ""challenge"": 1, ""fall"": 1, ""negative"": 1}"
2007-01-06,What is happening in financial markets? ,,pdf,0.5,80,48,2824,"{""opportunity"": 1, ""growth"": 9, ""up"": 3, ""leading"": 2, ""more"": 13, ""higher"": 3, ""increased"": 8, ""rise"": 1, ""certain"": 2, ""increase"": 1, ""rising"": 3, ""increasing"": 1, ""most"": 5, ""largest"": 1, ""record"": 3, ""above"": 3, ""risen"": 1, ""good"": 2, ""positive"": 2, ""exceeded"": 1, ""better"": 5, ""achieved"": 1, ""improved"": 1, ""delivered"": 1, ""greater"": 2, ""strengthen"": 1, ""improvements"": 3, ""strength"": 1}","{""low"": 2, ""falling"": 1, ""risks"": 5, ""risk"": 12, ""difficult"": 4, ""down"": 1, ""uncertainty"": 1, ""drop"": 1, ""worst"": 1, ""lower"": 2, ""fall"": 1, ""dropped"": 1, ""below"": 4, ""declined"": 3, ""less"": 2, ""downturn"": 1, ""falls"": 1, ""negative"": 1, ""under"": 1, ""weakness"": 1, ""failure"": 1, ""challenges"": 1}"
2007-01-07,The Structure of the South African Economy: Production and Employment Trends ,,pdf,0.6667,4,2,1043,"{""growth"": 2, ""high"": 2}","{""less"": 1, ""disappoints"": 1}"
2007-01-16,"“Developing Bond Markets in Emerging Economies” – Frankfurt am Main, 9-10 May 2007",,pdf,0.7826,32,14,1785,"{""high"": 1, ""growth"": 1, ""achieve"": 1, ""greater"": 1, ""increase"": 3, ""more"": 6, ""increased"": 8, ""grown"": 1, ""improved"": 1, ""expansion"": 1, ""most"": 3, ""achieved"": 1, ""opportunities"": 1, ""strengthen"": 1, ""best"": 1, ""leading"": 1}","{""challenge"": 2, ""smaller"": 1, ""decline"": 2, ""low"": 1, ""least"": 1, ""lower"": 3, ""challenges"": 2, ""under"": 1, ""penalties"": 1}"
2007-01-26,"Cranefield College of Project and Programme Management Graduation Address by X.P. Guma, Chairperson of Council",X.P. Guma,pdf,1.4483,25,4,1055,"{""higher"": 5, ""more"": 4, ""better"": 1, ""growth"": 2, ""high"": 3, ""increasing"": 1, ""beating"": 1, ""up"": 1, ""growing"": 1, ""achievement"": 4, ""improvement"": 1, ""most"": 1}","{""worse"": 1, ""disappointment"": 1, ""difficulty"": 1, ""least"": 1}"
2007-03-20,"Address by Mr T.T. Mboweni, Governor of the South African Reserve Bank, at the Corporatesport Directors’ Dinner, Sandton Sun Hotel 20 March 2007, to be delivered tonight at 19:00  ",T.T. Mboweni,html,1.4361,195,32,6382,"{""delivered"": 1, ""up"": 6, ""increase"": 10, ""increases"": 2, ""certain"": 2, ""better"": 2, ""pleased"": 2, ""leading"": 2, ""more"": 18, ""opportunities"": 6, ""growth"": 54, ""increased"": 10, ""most"": 14, ""high"": 10, ""successful"": 6, ""growing"": 2, ""opportunity"": 2, ""higher"": 4, ""positive"": 18, ""progress"": 2, ""success"": 2, ""strong"": 6, ""solid"": 2, ""improved"": 2, ""improvements"": 2, ""achieving"": 2, ""expanding"": 2, ""good"": 2, ""best"": 2}","{""penalty"": 2, ""least"": 4, ""difficult"": 2, ""failure"": 2, ""fell"": 2, ""negative"": 2, ""risk"": 4, ""under"": 2, ""uncertainty"": 2, ""less"": 4, ""risks"": 4, ""disappoint"": 2}"
2007-05-04,"Address by Mr T.T. Mboweni, Governor of the South African Reserve Bank, At the Mail and Guardian Business Breakfast, Park Hyatt, Rosebank, Johannesburg, 4 May 2007",T.T. Mboweni,pdf,0.8889,117,45,3073,"{""increased"": 15, ""expanding"": 1, ""strong"": 9, ""grew"": 1, ""growth"": 25, ""highest"": 1, ""more"": 10, ""improved"": 3, ""most"": 6, ""positive"": 5, ""increases"": 9, ""exceeding"": 2, ""grown"": 1, ""above"": 1, ""high"": 3, ""rising"": 4, ""higher"": 1, ""increasing"": 2, ""stronger"": 1, ""increase"": 5, ""rise"": 1, ""rose"": 2, ""record"": 1, ""improving"": 1, ""expansion"": 1, ""opportunity"": 1, ""expand"": 1, ""good"": 1, ""improvement"": 1, ""successful"": 1, ""larger"": 1}","{""risks"": 9, ""challenges"": 5, ""less"": 4, ""under"": 4, ""risk"": 5, ""threat"": 1, ""low"": 5, ""decline"": 3, ""below"": 2, ""declined"": 2, ""declining"": 1, ""down"": 1, ""challenge"": 1, ""fall"": 1, ""negative"": 1}"
2007-05-16,"Remarks by Dr X.P. Guma at a High-level workshop on “Developing Bond Markets in Emerging Economies” – Frankfurt am Main, 9-10 May 2007",X.P. Guma,pdf,0.8085,33,14,1801,"{""high"": 2, ""growth"": 1, ""achieve"": 1, ""greater"": 1, ""increase"": 3, ""more"": 6, ""increased"": 8, ""grown"": 1, ""improved"": 1, ""expansion"": 1, ""most"": 3, ""achieved"": 1, ""opportunities"": 1, ""strengthen"": 1, ""best"": 1, ""leading"": 1}","{""challenge"": 2, ""smaller"": 1, ""decline"": 2, ""low"": 1, ""least"": 1, ""lower"": 3, ""challenges"": 2, ""under"": 1, ""penalties"": 1}"
2007-06-08,"Address by Mr T.T. Mboweni, Governor of the South African Reserve Bank, At the Country Club Johannesburg Breakfast Meeting, 8 June 2007",T.T. Mboweni,html,1.2653,80,18,4156,"{""most"": 2, ""up"": 6, ""strength"": 2, ""leading"": 2, ""largest"": 2, ""strong"": 4, ""growth"": 16, ""increasing"": 4, ""encouraged"": 2, ""increased"": 2, ""positive"": 2, ""above"": 6, ""improved"": 4, ""good"": 2, ""improving"": 2, ""enjoys"": 2, ""strengthening"": 2, ""more"": 4, ""enjoy"": 2, ""excellent"": 2, ""highest"": 2, ""achievements"": 4, ""achievement"": 2, ""high"": 2}","{""difficult"": 2, ""under"": 4, ""smallest"": 2, ""challenges"": 4, ""dropping"": 2, ""risks"": 2, ""low"": 2}"
2007-06-28,"Address by Mr TT Mboweni, Governor of the South African Reserve Bank, at the Regional Business Achievers Awards Dinner of the Businesswomen’s Association Pretoria, 27 June 2007",TT Mboweni,html,0.9593,182,64,5064,"{""more"": 32, ""encouraging"": 2, ""positive"": 4, ""growth"": 30, ""pleased"": 2, ""leading"": 8, ""increase"": 14, ""increases"": 16, ""rise"": 6, ""larger"": 2, ""increased"": 30, ""strong"": 8, ""most"": 2, ""high"": 6, ""rising"": 4, ""higher"": 8, ""achieved"": 2, ""certain"": 2, ""greater"": 2, ""achievements"": 2}","{""challenges"": 6, ""decline"": 6, ""slumps"": 4, ""less"": 4, ""low"": 8, ""risk"": 6, ""challenge"": 6, ""declines"": 4, ""fall"": 4, ""fallen"": 2, ""threat"": 2, ""risks"": 4, ""down"": 2, ""uncertain"": 2, ""declining"": 2, ""worst"": 2}"
2007-08-02,"Address by Mr T.T. Mboweni, Governor of the South African Reserve Bank, to the Oxford &amp; Cambridge Business Alumni of South Africa (OCBASA), Johannesburg, 2 August 2007",T.T. Mboweni,html,1.2877,240,52,5869,"{""opportunity"": 2, ""more"": 22, ""achieved"": 2, ""higher"": 38, ""increased"": 18, ""exceeded"": 2, ""most"": 6, ""rising"": 2, ""high"": 18, ""increase"": 16, ""growing"": 10, ""increases"": 24, ""increasing"": 10, ""strong"": 4, ""growth"": 26, ""record"": 4, ""risen"": 2, ""improved"": 2, ""better"": 4, ""good"": 2, ""certain"": 2, ""pleased"": 2, ""grow"": 2, ""above"": 2, ""improve"": 2, ""expand"": 2, ""expansion"": 2, ""achieve"": 6, ""positive"": 2, ""best"": 2, ""success"": 2}","{""challenge"": 10, ""low"": 6, ""failure"": 2, ""risk"": 8, ""decline"": 2, ""declined"": 2, ""risks"": 2, ""lowest"": 2, ""uncertain"": 4, ""falling"": 2, ""uncertainty"": 2, ""least"": 2, ""less"": 2, ""threat"": 4, ""difficult"": 2}"
2007-08-07,"Presentation by Mr TT Mboweni, Governor of the South African Reserve Bank, Eastern Cape, 7 August 2007",TT Mboweni,pdf,0.6667,4,2,1050,"{""growth"": 2, ""high"": 2}","{""less"": 1, ""disappoints"": 1}"
2007-08-30,"Welcome and Keynote address by Dr Monde Mnyande, Chief Economist and Executive General Manager of the South African Reserve Bank, at the Bank Note Design Competition Gala Evening of the South African Bank Note Society, Pretoria, 29 August 2007",Monde Mnyande,pdf,1.3636,37,7,2188,"{""deliver"": 1, ""certain"": 2, ""most"": 5, ""increase"": 1, ""more"": 4, ""increased"": 2, ""high"": 4, ""growth"": 2, ""above"": 1, ""stronger"": 1, ""rising"": 1, ""strengthened"": 1, ""enjoy"": 1, ""greater"": 1, ""strong"": 1, ""best"": 3, ""improved"": 1, ""encouraging"": 1, ""opportunity"": 1, ""achievements"": 2, ""achieving"": 1}","{""challenge"": 1, ""low"": 1, ""less"": 1, ""fell"": 1, ""decline"": 1, ""declines"": 1, ""threat"": 1}"
2007-09-06,"Address by Mr T.T. Mboweni, Governor of the South African Reserve Bank at the Reuters Economist of the Year Award, Johannesburg 6 September 2007",T.T. Mboweni,html,0.7636,76,34,4896,"{""more"": 20, ""best"": 4, ""most"": 16, ""success"": 2, ""better"": 8, ""up"": 4, ""good"": 14, ""highest"": 2, ""certain"": 2, ""increased"": 2, ""improve"": 2}","{""negative"": 2, ""difficult"": 6, ""challenge"": 2, ""risks"": 6, ""uncertain"": 6, ""difficulty"": 2, ""lowest"": 2, ""uncertainty"": 2, ""down"": 2, ""decline"": 2, ""challenging"": 2}"
2007-09-28,"Address by Mr TT Mboweni, Governor of the South African Reserve Bank at the CEPR/ESI 11th Annual Conference on Global Imbalances, Competitiveness and Emerging Markets Pretoria, 28 September 2007",TT Mboweni,html,0.4615,96,60,4954,"{""most"": 10, ""more"": 20, ""high"": 8, ""up"": 8, ""increasing"": 4, ""higher"": 2, ""improved"": 2, ""certain"": 2, ""enjoying"": 2, ""opportunity"": 6, ""increased"": 8, ""strengthen"": 4, ""growth"": 2, ""increases"": 2, ""increase"": 6, ""record"": 4, ""good"": 6}","{""challenges"": 4, ""low"": 10, ""under"": 4, ""risk"": 14, ""challenge"": 2, ""difficult"": 8, ""uncertain"": 2, ""weakened"": 2, ""uncertainty"": 10, ""risks"": 4}"
2007-10-06,"Address by Mr T.T. Mboweni, Governor of the South African Reserve Bank at the Cape Town Club, Cape Town, 5 October 2007",T.T. Mboweni,pdf,0.5,80,48,2843,"{""opportunity"": 1, ""growth"": 9, ""up"": 3, ""leading"": 2, ""more"": 13, ""higher"": 3, ""increased"": 8, ""rise"": 1, ""certain"": 2, ""increase"": 1, ""rising"": 3, ""increasing"": 1, ""most"": 5, ""largest"": 1, ""record"": 3, ""above"": 3, ""risen"": 1, ""good"": 2, ""positive"": 2, ""exceeded"": 1, ""better"": 5, ""achieved"": 1, ""improved"": 1, ""delivered"": 1, ""greater"": 2, ""strengthen"": 1, ""improvements"": 3, ""strength"": 1}","{""low"": 2, ""falling"": 1, ""risks"": 5, ""risk"": 12, ""difficult"": 4, ""down"": 1, ""uncertainty"": 1, ""drop"": 1, ""worst"": 1, ""lower"": 2, ""fall"": 1, ""dropped"": 1, ""below"": 4, ""declined"": 3, ""less"": 2, ""downturn"": 1, ""falls"": 1, ""negative"": 1, ""under"": 1, ""weakness"": 1, ""failure"": 1, ""challenges"": 1}"
2007-11-07,"Remarks by Mr T.T. Mboweni, Governor of the South African Reserve Bank At the 13th Chintaman Deshmukh Memorial Lecture, organised by the Reserve Bank of India, Mumbai, India 2 November 2007",T.T. Mboweni,pdf,0.8889,104,40,3858,"{""enjoy"": 1, ""deliver"": 3, ""strong"": 4, ""achieve"": 1, ""opportunities"": 2, ""increased"": 9, ""grown"": 1, ""more"": 12, ""growing"": 3, ""up"": 2, ""strengthening"": 1, ""strengthen"": 1, ""increasing"": 5, ""most"": 7, ""growth"": 14, ""better"": 4, ""good"": 2, ""improved"": 2, ""positive"": 5, ""increases"": 5, ""greater"": 1, ""rise"": 3, ""rising"": 2, ""high"": 3, ""higher"": 3, ""risen"": 1, ""record"": 2, ""largest"": 1, ""increase"": 1, ""rose"": 1, ""achievements"": 1, ""certain"": 1}","{""challenges"": 7, ""decline"": 1, ""declining"": 1, ""declined"": 2, ""below"": 1, ""under"": 3, ""lower"": 4, ""low"": 3, ""difficulty"": 1, ""less"": 2, ""risks"": 4, ""down"": 1, ""weakened"": 1, ""challenge"": 3, ""failure"": 1, ""weak"": 1, ""negative"": 1, ""risk"": 2, ""uncertainty"": 1}"
2008-01-03,Origins and causes of recent financial market turbulence and its implications for the CMA. ,,pdf,0.3729,70,48,3883,"{""delivered"": 1, ""up"": 6, ""most"": 5, ""rising"": 7, ""increasing"": 2, ""positive"": 2, ""successful"": 1, ""strength"": 2, ""opportunity"": 1, ""good"": 4, ""exceed"": 1, ""higher"": 3, ""increased"": 2, ""certain"": 2, ""best"": 2, ""more"": 7, ""growth"": 4, ""encouraged"": 1, ""increase"": 3, ""strong"": 1, ""risen"": 1, ""high"": 1, ""greater"": 3, ""increases"": 1, ""succeed"": 1, ""enjoy"": 1, ""rewarded"": 1, ""solid"": 1, ""better"": 2, ""improve"": 1}","{""fall"": 1, ""negative"": 1, ""decline"": 1, ""low"": 6, ""risky"": 2, ""below"": 2, ""risk"": 15, ""fell"": 2, ""less"": 2, ""under"": 1, ""down"": 3, ""uncertainty"": 2, ""declined"": 1, ""risks"": 3, ""deteriorated"": 1, ""declining"": 1, ""difficult"": 1, ""challenges"": 1, ""difficulty"": 1, ""challenge"": 1}"
2008-04-04,"Public lecture delivered by T T Mboweni, Governor of the South African Reserve Bank in Windhoek, Namibia.",,pdf,0.3866,71,48,3888,"{""delivered"": 2, ""up"": 6, ""most"": 5, ""rising"": 7, ""increasing"": 2, ""positive"": 2, ""successful"": 1, ""strength"": 2, ""opportunity"": 1, ""good"": 4, ""exceed"": 1, ""higher"": 3, ""increased"": 2, ""certain"": 2, ""best"": 2, ""more"": 7, ""growth"": 4, ""encouraged"": 1, ""increase"": 3, ""strong"": 1, ""risen"": 1, ""high"": 1, ""greater"": 3, ""increases"": 1, ""succeed"": 1, ""enjoy"": 1, ""rewarded"": 1, ""solid"": 1, ""better"": 2, ""improve"": 1}","{""fall"": 1, ""negative"": 1, ""decline"": 1, ""low"": 6, ""risky"": 2, ""below"": 2, ""risk"": 15, ""fell"": 2, ""less"": 2, ""under"": 1, ""down"": 3, ""uncertainty"": 2, ""declined"": 1, ""risks"": 3, ""deteriorated"": 1, ""declining"": 1, ""difficult"": 1, ""challenges"": 1, ""difficulty"": 1, ""challenge"": 1}"
2008-05-09,"Remarks by Dr X.P. Guma, South African Reserve Bank, at the Bank of  Tanzania-IMF-East AFRITAC Regional Seminar on Central Bank  Communication; Stonetown, Zanzibar, May 6-8 2008 ",X.P. Guma,pdf,0.4242,20,13,2309,"{""high"": 1, ""record"": 1, ""strengthen"": 1, ""more"": 4, ""up"": 1, ""highest"": 2, ""exceeded"": 1, ""positive"": 2, ""increase"": 1, ""rose"": 1, ""increased"": 3, ""most"": 1, ""good"": 1}","{""least"": 2, ""uncertainty"": 1, ""low"": 1, ""negative"": 3, ""challenging"": 1, ""decreased"": 1, ""difficult"": 1, ""challenge"": 2, ""under"": 1}"
2008-05-09,Communicating Reserve Management and Exchange Rate Policies: A South African Perspective ,,pdf,0.4242,20,13,2289,"{""high"": 1, ""record"": 1, ""strengthen"": 1, ""more"": 4, ""up"": 1, ""highest"": 2, ""exceeded"": 1, ""positive"": 2, ""increase"": 1, ""rose"": 1, ""increased"": 3, ""most"": 1, ""good"": 1}","{""least"": 2, ""uncertainty"": 1, ""low"": 1, ""negative"": 3, ""challenging"": 1, ""decreased"": 1, ""difficult"": 1, ""challenge"": 2, ""under"": 1}"
2008-05-22,"Address by Mr T.T. Mboweni, Governor of the South African Reserve Bank, to the Bureau for Economic Research Annual Conference, Johannesburg, 22 May 2008",T.T. Mboweni,html,0.8673,162,64,6330,"{""most"": 20, ""up"": 4, ""above"": 2, ""more"": 20, ""risen"": 2, ""rise"": 2, ""increase"": 10, ""achieve"": 6, ""growth"": 24, ""success"": 2, ""high"": 10, ""strong"": 4, ""increases"": 10, ""higher"": 24, ""best"": 2, ""increasing"": 2, ""better"": 2, ""good"": 4, ""improve"": 2, ""increased"": 6, ""rising"": 2, ""achieving"": 2}","{""challenge"": 6, ""low"": 16, ""challenges"": 2, ""down"": 4, ""deteriorate"": 4, ""difficult"": 2, ""under"": 4, ""worse"": 2, ""deteriorating"": 2, ""decline"": 2, ""below"": 2, ""less"": 4, ""lower"": 4, ""weak"": 2, ""fallen"": 2, ""risk"": 2, ""uncertainty"": 2, ""uncertain"": 2}"
2008-05-28,"Address by Mr TT Mboweni, Governor of the South African Reserve Bank, at the Gordon Institute of Business Science on 28 May 2008",TT Mboweni,html,0.3158,88,64,4775,"{""largest"": 2, ""most"": 12, ""more"": 12, ""growth"": 10, ""up"": 6, ""increases"": 4, ""rising"": 4, ""expand"": 2, ""improved"": 2, ""strong"": 4, ""grown"": 2, ""increase"": 6, ""increased"": 6, ""higher"": 2, ""rose"": 2, ""expanding"": 2, ""achieve"": 2, ""good"": 2, ""improve"": 4, ""above"": 2}","{""declined"": 2, ""challenging"": 2, ""low"": 2, ""risk"": 20, ""risks"": 6, ""under"": 6, ""less"": 2, ""declining"": 2, ""uncertainty"": 2, ""challenges"": 2, ""failing"": 6, ""difficult"": 6, ""failure"": 4, ""negative"": 2}"
2008-05-30,"Presentation to Kagiso Trust by Dr Monde Mnyande,Chief Economist and Executive General Manager of the South African Reserve Bank, on recent economic developments in South Africa",Monde Mnyande,pdf,1.0909,68,20,2188,"{""more"": 6, ""growth"": 12, ""most"": 6, ""increase"": 4, ""up"": 1, ""risen"": 2, ""above"": 3, ""high"": 8, ""strong"": 1, ""better"": 1, ""leading"": 3, ""expansion"": 1, ""record"": 1, ""higher"": 3, ""exceed"": 1, ""increased"": 4, ""increases"": 2, ""rise"": 1, ""rising"": 3, ""best"": 2, ""achieve"": 1, ""positive"": 1, ""certain"": 1}","{""challenges"": 1, ""less"": 2, ""uncertainty"": 2, ""deteriorated"": 2, ""fallen"": 1, ""below"": 1, ""declining"": 1, ""negative"": 1, ""challenge"": 1, ""decline"": 1, ""down"": 1, ""under"": 2, ""worse"": 1, ""risk"": 2, ""least"": 1}"
2008-06-03,"Keynote address  by Mr T T Mboweni, Governor of the SA Reserve Bank  at the annual symposium of the  Cape Pomological Association  Stellenbosch  Tuesday, 3 June 2008",Mr,pdf,1.2703,121,27,3289,"{""deliver"": 1, ""more"": 10, ""opportunities"": 2, ""increase"": 11, ""certain"": 3, ""larger"": 2, ""strong"": 4, ""higher"": 9, ""growth"": 14, ""rising"": 5, ""increased"": 14, ""good"": 5, ""grow"": 3, ""improve"": 2, ""positive"": 1, ""increasing"": 4, ""exceed"": 1, ""improved"": 2, ""grown"": 2, ""increases"": 7, ""above"": 3, ""most"": 2, ""high"": 5, ""exceeded"": 1, ""up"": 1, ""growing"": 1, ""best"": 3, ""achieving"": 1, ""highest"": 1, ""success"": 1}","{""challenging"": 1, ""down"": 3, ""uncertain"": 1, ""low"": 3, ""negative"": 3, ""worsening"": 1, ""risks"": 2, ""challenges"": 2, ""lower"": 3, ""under"": 1, ""challenge"": 3, ""decreased"": 1, ""risk"": 2, ""less"": 1}"
2008-06-03,Perspectives on the Economic and Financial Environment for Exporters ,,pdf,0.5,80,48,2827,"{""opportunity"": 1, ""growth"": 9, ""up"": 3, ""leading"": 2, ""more"": 13, ""higher"": 3, ""increased"": 8, ""rise"": 1, ""certain"": 2, ""increase"": 1, ""rising"": 3, ""increasing"": 1, ""most"": 5, ""largest"": 1, ""record"": 3, ""above"": 3, ""risen"": 1, ""good"": 2, ""positive"": 2, ""exceeded"": 1, ""better"": 5, ""achieved"": 1, ""improved"": 1, ""delivered"": 1, ""greater"": 2, ""strengthen"": 1, ""improvements"": 3, ""strength"": 1}","{""low"": 2, ""falling"": 1, ""risks"": 5, ""risk"": 12, ""difficult"": 4, ""down"": 1, ""uncertainty"": 1, ""drop"": 1, ""worst"": 1, ""lower"": 2, ""fall"": 1, ""dropped"": 1, ""below"": 4, ""declined"": 3, ""less"": 2, ""downturn"": 1, ""falls"": 1, ""negative"": 1, ""under"": 1, ""weakness"": 1, ""failure"": 1, ""challenges"": 1}"
2008-07-08,Banking in Africa and its future outlook,,pdf,0.9474,28,10,2526,"{""largest"": 1, ""greater"": 1, ""certain"": 1, ""more"": 3, ""best"": 3, ""up"": 1, ""better"": 1, ""improve"": 1, ""progress"": 1, ""most"": 3, ""increased"": 1, ""grown"": 1, ""leading"": 1, ""rising"": 1, ""risen"": 1, ""achievement"": 2, ""achieve"": 1, ""growth"": 4}","{""under"": 4, ""less"": 5, ""challenge"": 1}"
2008-07-08,Banking in Africa and its future outlook ,,pdf,0.9474,28,10,2524,"{""largest"": 1, ""greater"": 1, ""certain"": 1, ""more"": 3, ""best"": 3, ""up"": 1, ""better"": 1, ""improve"": 1, ""progress"": 1, ""most"": 3, ""increased"": 1, ""grown"": 1, ""leading"": 1, ""rising"": 1, ""risen"": 1, ""achievement"": 2, ""achieve"": 1, ""growth"": 4}","{""under"": 4, ""less"": 5, ""challenge"": 1}"
2008-07-31,"Keynote address by Dr Monde Mnyande, Chief Economist of the South African Reserve Bank at the 4th Convention of the South African Institute of Black Property Practitioners (SAIBPP) at the Helderfontein Conference Centre, 31 July 2008",Monde Mnyande,pdf,0.9697,98,34,3937,"{""increases"": 5, ""up"": 3, ""most"": 7, ""growth"": 15, ""high"": 9, ""reward"": 1, ""higher"": 2, ""rise"": 1, ""strong"": 5, ""record"": 1, ""increased"": 5, ""stronger"": 1, ""leading"": 3, ""rising"": 3, ""more"": 5, ""strength"": 1, ""above"": 4, ""grown"": 1, ""achieve"": 1, ""increase"": 8, ""certain"": 2, ""best"": 1, ""improving"": 1, ""growing"": 1, ""larger"": 3, ""rose"": 1, ""strengthened"": 1, ""enjoyed"": 1, ""positive"": 1, ""improved"": 1, ""enjoys"": 1, ""increasing"": 1, ""improve"": 1, ""delivering"": 1}","{""low"": 7, ""fall"": 1, ""below"": 3, ""difficult"": 2, ""least"": 2, ""declined"": 5, ""fallen"": 1, ""under"": 1, ""decline"": 1, ""worse"": 1, ""falling"": 1, ""declines"": 2, ""declining"": 1, ""uncertain"": 1, ""lower"": 4, ""less"": 1}"
2008-09-04,"Address by Dr X P Guma, Deputy Governor, South African Reserve Bank  to the South Africa Economic Conference: Business Unusual,  Hyatt Regency Johannesburg, South Africa, 4 September 2008 ",Dr,pdf,0.7532,53,24,2772,"{""opportunity"": 1, ""most"": 4, ""grew"": 1, ""increasing"": 2, ""strongest"": 1, ""growth"": 15, ""more"": 3, ""above"": 4, ""increased"": 5, ""greater"": 1, ""strong"": 1, ""leading"": 2, ""higher"": 3, ""highest"": 1, ""up"": 1, ""growing"": 1, ""certain"": 1, ""high"": 1, ""better"": 2, ""positive"": 1, ""improves"": 1, ""best"": 1}","{""risks"": 3, ""uncertainty"": 2, ""decreased"": 2, ""weak"": 1, ""least"": 2, ""under"": 1, ""disappointing"": 1, ""low"": 2, ""risk"": 3, ""difficult"": 1, ""below"": 1, ""uncertain"": 1, ""failure"": 1, ""lower"": 1, ""worst"": 1, ""negative"": 1}"
2008-09-04,"Address by Dr X P Guma, Deputy Governor, South African Reserve Bank to the South Africa Economic Conference: Business Unusual,  Hyatt Regency Johannesburg, South Africa, 4 September 2008",Dr,pdf,0.7532,53,24,2770,"{""opportunity"": 1, ""most"": 4, ""grew"": 1, ""increasing"": 2, ""strongest"": 1, ""growth"": 15, ""more"": 3, ""above"": 4, ""increased"": 5, ""greater"": 1, ""strong"": 1, ""leading"": 2, ""higher"": 3, ""highest"": 1, ""up"": 1, ""growing"": 1, ""certain"": 1, ""high"": 1, ""better"": 2, ""positive"": 1, ""improves"": 1, ""best"": 1}","{""risks"": 3, ""uncertainty"": 2, ""decreased"": 2, ""weak"": 1, ""least"": 2, ""under"": 1, ""disappointing"": 1, ""low"": 2, ""risk"": 3, ""difficult"": 1, ""below"": 1, ""uncertain"": 1, ""failure"": 1, ""lower"": 1, ""worst"": 1, ""negative"": 1}"
2008-10-16,"Keynote address delivered by Mr TT Mboweni, Governor of the South African Reserve Bank, at a charity gala dinner organised by the University of Pretoria, Wednesday, 15 October 2008",TT Mboweni,html,0.6087,75,40,4043,"{""delivered"": 1, ""encouraging"": 2, ""up"": 14, ""strong"": 2, ""better"": 4, ""certain"": 2, ""greater"": 4, ""good"": 4, ""stronger"": 4, ""more"": 6, ""growth"": 10, ""most"": 2, ""strengthen"": 2, ""improving"": 2, ""strengthening"": 2, ""larger"": 4, ""improve"": 2, ""improvements"": 2, ""strengthened"": 2, ""opportunity"": 4}","{""worst"": 4, ""challenges"": 4, ""weakened"": 2, ""below"": 2, ""risk"": 2, ""under"": 8, ""failure"": 8, ""weaknesses"": 4, ""weak"": 2, ""smaller"": 2, ""decline"": 2}"
2009-03-13,"Keynote address by Mr TT Mboweni, Governor of the South African Reserve Bank, at the 48th ACI World Conference, Cape Town, 13 March 2009",TT Mboweni,pdf,0.5714,54,30,2863,"{""opportunity"": 1, ""better"": 2, ""greater"": 2, ""best"": 1, ""more"": 13, ""good"": 3, ""high"": 4, ""growth"": 6, ""increase"": 1, ""positive"": 1, ""grow"": 3, ""rising"": 2, ""rises"": 1, ""increases"": 2, ""up"": 2, ""strong"": 1, ""record"": 1, ""strength"": 1, ""strengthening"": 1, ""strengthen"": 2, ""strengthened"": 1, ""above"": 1, ""increased"": 1, ""improved"": 1}","{""difficult"": 3, ""less"": 1, ""risk"": 14, ""low"": 1, ""under"": 4, ""declines"": 1, ""negative"": 1, ""uncertainty"": 1, ""risks"": 1, ""weak"": 1, ""challenge"": 1, ""lower"": 1}"
2009-03-16,"Opening remarks by Dr M Mnyande, Chief Economist and Executive General Manager, at the Toronto Centre Seminar on strengthening financial stability arrangements, South African Reserve Bank College, 16 – 19 March 2009",Dr,pdf,0.5882,11,6,877,"{""strengthening"": 4, ""most"": 1, ""opportunity"": 1, ""more"": 3, ""up"": 1, ""high"": 1}","{""least"": 2, ""failure"": 1, ""weaknesses"": 1, ""decline"": 1, ""worst"": 1}"
2009-04-23,"Presentation at the Wits Business School, on 23 April 2009 by Dr M Mnyande, Chief Economist and Executive General Manager. South African Reserve Bank",Dr,pdf,0.6027,95,51,4593,"{""up"": 3, ""growth"": 17, ""increasing"": 4, ""largest"": 1, ""achievement"": 1, ""achieve"": 1, ""strengthen"": 4, ""strengthened"": 1, ""higher"": 3, ""good"": 1, ""greater"": 4, ""exceeded"": 1, ""strong"": 2, ""increases"": 3, ""more"": 12, ""improved"": 2, ""most"": 9, ""exceed"": 1, ""certain"": 2, ""increase"": 3, ""increased"": 4, ""better"": 2, ""improving"": 1, ""achieving"": 2, ""success"": 2, ""achieved"": 2, ""positive"": 2, ""leading"": 1, ""above"": 2, ""delivered"": 1, ""growing"": 1}","{""threat"": 1, ""declining"": 5, ""risks"": 2, ""decline"": 2, ""risk"": 5, ""uncertainty"": 3, ""weak"": 1, ""declined"": 5, ""under"": 3, ""lower"": 2, ""falling"": 1, ""weakened"": 2, ""deteriorated"": 1, ""negative"": 1, ""below"": 1, ""less"": 3, ""fail"": 1, ""difficult"": 2, ""failure"": 1, ""threats"": 3, ""declines"": 1, ""low"": 1, ""fall"": 1, ""challenge"": 1, ""challenges"": 2}"
2009-05-06,"Remarks by Dr Mnyande, Chief Economist and Executive General Manager of the South African Reserve Bank, at the launch of the Financial Stability Review on 6 May 2009",Mnyande,pdf,0.2222,35,28,2281,"{""opportunity"": 1, ""most"": 1, ""growing"": 1, ""greater"": 2, ""increased"": 4, ""more"": 5, ""increases"": 1, ""growth"": 5, ""higher"": 3, ""increase"": 3, ""high"": 2, ""leading"": 1, ""certain"": 1, ""strengthen"": 2, ""improve"": 1, ""stronger"": 1, ""increasing"": 1}","{""risks"": 3, ""threats"": 2, ""fallen"": 1, ""less"": 2, ""declines"": 1, ""decline"": 2, ""lower"": 4, ""worst"": 1, ""risk"": 2, ""negative"": 2, ""deteriorated"": 2, ""declined"": 3, ""dropped"": 1, ""lowest"": 1, ""uncertainty"": 1}"
2009-05-19,"Address by Mr T.T. Mboweni, Governor of the South African Reserve Bank, to the Road Freight Association Convention, Vanderbijlpark, 19 May 2009",T.T. Mboweni,pdf,0.0,52,52,2610,"{""most"": 4, ""growth"": 19, ""grown"": 1, ""high"": 5, ""better"": 1, ""grow"": 2, ""grew"": 1, ""above"": 1, ""improve"": 1, ""positive"": 2, ""strengthen"": 1, ""up"": 2, ""achieving"": 1, ""strong"": 2, ""improvement"": 1, ""achieved"": 1, ""more"": 1, ""higher"": 2, ""expand"": 1, ""increasing"": 1, ""increase"": 1, ""pleased"": 1}","{""negative"": 5, ""declined"": 14, ""worst"": 3, ""declines"": 3, ""downturn"": 2, ""weak"": 2, ""decline"": 3, ""below"": 2, ""under"": 5, ""risk"": 1, ""lowest"": 1, ""decreased"": 1, ""least"": 1, ""falling"": 1, ""lower"": 2, ""low"": 3, ""risks"": 1, ""down"": 1, ""less"": 1}"
2009-05-19,"Address by Dr X P Guma, Deputy Governor, South African Reserve Bank to the IPM Annual Business Conference in association with NKR Nedbank Auditorium, 90 Ordnance Rd, Kingsmead, Durban, South Africa, 18 May 2009",Dr,pdf,0.6316,25,13,2210,"{""better"": 1, ""delivered"": 2, ""achieve"": 2, ""more"": 3, ""most"": 4, ""certain"": 1, ""growth"": 4, ""rising"": 1, ""above"": 2, ""success"": 1, ""achievement"": 1, ""best"": 1, ""accomplishing"": 1, ""strengthening"": 1}","{""less"": 2, ""risk"": 2, ""challenges"": 1, ""worst"": 1, ""low"": 2, ""threats"": 3, ""under"": 2}"
2009-05-20,"Keynote Address by Mr TT Mboweni, Governor of the South African Reserve Bank, at the SAKE24 Economist of the Year Award’s Dinner, Theatre on the Track, Kyalami. Johannesburg. 20 May 2009",TT Mboweni,pdf,-0.3797,32,47,2318,"{""most"": 6, ""more"": 4, ""achieving"": 1, ""best"": 1, ""higher"": 2, ""growth"": 2, ""greatest"": 1, ""up"": 2, ""good"": 2, ""increasing"": 2, ""expand"": 1, ""increase"": 2, ""increased"": 1, ""above"": 1, ""success"": 2, ""opportunities"": 1, ""greater"": 1}","{""challenges"": 7, ""uncertainty"": 17, ""difficult"": 7, ""under"": 2, ""challenge"": 2, ""threat"": 1, ""fail"": 1, ""risk"": 3, ""declined"": 1, ""lower"": 1, ""decline"": 2, ""lowest"": 1, ""uncertain"": 2}"
2009-07-29,"Welcoming remarks by Dr X.P. Guma, Deputy Governor, at the Financial Markets Department’s 4th annual Cocktail party, South African Reserve Bank, 28 July 2009",X.P. Guma,pdf,0.4918,38,23,2070,"{""good"": 1, ""growth"": 2, ""expanding"": 1, ""increased"": 9, ""increase"": 4, ""increasing"": 1, ""above"": 1, ""successful"": 1, ""increases"": 1, ""most"": 3, ""improve"": 1, ""more"": 4, ""enjoys"": 1, ""enjoy"": 3, ""achieve"": 1, ""higher"": 1, ""greater"": 1, ""success"": 2}","{""difficult"": 1, ""negative"": 1, ""worst"": 2, ""risk"": 4, ""challenging"": 2, ""less"": 3, ""below"": 1, ""declined"": 3, ""falling"": 1, ""decreases"": 1, ""under"": 2, ""challenge"": 1, ""risks"": 1}"
2009-09-10,"Address by Mr TT Mboweni, Governor of the South African Reserve Bank at the 10th Annual Steve Biko Memorial Lecture, University of Cape Town, 10 September 2009",TT Mboweni,pdf,1.354,135,26,4841,"{""deliver"": 1, ""larger"": 2, ""up"": 7, ""high"": 3, ""solid"": 1, ""growth"": 15, ""above"": 2, ""increases"": 1, ""improves"": 1, ""opportunity"": 3, ""most"": 5, ""achieve"": 1, ""improve"": 3, ""strength"": 1, ""greatest"": 2, ""more"": 17, ""delivering"": 1, ""delivered"": 1, ""progress"": 4, ""leading"": 2, ""positives"": 1, ""rose"": 5, ""expanded"": 3, ""grown"": 1, ""improved"": 1, ""grew"": 2, ""increased"": 6, ""improvements"": 2, ""higher"": 3, ""opportunities"": 2, ""better"": 1, ""grow"": 2, ""increasing"": 1, ""rise"": 2, ""exceeded"": 1, ""rewarded"": 1, ""greater"": 2, ""enjoy"": 1, ""risen"": 3, ""positive"": 2, ""growing"": 2, ""expanding"": 1, ""increase"": 2, ""good"": 2, ""accomplished"": 1, ""strengthening"": 1, ""improving"": 2, ""definite"": 1, ""highest"": 1, ""rising"": 1, ""expansion"": 1, ""pleased"": 1, ""best"": 1, ""strengthen"": 1, ""achievements"": 1, ""achieved"": 1}","{""threat"": 2, ""least"": 1, ""shrink"": 1, ""negatives"": 1, ""less"": 3, ""disappointing"": 2, ""dropped"": 1, ""under"": 3, ""down"": 1, ""negative"": 1, ""low"": 2, ""below"": 1, ""decline"": 2, ""falling"": 1, ""risk"": 1, ""failure"": 1, ""challenges"": 1, ""fallen"": 1}"
2009-10-04,"Remarks by Mr AD Mminele, Deputy Governor of the South African Reserve Bank, at the Citigroup Global Issues Seminar, held at the Ritz Carlton Hotel in Istanbul, Turkey, 04 October 2009",AD Mminele,pdf,0.6667,54,27,1994,"{""good"": 1, ""opportunity"": 1, ""more"": 6, ""up"": 2, ""best"": 1, ""delivered"": 1, ""increased"": 4, ""higher"": 1, ""increasing"": 3, ""growth"": 9, ""strongest"": 1, ""most"": 3, ""growing"": 1, ""leading"": 2, ""strength"": 1, ""above"": 2, ""high"": 4, ""increases"": 2, ""strong"": 2, ""positive"": 1, ""improved"": 1, ""rising"": 1, ""improving"": 1, ""encouraging"": 2, ""improvement"": 1}","{""low"": 1, ""challenges"": 1, ""risk"": 2, ""less"": 1, ""uncertain"": 1, ""decline"": 2, ""negative"": 3, ""declines"": 1, ""deteriorated"": 2, ""lower"": 4, ""down"": 3, ""uncertainty"": 2, ""risks"": 2, ""weak"": 1, ""weakness"": 1}"
2009-10-12,"Address by Mr. TT Mboweni, Governor of the South African Reserve Bank at the 12th Kgosi Edward Patrick Lebone Molotlegi (EPL) Annual Memorial Lecture, Phokeng, 10 October 2009",Mr. TT Mboweni,pdf,0.7451,70,32,3918,"{""deliver"": 1, ""most"": 12, ""delivering"": 1, ""better"": 3, ""high"": 5, ""good"": 2, ""more"": 5, ""growth"": 6, ""leading"": 2, ""grow"": 3, ""encouraging"": 1, ""strong"": 1, ""improvements"": 1, ""improved"": 1, ""rise"": 1, ""expanding"": 2, ""strengthen"": 1, ""expanded"": 1, ""strength"": 1, ""certain"": 4, ""best"": 1, ""leader"": 1, ""increase"": 1, ""largest"": 2, ""increased"": 3, ""grown"": 1, ""opportunity"": 1, ""opportunities"": 1, ""growing"": 1, ""larger"": 1, ""above"": 1, ""stronger"": 1, ""improvement"": 1}","{""difficult"": 2, ""challenge"": 8, ""challenges"": 4, ""challenging"": 3, ""lower"": 2, ""worse"": 1, ""worst"": 1, ""negative"": 2, ""down"": 2, ""declines"": 1, ""downturn"": 1, ""uncertain"": 1, ""risk"": 1, ""least"": 2, ""declining"": 1}"
2009-11-03,"Address by Mr. AD Mminele, Deputy Governor of the South African Reserve Bank, at the “Spire Awards” Ceremony, held at the Johannesburg Stock Exchange, 3 November 2009",Mr. AD Mminele,pdf,1.0,57,19,2245,"{""good"": 2, ""more"": 10, ""most"": 1, ""leader"": 1, ""rise"": 3, ""largest"": 1, ""opportunity"": 1, ""expansion"": 1, ""achievement"": 1, ""improve"": 1, ""growth"": 6, ""increase"": 7, ""increased"": 7, ""strengthening"": 1, ""improvement"": 2, ""improved"": 1, ""strong"": 5, ""leading"": 1, ""above"": 1, ""increasing"": 1, ""grew"": 1, ""strength"": 1, ""record"": 1}","{""risk"": 3, ""risks"": 3, ""under"": 1, ""low"": 4, ""declined"": 1, ""risky"": 1, ""lower"": 2, ""negative"": 1, ""down"": 1, ""uncertainty"": 1, ""challenges"": 1}"
2010-01-02,"Address by Dr Monde Mnyande, Advisor to the Governor and Chief Economist, South African Reserve Bank (SARB), at the Annual Savings Workshop, hosted by the South African Savings Institute at the South African Reserve Bank Conference Centre in Pretoria, 2 September 2010",Monde Mnyande,pdf,0.9846,97,33,2983,"{""growth"": 13, ""increase"": 7, ""most"": 3, ""high"": 3, ""rising"": 4, ""up"": 7, ""increased"": 10, ""higher"": 8, ""more"": 9, ""encouraged"": 3, ""leading"": 4, ""improving"": 2, ""risen"": 1, ""greater"": 1, ""improvement"": 2, ""strong"": 2, ""growing"": 2, ""expansion"": 1, ""best"": 2, ""certain"": 2, ""rise"": 4, ""grow"": 1, ""achieve"": 1, ""positive"": 1, ""better"": 2, ""improve"": 1, ""increasing"": 1}","{""fell"": 2, ""fall"": 2, ""deteriorated"": 1, ""decline"": 8, ""less"": 2, ""declined"": 4, ""dropping"": 1, ""declines"": 1, ""low"": 7, ""lower"": 2, ""risks"": 1, ""negative"": 2}"
2010-01-28,"Address by Mr. Daniel Mminele, Deputy Governor, South African Reserve Bank (SARB), at the Rand Merchant Bank Fixed Income Seminar, Cape Town, 28 January 2010",Mr. Daniel Mminele,pdf,0.5823,51,28,3361,"{""good"": 3, ""risen"": 1, ""higher"": 3, ""growth"": 14, ""more"": 11, ""increase"": 2, ""better"": 1, ""achieve"": 2, ""improved"": 2, ""high"": 1, ""increases"": 1, ""above"": 1, ""greater"": 2, ""positive"": 1, ""achieving"": 1, ""certain"": 2, ""strong"": 1, ""improvement"": 1, ""success"": 1}","{""less"": 1, ""risk"": 2, ""fell"": 1, ""risks"": 1, ""under"": 4, ""threat"": 1, ""challenges"": 4, ""least"": 2, ""difficult"": 1, ""low"": 4, ""challenge"": 2, ""declined"": 2, ""uncertainty"": 1, ""lowest"": 1, ""downturn"": 1}"
2010-03-12,"Remarks by Dr Monde Mnyande, Advisor to the Governor and Chief Economist of the South African Reserve Bank, presented at the Leadership Forum of Airports Company South Africa held at the OR Tambo Sun International Hotel on 12 March 2010",Monde Mnyande,pdf,1.1753,77,20,3038,"{""improving"": 2, ""opportunity"": 1, ""growth"": 13, ""stronger"": 1, ""more"": 7, ""strong"": 1, ""most"": 1, ""up"": 3, ""record"": 1, ""increasing"": 1, ""improved"": 2, ""positive"": 6, ""leading"": 2, ""increased"": 3, ""rose"": 3, ""high"": 3, ""increases"": 9, ""exceeded"": 1, ""increase"": 4, ""improvement"": 2, ""rising"": 1, ""above"": 1, ""expansion"": 1, ""good"": 2, ""improve"": 2, ""strengthen"": 1, ""opportunities"": 2, ""success"": 1}","{""lower"": 2, ""negative"": 3, ""lowest"": 1, ""under"": 2, ""below"": 2, ""decrease"": 1, ""decline"": 1, ""low"": 1, ""weak"": 1, ""down"": 1, ""risk"": 1, ""risks"": 1, ""declined"": 1, ""uncertainty"": 1, ""challenged"": 1}"
2010-04-09,"Address by Dr Monde Mnyande, Advisor to the Governor and Chief Economist, South African Reserve Bank (SARB), at the Inkululeko Media & Marketing Power Breakfast, Avianto Hotel, Muldersdrift, 09 April 2010",Monde Mnyande,pdf,1.1489,74,20,2620,"{""most"": 3, ""opportunity"": 3, ""better"": 3, ""high"": 11, ""progress"": 1, ""more"": 5, ""higher"": 1, ""growth"": 22, ""improved"": 5, ""expanded"": 1, ""grown"": 1, ""increased"": 3, ""success"": 1, ""achieving"": 2, ""rising"": 2, ""opportunities"": 1, ""improvement"": 1, ""achieved"": 1, ""strong"": 4, ""encouraged"": 1, ""exceeds"": 1, ""increases"": 1}","{""low"": 8, ""challenges"": 4, ""threats"": 1, ""under"": 1, ""negative"": 1, ""drop"": 1, ""challenge"": 2, ""down"": 1, ""risk"": 1}"
2010-04-22,"Presentation by Dr Monde Mnyande, Advisor to the Governor and Chief Economist, South African Reserve Bank (SARB), to the Ombudsman for Banking Services, at their Annual Report 2010 Launch, Westcliff Hotel, Melville, 22 April 2010",Monde Mnyande,pdf,0.2778,41,31,1928,"{""more"": 5, ""most"": 5, ""strong"": 2, ""growth"": 5, ""positive"": 3, ""high"": 7, ""leading"": 1, ""greatest"": 1, ""greater"": 1, ""certainty"": 1, ""higher"": 1, ""rose"": 1, ""increase"": 2, ""stronger"": 1, ""above"": 2, ""better"": 1, ""good"": 1, ""solid"": 1}","{""disappointing"": 1, ""negative"": 3, ""lower"": 6, ""below"": 3, ""decline"": 2, ""low"": 7, ""least"": 2, ""declining"": 1, ""less"": 1, ""risk"": 2, ""difficult"": 1, ""uncertainty"": 1, ""down"": 1}"
2010-04-22,"Address by Ms Gill Marcus, Governor of the South African Reserve Bank to the Bureau for Economic Research Annual Conference, Johannesburg, 22 April 2010",Gill Marcus,pdf,0.4748,86,53,3439,"{""most"": 3, ""positive"": 6, ""growth"": 27, ""successful"": 1, ""higher"": 3, ""high"": 4, ""more"": 7, ""best"": 1, ""up"": 7, ""greater"": 4, ""increasing"": 1, ""increase"": 1, ""strength"": 2, ""improved"": 5, ""achieving"": 1, ""grow"": 1, ""growing"": 1, ""good"": 1, ""increases"": 2, ""exceed"": 1, ""risen"": 1, ""stronger"": 1, ""increased"": 1, ""certainty"": 1, ""improvement"": 1, ""opportunity"": 1, ""achieve"": 1}","{""risks"": 8, ""uncertain"": 2, ""uncertainty"": 2, ""difficult"": 2, ""challenges"": 1, ""under"": 5, ""low"": 12, ""less"": 1, ""below"": 3, ""challenged"": 1, ""risk"": 3, ""decline"": 5, ""lower"": 2, ""weakening"": 1, ""weaken"": 1, ""downturn"": 1, ""threat"": 1, ""weak"": 1, ""disappointed"": 1}"
2010-04-28,"Introductory remarks by Dr X P Guma, Deputy Governor of the South African Reserve Bank (the Bank), at the launch of the March 2010 Financial Stability Review - 28 April 2010",Dr,pdf,0.4865,23,14,1031,"{""more"": 3, ""up"": 1, ""achieve"": 1, ""strengthen"": 1, ""improve"": 1, ""expanded"": 1, ""high"": 1, ""better"": 1, ""improving"": 1, ""stronger"": 1, ""increased"": 2, ""higher"": 1, ""above"": 1, ""increasing"": 1, ""strength"": 1, ""improvement"": 2, ""leading"": 1, ""growth"": 1, ""most"": 1}","{""threats"": 1, ""risks"": 3, ""uncertainty"": 1, ""challenge"": 1, ""risk"": 1, ""under"": 2, ""dropped"": 1, ""deteriorated"": 1, ""declines"": 1, ""decline"": 1, ""deteriorate"": 1}"
2010-05-26,"Address by Dr Monde Mnyande, Advisor to the Governor and Chief Economist, South African Reserve Bank, to the Financial Planning Institute of SA, at the Annual FPI Convention, Emperors Palace Convention Centre, 26 May 2010",Monde Mnyande,pdf,0.2261,64,51,3206,"{""expanded"": 1, ""opportunity"": 1, ""more"": 6, ""most"": 6, ""growth"": 5, ""high"": 4, ""better"": 2, ""achieve"": 1, ""good"": 3, ""strengthen"": 5, ""progress"": 1, ""growing"": 3, ""strengthening"": 3, ""up"": 1, ""best"": 3, ""higher"": 2, ""rising"": 1, ""encouraged"": 2, ""achieved"": 1, ""opportunities"": 1, ""increased"": 1, ""increasing"": 2, ""strong"": 1, ""positive"": 1, ""grow"": 1, ""improved"": 4, ""improvement"": 1, ""increase"": 1}","{""risks"": 5, ""slump"": 1, ""low"": 4, ""weak"": 1, ""down"": 1, ""challenged"": 1, ""least"": 2, ""worst"": 1, ""challenges"": 1, ""risk"": 18, ""downturn"": 1, ""negative"": 4, ""lower"": 1, ""challenging"": 1, ""deteriorated"": 1, ""decline"": 1, ""declining"": 1, ""decrease"": 1, ""less"": 1, ""uncertainty"": 1, ""worsening"": 1, ""uncertain"": 1, ""threat"": 1}"
2010-06-04,"Address by Mr Daniel Mminele, Deputy Governor, South African Reserve Bank, at the Financial Market Departments' Annual Cocktail function, Pretoria, 3 June 2010",Daniel Mminele,html,0.5641,100,56,5345,"{""good"": 2, ""strong"": 4, ""rising"": 2, ""increased"": 14, ""high"": 2, ""certain"": 4, ""stronger"": 6, ""most"": 6, ""growth"": 6, ""record"": 2, ""more"": 12, ""up"": 2, ""improved"": 2, ""achieved"": 2, ""largest"": 2, ""improvements"": 2, ""strengthening"": 2, ""improving"": 2, ""successful"": 2, ""better"": 2, ""increase"": 6, ""improvement"": 2, ""success"": 2, ""increasing"": 2, ""opportunity"": 2, ""best"": 4, ""solid"": 2, ""enjoy"": 2}","{""risk"": 18, ""declining"": 2, ""risks"": 6, ""low"": 6, ""uncertainty"": 2, ""decline"": 2, ""declined"": 4, ""lowest"": 2, ""challenges"": 6, ""lower"": 2, ""uncertain"": 2, ""negative"": 2, ""declines"": 2}"
2010-07-07,"Comments by Governor Gill Marcus on recent global developments and their implications for South Africa Power Business Breakfast Country Club, Johannesburg, Wednesday 7th July 2010",Governor Gill Marcus,html,0.5641,100,56,5349,"{""good"": 2, ""strong"": 4, ""rising"": 2, ""increased"": 14, ""high"": 2, ""certain"": 4, ""stronger"": 6, ""most"": 6, ""growth"": 6, ""record"": 2, ""more"": 12, ""up"": 2, ""improved"": 2, ""achieved"": 2, ""largest"": 2, ""improvements"": 2, ""strengthening"": 2, ""improving"": 2, ""successful"": 2, ""better"": 2, ""increase"": 6, ""improvement"": 2, ""success"": 2, ""increasing"": 2, ""opportunity"": 2, ""best"": 4, ""solid"": 2, ""enjoy"": 2}","{""risk"": 18, ""declining"": 2, ""risks"": 6, ""low"": 6, ""uncertainty"": 2, ""decline"": 2, ""declined"": 4, ""lowest"": 2, ""challenges"": 6, ""lower"": 2, ""uncertain"": 2, ""negative"": 2, ""declines"": 2}"
2010-08-18,"Address by Mr. A D Mminele, Deputy Governor of the South African Reserve Bank, at the 13th Southern Africa Internal Audit conference, held at the Sandton Convention Centre, 18 August 2010",Mr.,pdf,0.2667,68,52,2731,"{""good"": 3, ""better"": 3, ""up"": 3, ""growth"": 13, ""higher"": 1, ""increase"": 7, ""most"": 2, ""increased"": 7, ""high"": 3, ""certain"": 2, ""rise"": 2, ""more"": 8, ""increasing"": 1, ""stronger"": 2, ""achieved"": 1, ""strong"": 3, ""improved"": 2, ""increases"": 1, ""successful"": 1, ""expansion"": 1, ""strengthen"": 1, ""best"": 1}","{""risks"": 14, ""challenges"": 6, ""low"": 5, ""risk"": 9, ""less"": 5, ""declined"": 1, ""decline"": 1, ""uncertainty"": 1, ""lower"": 3, ""negative"": 2, ""declining"": 1, ""down"": 1, ""weaknesses"": 2, ""worst"": 1}"
2010-10-07,"Introductory remarks by Dr X.P. Guma, Senior Deputy Governor of the South African Reserve Bank, at the launch of the September 2010 Financial Stability Review - 7 October 2010",X.P. Guma,pdf,0.6087,30,16,1207,"{""larger"": 1, ""achieve"": 1, ""most"": 3, ""high"": 2, ""growth"": 4, ""more"": 4, ""increased"": 1, ""improving"": 2, ""rose"": 1, ""strong"": 2, ""above"": 2, ""positive"": 1, ""increase"": 1, ""rising"": 1, ""strength"": 1, ""best"": 1, ""strengthen"": 1, ""up"": 1}","{""risks"": 4, ""fail"": 2, ""risk"": 5, ""challenges"": 1, ""uncertainty"": 2, ""decline"": 1, ""negative"": 1}"
2010-10-15,An overview of the South African economy and markets ,,pdf,1.3636,37,7,2159,"{""deliver"": 1, ""certain"": 2, ""most"": 5, ""increase"": 1, ""more"": 4, ""increased"": 2, ""high"": 4, ""growth"": 2, ""above"": 1, ""stronger"": 1, ""rising"": 1, ""strengthened"": 1, ""enjoy"": 1, ""greater"": 1, ""strong"": 1, ""best"": 3, ""improved"": 1, ""encouraging"": 1, ""opportunity"": 1, ""achievements"": 2, ""achieving"": 1}","{""challenge"": 1, ""low"": 1, ""less"": 1, ""fell"": 1, ""decline"": 1, ""declines"": 1, ""threat"": 1}"
2010-10-19,"Address by Gill Marcus, Governor of the South African Reserve Bank, to the Wesgro Investor Lunch, Cape Town, 19 October 2010",Gill Marcus,html,0.7107,164,78,6853,"{""more"": 10, ""achieve"": 4, ""growth"": 54, ""leading"": 4, ""most"": 6, ""up"": 4, ""improve"": 6, ""increased"": 12, ""high"": 6, ""increase"": 6, ""best"": 4, ""higher"": 12, ""record"": 4, ""positive"": 6, ""increasing"": 4, ""improved"": 2, ""rise"": 2, ""expand"": 2, ""success"": 2, ""strength"": 2, ""strong"": 2, ""increases"": 2, ""grow"": 2, ""certain"": 2, ""stronger"": 2, ""growing"": 2}","{""difficult"": 2, ""fall"": 2, ""challenges"": 6, ""worst"": 2, ""risk"": 2, ""risks"": 4, ""negative"": 4, ""low"": 14, ""under"": 10, ""worse"": 2, ""less"": 4, ""weak"": 4, ""challenge"": 6, ""below"": 2, ""lower"": 2, ""uncertain"": 2, ""least"": 2, ""threat"": 2, ""lowest"": 2, ""declined"": 2, ""decline"": 2}"
2010-11-05,"Welcoming remarks to the participants at the biennial conference of the South African Reserve Bank, 4 November 2010",,html,0.2564,44,34,4265,"{""opportunity"": 2, ""achieving"": 2, ""progress"": 2, ""more"": 10, ""up"": 8, ""growth"": 10, ""growing"": 2, ""best"": 2, ""better"": 4, ""most"": 2}","{""uncertain"": 2, ""under"": 4, ""risk"": 2, ""fall"": 2, ""challenges"": 6, ""downturn"": 2, ""low"": 4, ""down"": 2, ""declined"": 2, ""challenge"": 2, ""difficult"": 4, ""challenging"": 2}"
2010-11-18,"Remarks by Mr. Daniel Mminele, Deputy Governor, South African Reserve Bank, on the occasion of the Annual National Payment System Cocktail Function ? 18 November 2010, Centurion, South Africa",Mr. Daniel Mminele,pdf,-0.3636,9,13,1623,"{""good"": 2, ""growth"": 1, ""up"": 1, ""expanded"": 2, ""certain"": 1, ""highest"": 1, ""opportunity"": 1}","{""challenges"": 2, ""risks"": 1, ""challenge"": 2, ""low"": 1, ""risk"": 2, ""least"": 1, ""under"": 3, ""challenging"": 1}"
2010-11-30,"Address by Gill Marcus, Governor of the South African Reserve Bank to the 1926 Rand Club, Johannesburg - 30 November 2010",Gill Marcus,pdf,0.4737,94,58,3624,"{""high"": 3, ""growth"": 29, ""strength"": 1, ""higher"": 5, ""strong"": 2, ""more"": 19, ""achieve"": 6, ""larger"": 1, ""success"": 1, ""increases"": 5, ""achievement"": 1, ""increasing"": 2, ""above"": 2, ""improvements"": 1, ""up"": 1, ""certainty"": 1, ""increased"": 1, ""rise"": 1, ""increase"": 1, ""successful"": 1, ""greater"": 4, ""achieving"": 1, ""improve"": 1, ""improved"": 1, ""most"": 1, ""definite"": 1, ""positive"": 1}","{""difficult"": 2, ""uncertainty"": 5, ""low"": 17, ""disappointed"": 1, ""negative"": 1, ""lower"": 7, ""disappointing"": 1, ""under"": 8, ""risks"": 1, ""less"": 1, ""below"": 3, ""decline"": 3, ""risk"": 1, ""weak"": 2, ""challenging"": 1, ""down"": 1, ""uncertain"": 1, ""least"": 1, ""lowest"": 1}"
2010-12-08,Address by Governor Gill Marcus to the Ordinary General Meeting of Shareholders of the South African Reserve Bank 8 December 2010 ,Governor Gill Marcus,pdf,0.383,56,38,3224,"{""opportunity"": 2, ""good"": 1, ""best"": 5, ""highest"": 1, ""achieve"": 1, ""increasing"": 3, ""better"": 2, ""more"": 6, ""greatest"": 1, ""growth"": 10, ""grew"": 1, ""high"": 2, ""improved"": 3, ""strong"": 2, ""higher"": 1, ""most"": 2, ""achievement"": 1, ""increased"": 1, ""rising"": 1, ""strengths"": 1, ""strengthen"": 2, ""achieved"": 2, ""up"": 1, ""improve"": 2, ""expanding"": 1, ""successes"": 1}","{""challenging"": 3, ""least"": 1, ""challenges"": 6, ""risk"": 7, ""uncertainty"": 2, ""low"": 3, ""threat"": 1, ""risks"": 1, ""weak"": 2, ""disappointing"": 1, ""below"": 1, ""under"": 4, ""declined"": 1, ""decline"": 1, ""lowest"": 1, ""challenge"": 1, ""weaknesses"": 1, ""fall"": 1}"
2011-02-04,"The Outlook for the South African Economy: Address by Gill Marcus, Governor of the South African Reserve Bank, at a dinner hosted by BMW South Africa for German Business and Financial Media, Pretoria, 4 February 2011",Gill Marcus,html,0.9924,196,66,4492,"{""growth"": 52, ""more"": 24, ""positive"": 10, ""improvement"": 4, ""achieved"": 4, ""increased"": 10, ""higher"": 18, ""high"": 4, ""grew"": 4, ""above"": 6, ""improved"": 10, ""strong"": 6, ""increase"": 8, ""growing"": 4, ""good"": 4, ""most"": 4, ""up"": 4, ""expanded"": 4, ""increases"": 2, ""record"": 2, ""improving"": 2, ""increasing"": 2, ""rising"": 2, ""achieve"": 4, ""best"": 2}","{""uncertain"": 2, ""uncertainty"": 2, ""difficult"": 4, ""risks"": 4, ""challenges"": 4, ""below"": 6, ""negative"": 2, ""under"": 8, ""declined"": 4, ""challenge"": 4, ""low"": 14, ""disappointing"": 2, ""less"": 4, ""decline"": 4, ""lowest"": 2}"
2011-03-22,"Introductory remarks by Dr Monde Mnyande, Chief Economist and Advisor to the Governor at the release of the March Quarterly Bulletin in the SARB Conference Centre, 22 March 2011",Monde Mnyande,html,1.0123,122,40,4362,"{""up"": 2, ""opportunity"": 2, ""solid"": 2, ""greatest"": 2, ""high"": 2, ""increase"": 8, ""rises"": 2, ""higher"": 14, ""growth"": 28, ""strong"": 4, ""rising"": 16, ""most"": 4, ""greater"": 2, ""increased"": 6, ""strongest"": 2, ""positive"": 4, ""improved"": 2, ""rose"": 4, ""above"": 2, ""increases"": 4, ""strength"": 2, ""improvement"": 2, ""more"": 2, ""record"": 2, ""stronger"": 2}","{""least"": 4, ""negative"": 8, ""worst"": 2, ""deteriorate"": 4, ""low"": 10, ""lower"": 4, ""fell"": 2, ""below"": 2, ""declined"": 2, ""weak"": 2}"
2011-03-23,"Remarks by Daniel Mminele, Deputy Governor of the South African Reserve Bank at the SADC Payment System Integration Workshop, Centurion, 22 March 2011",Daniel Mminele,html,0.9412,50,18,2773,"{""good"": 4, ""more"": 12, ""most"": 2, ""encouraging"": 2, ""growth"": 2, ""delivering"": 2, ""strong"": 2, ""increasing"": 2, ""certain"": 4, ""higher"": 2, ""success"": 4, ""opportunities"": 2, ""deliver"": 2, ""expanded"": 2, ""opportunity"": 2, ""greater"": 2, ""successful"": 2}","{""risks"": 4, ""challenges"": 4, ""uncertain"": 4, ""challenging"": 2, ""under"": 2, ""least"": 2}"
2011-03-29,"Opening remarks by Dr Monde Mnyande, Chief Economist and Adviser to the Governor, at the Research Department Statistics Seminar, Forever Resort, Bela Bela 29–31 March 2011",Monde Mnyande,pdf,1.6923,24,2,1223,"{""most"": 2, ""best"": 2, ""improving"": 2, ""more"": 6, ""good"": 1, ""strengthening"": 1, ""better"": 4, ""improvement"": 1, ""delivered"": 1, ""improvements"": 1, ""up"": 1, ""above"": 1, ""strong"": 1}","{""challenges"": 2}"
2011-04-07,"Address by Daniel Mminele, Deputy Governor of the South African Reserve Bank, at the Bank’s Financial Markets Department’s Annual Cocktail Function, held at the South African Reserve Bank’s Conference Centre, Pretoria, on 7 April 2011",Daniel Mminele,pdf,1.0427,89,28,3103,"{""good"": 2, ""opportunity"": 3, ""up"": 8, ""high"": 4, ""growing"": 1, ""growth"": 6, ""rising"": 3, ""more"": 5, ""increased"": 15, ""increase"": 6, ""certainty"": 1, ""largest"": 1, ""most"": 5, ""better"": 1, ""improve"": 1, ""improved"": 3, ""encouraging"": 2, ""achieving"": 2, ""positive"": 1, ""strong"": 5, ""record"": 2, ""higher"": 1, ""increasing"": 1, ""achieve"": 1, ""successful"": 2, ""above"": 2, ""success"": 1, ""stronger"": 1, ""progress"": 1, ""rise"": 1, ""enjoy"": 1}","{""uncertainty"": 4, ""challenges"": 6, ""risks"": 8, ""less"": 1, ""low"": 1, ""declined"": 1, ""below"": 3, ""negative"": 1, ""declining"": 1, ""penalty"": 1, ""least"": 1}"
2011-04-16," Address by Daniel Mminele, Deputy Governor of the South African Reserve Bank, at the JP Morgan Investor Conference, Washington D.C., 16 April 2011",Daniel Mminele,pdf,0.8772,82,32,2473,"{""good"": 1, ""most"": 6, ""achieve"": 2, ""achieving"": 2, ""growth"": 12, ""certain"": 1, ""expand"": 1, ""more"": 5, ""increase"": 5, ""up"": 4, ""achievement"": 1, ""greater"": 5, ""increased"": 6, ""rise"": 1, ""strong"": 2, ""improvement"": 2, ""improved"": 2, ""grew"": 1, ""strength"": 1, ""high"": 6, ""positive"": 3, ""better"": 1, ""improve"": 1, ""growing"": 2, ""leading"": 1, ""above"": 1, ""higher"": 3, ""rising"": 1, ""improvements"": 2, ""enjoy"": 1}","{""challenges"": 5, ""risks"": 9, ""threat"": 2, ""weakness"": 1, ""weak"": 1, ""risk"": 4, ""uncertainty"": 1, ""below"": 4, ""declining"": 1, ""low"": 2, ""deteriorated"": 2}"
2011-04-20,"Introductory remarks by Dr X.P. Guma, Senior Deputy Governor of the South African Reserve Bank, at the launch of the March 2011 Financial Stability Review",X.P. Guma,html,0.96,74,26,2128,"{""leading"": 2, ""improved"": 4, ""more"": 8, ""growth"": 16, ""high"": 8, ""rising"": 10, ""increased"": 6, ""most"": 2, ""increases"": 2, ""rise"": 2, ""stronger"": 2, ""increase"": 6, ""positive"": 2, ""above"": 2, ""up"": 2}","{""risk"": 4, ""challenges"": 6, ""risks"": 4, ""negative"": 2, ""declining"": 4, ""fail"": 2, ""decline"": 2, ""lower"": 2}"
2011-05-27,"Address by Daniel Mminele, Deputy Governor of the South African Reserve Bank, at the breakfast of the Association of Corporate Treasurers of Southern Africa, Johannesburg Country Club, 27 May 2011​",Daniel Mminele,pdf,0.9197,100,37,3162,"{""good"": 1, ""more"": 10, ""best"": 1, ""rising"": 8, ""rise"": 3, ""succeeding"": 1, ""most"": 3, ""growth"": 23, ""high"": 6, ""up"": 3, ""positive"": 3, ""improved"": 6, ""certain"": 2, ""leading"": 2, ""increased"": 7, ""strong"": 2, ""achieving"": 1, ""better"": 1, ""larger"": 1, ""strengthening"": 1, ""opportunities"": 2, ""achieved"": 1, ""largest"": 1, ""increase"": 5, ""encouraging"": 1, ""risen"": 1, ""increasing"": 1, ""higher"": 2, ""increases"": 1}","{""uncertain"": 3, ""difficult"": 1, ""risks"": 6, ""threats"": 1, ""difficulty"": 1, ""below"": 5, ""weak"": 2, ""decline"": 2, ""declined"": 2, ""challenges"": 2, ""less"": 2, ""under"": 2, ""negative"": 2, ""lower"": 1, ""low"": 1, ""deteriorated"": 1, ""risk"": 2, ""uncertainty"": 1}"
2011-05-27,"Address by Lesetja Kganyago, Deputy Governor of the South African Reserve Bank at an ABSIP Dinner, Sandton Sun, Johannesburg - 27 May 2011 ​ ",Lesetja Kganyago,pdf,1.085,118,35,2452,"{""achieving"": 1, ""high"": 11, ""growth"": 47, ""achieved"": 2, ""improved"": 1, ""larger"": 1, ""grew"": 1, ""expanded"": 1, ""risen"": 2, ""more"": 13, ""improvement"": 1, ""rose"": 2, ""higher"": 4, ""progress"": 1, ""improve"": 1, ""expand"": 1, ""expansion"": 1, ""growing"": 1, ""certainty"": 1, ""greater"": 1, ""good"": 1, ""rising"": 1, ""up"": 2, ""increases"": 3, ""strong"": 2, ""rise"": 3, ""increase"": 3, ""stronger"": 4, ""strength"": 1, ""increased"": 1, ""grow"": 3}","{""challenges"": 4, ""less"": 3, ""lower"": 3, ""worst"": 2, ""fell"": 2, ""obstacles"": 1, ""negative"": 1, ""declined"": 3, ""decline"": 1, ""weaknesses"": 1, ""down"": 1, ""weak"": 2, ""fallen"": 1, ""low"": 1, ""challenge"": 3, ""under"": 2, ""worsening"": 1, ""falling"": 2, ""difficult"": 1}"
2011-05-31,"Address by Gill Marcus, Governor of the South African Reserve Bank,at the Finmedia24 Economist of the Year Function ,Midrand, 31 May 2011. ​",Gill Marcus,pdf,0.0,29,29,3382,"{""opportunity"": 1, ""good"": 1, ""most"": 1, ""more"": 7, ""certain"": 2, ""up"": 5, ""better"": 1, ""strong"": 1, ""higher"": 1, ""best"": 1, ""high"": 1, ""success"": 1, ""progress"": 1, ""rising"": 1, ""exceed"": 1, ""increase"": 1, ""certainty"": 1, ""delivered"": 1}","{""challenges"": 6, ""uncertainty"": 2, ""under"": 3, ""worst"": 1, ""less"": 1, ""low"": 4, ""difficult"": 2, ""risk"": 1, ""weak"": 1, ""risks"": 1, ""deteriorating"": 1, ""worsen"": 1, ""down"": 1, ""least"": 1, ""decline"": 1, ""failure"": 1, ""challenge"": 1}"
2011-06-21,"Introductory remarks at the release on 21 June 2011 of the June 2011 Quarterly Bulletin by Dr Johan van den Heever, Senior Deputy Chief Economist of the South African Reserve Bank",Johan,html,1.1899,126,32,2680,"{""most"": 12, ""high"": 4, ""strong"": 6, ""rise"": 10, ""increase"": 20, ""increasing"": 2, ""expansion"": 2, ""rose"": 4, ""growth"": 6, ""rising"": 10, ""increases"": 14, ""higher"": 12, ""strongest"": 2, ""up"": 4, ""stronger"": 2, ""increased"": 8, ""positive"": 2, ""record"": 2, ""more"": 2, ""improvement"": 2}","{""lower"": 12, ""low"": 8, ""below"": 4, ""least"": 4, ""declined"": 2, ""weak"": 2}"
2011-06-21,"Remarks by Dr Monde Mnyande, Chief Economist and Adviser to the Governor, at a presentation hosted by the Institute for Futures Research at the Protea Hotel, Midrand, 21 June 2011",Monde Mnyande,pdf,1.1264,68,19,2577,"{""growth"": 26, ""most"": 5, ""achieving"": 1, ""strong"": 2, ""achieved"": 3, ""greater"": 1, ""achieve"": 2, ""up"": 3, ""increase"": 4, ""high"": 2, ""rising"": 2, ""more"": 4, ""increases"": 1, ""strength"": 1, ""increased"": 1, ""improvements"": 1, ""higher"": 2, ""leading"": 1, ""better"": 1, ""improved"": 1, ""above"": 1, ""encouraged"": 1, ""rise"": 1, ""increasing"": 1}","{""low"": 5, ""fall"": 1, ""uncertainty"": 2, ""challenge"": 2, ""under"": 1, ""declining"": 1, ""challenging"": 1, ""threat"": 1, ""lowest"": 1, ""less"": 1, ""lower"": 2, ""challenges"": 1}"
2011-06-30,Governor's Address (91st) - 2011-06-30,,pdf,0.6777,81,40,6395,"{""record"": 2, ""above"": 7, ""more"": 13, ""high"": 1, ""most"": 7, ""strong"": 4, ""growth"": 5, ""increased"": 3, ""increase"": 8, ""growing"": 1, ""leading"": 2, ""greater"": 1, ""up"": 2, ""opportunity"": 6, ""certain"": 1, ""increases"": 1, ""best"": 3, ""good"": 3, ""highest"": 1, ""expand"": 1, ""improvement"": 1, ""expanded"": 1, ""positive"": 1, ""achieving"": 1, ""achieved"": 1, ""delivered"": 2, ""strengthened"": 1, ""enjoys"": 1}","{""under"": 3, ""uncertain"": 1, ""risks"": 5, ""negative"": 2, ""decline"": 2, ""risk"": 6, ""deteriorating"": 1, ""threat"": 1, ""low"": 3, ""lowest"": 1, ""below"": 2, ""challenges"": 3, ""uncertainty"": 1, ""threats"": 1, ""challenge"": 1, ""hurdle"": 1, ""difficult"": 1, ""down"": 1, ""declined"": 1, ""less"": 1, ""challenging"": 2}"
2011-07-01,"Address by Deputy President of the Republic of South Africa Kgalema Motlanthe during the 90th Anniversary of the South African Reserve Bank, Tshwane - 30 June 2011",Deputy President,pdf,1.1429,88,24,1733,"{""most"": 2, ""above"": 1, ""high"": 11, ""grow"": 2, ""achieved"": 1, ""better"": 2, ""achievement"": 1, ""growth"": 28, ""improved"": 3, ""expanded"": 1, ""higher"": 3, ""stronger"": 2, ""more"": 9, ""rising"": 3, ""increases"": 1, ""best"": 2, ""achieve"": 2, ""increase"": 3, ""up"": 2, ""improving"": 1, ""highest"": 1, ""improve"": 2, ""larger"": 1, ""increasing"": 1, ""greater"": 1, ""strengthen"": 1, ""growing"": 1}","{""under"": 1, ""fails"": 1, ""falls"": 1, ""least"": 1, ""fallen"": 1, ""low"": 7, ""down"": 1, ""challenge"": 1, ""risks"": 2, ""challenges"": 2, ""less"": 3, ""negative"": 2, ""lower"": 1}"
2011-08-05,"​Keynote address by Daniel Mminele, Deputy Governor of the South African Reserve Bank, at the Reuters Economist of the Year Award, Johannesburg, 05 August 2011",Daniel Mminele,pdf,1.3171,34,7,1717,"{""good"": 1, ""achievements"": 1, ""opportunity"": 1, ""certain"": 2, ""most"": 2, ""up"": 3, ""grow"": 1, ""rising"": 1, ""progress"": 2, ""more"": 4, ""high"": 2, ""higher"": 2, ""positive"": 1, ""improve"": 1, ""better"": 2, ""success"": 1, ""growth"": 3, ""greater"": 2, ""increase"": 1, ""achieving"": 1}","{""failure"": 1, ""fail"": 1, ""uncertainty"": 3, ""risks"": 1, ""low"": 1}"
2011-08-23,"Address by Gill Marcus, Governor of the South African Reserve Bank to the US Chamber of Commerce in South Africa, Johannesburg, 23 August 2011. ",Gill Marcus,pdf,0.5578,94,53,3879,"{""good"": 1, ""positive"": 3, ""high"": 5, ""growth"": 29, ""strong"": 2, ""leading"": 2, ""up"": 3, ""increase"": 2, ""opportunity"": 1, ""greater"": 1, ""certain"": 3, ""increased"": 6, ""more"": 13, ""better"": 2, ""achieve"": 2, ""above"": 2, ""best"": 1, ""most"": 4, ""growing"": 1, ""achieved"": 1, ""increases"": 2, ""higher"": 2, ""largest"": 1, ""expand"": 1, ""stronger"": 1, ""improved"": 1, ""encouraging"": 1, ""succeed"": 1}","{""challenging"": 1, ""risk"": 3, ""difficult"": 6, ""declines"": 2, ""downturn"": 5, ""low"": 5, ""falling"": 2, ""declining"": 2, ""uncertainty"": 1, ""weak"": 2, ""weakness"": 2, ""disappointed"": 1, ""failure"": 2, ""negative"": 5, ""worse"": 1, ""under"": 1, ""below"": 1, ""fall"": 1, ""disappointing"": 1, ""decline"": 1, ""uncertain"": 1, ""lowest"": 1, ""less"": 2, ""declined"": 1, ""lower"": 2, ""challenge"": 1}"
2011-09-12,"Opening remarks by Daniel Mminele, Deputy Governor of the South African Reserve Bank, on the occasion of the launch of the South African National Payment System Framework and Strategy document – Vision 2015",Daniel Mminele,pdf,0.56,16,9,880,"{""good"": 1, ""best"": 1, ""achievement"": 1, ""increasing"": 1, ""achieved"": 1, ""high"": 2, ""up"": 2, ""opportunities"": 1, ""improve"": 1, ""larger"": 1, ""better"": 1, ""improves"": 1, ""successful"": 1, ""opportunity"": 1}","{""challenges"": 4, ""risk"": 3, ""failure"": 1, ""under"": 1}"
2011-09-13,"Introductory remarks by Dr Monde Mnyande, Chief Economist and Adviser to the Governor at the launch of the September 2011 Quarterly Bulletin of the South African Reserve Bank",Monde Mnyande,html,1.1489,74,20,1842,"{""most"": 2, ""more"": 8, ""growth"": 26, ""strong"": 2, ""high"": 2, ""rising"": 2, ""increased"": 2, ""good"": 2, ""up"": 6, ""higher"": 2, ""positive"": 2, ""stronger"": 2, ""achieve"": 2, ""above"": 4, ""achieving"": 2, ""risen"": 2, ""increase"": 4, ""rose"": 2}","{""disappointing"": 2, ""least"": 4, ""deteriorated"": 2, ""uncertainty"": 2, ""low"": 4, ""declined"": 2, ""decline"": 2, ""below"": 2}"
2011-10-18,"Keynote address by Daniel Mminele, Deputy Governor, South African Reserve Bank, at the Bank of America Merrill Lynch 10th Annual Investor-to-Corporate Conference 2011, Cape Town, 18 October 2011 ​ ",Daniel Mminele,pdf,0.6389,95,49,2827,"{""growth"": 26, ""good"": 1, ""stronger"": 4, ""more"": 7, ""rising"": 6, ""high"": 5, ""better"": 1, ""strong"": 2, ""most"": 4, ""higher"": 9, ""rise"": 7, ""up"": 3, ""increase"": 2, ""certain"": 2, ""increased"": 3, ""above"": 4, ""best"": 1, ""achieve"": 1, ""increases"": 2, ""increasing"": 1, ""growing"": 1, ""record"": 1, ""leading"": 1, ""grew"": 1}","{""risks"": 10, ""difficult"": 3, ""fallen"": 1, ""challenges"": 3, ""down"": 2, ""worst"": 1, ""fall"": 1, ""worsen"": 1, ""risk"": 4, ""under"": 1, ""low"": 2, ""decline"": 2, ""below"": 4, ""disappointing"": 2, ""weak"": 3, ""declining"": 1, ""falling"": 1, ""declines"": 1, ""lower"": 3, ""uncertain"": 1, ""less"": 1, ""challenge"": 1}"
2011-11-15,"Address by Gill Marcus,Governor of the South African Reserve Bank,to the Swiss Chamber Southern Africa, Johannesburg, 15 November 2011.​",Gill Marcus,pdf,0.0917,57,52,3070,"{""opportunity"": 1, ""high"": 2, ""up"": 2, ""more"": 10, ""increasing"": 2, ""expand"": 1, ""higher"": 4, ""growth"": 11, ""increased"": 3, ""exceeded"": 2, ""highest"": 1, ""grow"": 1, ""increase"": 1, ""achieve"": 1, ""best"": 1, ""achieved"": 1, ""achieving"": 2, ""better"": 1, ""good"": 1, ""strong"": 2, ""successful"": 1, ""most"": 1, ""greater"": 1, ""above"": 1, ""rising"": 1, ""improving"": 1, ""strengthen"": 1}","{""risks"": 9, ""challenges"": 2, ""uncertain"": 1, ""difficult"": 4, ""less"": 1, ""uncertainty"": 2, ""low"": 4, ""risk"": 11, ""down"": 1, ""worst"": 2, ""smaller"": 1, ""least"": 1, ""negative"": 2, ""weakness"": 1, ""risky"": 1, ""falling"": 1, ""under"": 1, ""fall"": 1, ""challenge"": 1, ""lower"": 1, ""below"": 1, ""deteriorate"": 1, ""weak"": 1, ""challenging"": 1}"
2012-03-02,"Lesetja Kganyago, Deputy Governor of the South African Reserve Bank, at the Lereko Metier Capital Growth Fund Investor Conference Mount Grace, Magaliesburg,1 March 2012.​",,pdf,1.0976,127,37,3304,"{""growth"": 27, ""more"": 15, ""strong"": 4, ""rising"": 4, ""increased"": 10, ""stronger"": 9, ""improved"": 1, ""grew"": 2, ""rise"": 4, ""rose"": 2, ""positive"": 2, ""high"": 9, ""most"": 2, ""grown"": 2, ""better"": 5, ""strengthened"": 1, ""higher"": 2, ""improvement"": 1, ""up"": 2, ""exceeding"": 1, ""increase"": 2, ""increases"": 1, ""achieve"": 2, ""growing"": 4, ""good"": 1, ""grow"": 1, ""strength"": 1, ""greater"": 1, ""achieving"": 1, ""achieved"": 1, ""strengthening"": 1, ""strengthen"": 1, ""improvements"": 1, ""best"": 2, ""improve"": 2}","{""less"": 4, ""weakening"": 1, ""fell"": 1, ""decline"": 1, ""falling"": 1, ""uncertainty"": 1, ""lower"": 5, ""risky"": 1, ""declined"": 1, ""risk"": 5, ""negative"": 1, ""fall"": 4, ""drop"": 1, ""down"": 1, ""challenge"": 2, ""challenges"": 3, ""risks"": 1, ""worsening"": 1, ""weak"": 1, ""low"": 1}"
2012-03-15,"Address by Gill Marcus Governor of the South African Reserve Bank, to the Volkswagen South Africa Strategic Conversation Dinner, Sandton, 15 March, 2012",Gill Marcus Governor,pdf,0.55,102,58,3772,"{""opportunity"": 1, ""better"": 1, ""growth"": 41, ""rising"": 3, ""increasing"": 3, ""growing"": 2, ""more"": 16, ""good"": 2, ""opportunities"": 1, ""increase"": 4, ""achieve"": 1, ""strong"": 1, ""increased"": 2, ""up"": 2, ""grow"": 1, ""rise"": 1, ""high"": 7, ""leading"": 1, ""improve"": 2, ""improved"": 1, ""positive"": 2, ""increases"": 1, ""higher"": 2, ""best"": 1, ""encouraging"": 1, ""most"": 1, ""successful"": 1}","{""difficult"": 7, ""challenging"": 2, ""weak"": 2, ""worst"": 1, ""declined"": 3, ""risks"": 6, ""uncertainty"": 1, ""under"": 4, ""risk"": 4, ""decline"": 4, ""low"": 3, ""negative"": 8, ""fall"": 1, ""below"": 3, ""less"": 1, ""declining"": 1, ""down"": 1, ""deteriorate"": 1, ""challenge"": 2, ""least"": 1, ""failure"": 1, ""worse"": 1}"
2012-03-19,"Introductory remarks by Dr Monde Mnyande, Chief Economist and Adviser to the Governor at the launch of the March 2012 Quarterly Bulletin of the South African Reserve Bank 19 March 2012, Conference Centre Auditorium",Monde Mnyande,pdf,1.5472,47,6,1194,"{""more"": 6, ""positive"": 2, ""growth"": 6, ""expanded"": 1, ""higher"": 4, ""improvement"": 1, ""rose"": 3, ""up"": 2, ""increase"": 4, ""growing"": 1, ""rising"": 2, ""increases"": 7, ""increasing"": 2, ""improved"": 1, ""high"": 1, ""grow"": 1, ""above"": 3}","{""disappointing"": 1, ""least"": 2, ""below"": 2, ""lower"": 1}"
2012-04-25,"An Address by Lesetja Kganyago, Deputy Governor of the South African Reserve Bank, at the NEPAD Business Foundation on 17 April 2012",Lesetja Kganyago,pdf,1.075,123,37,3796,"{""most"": 9, ""stronger"": 3, ""higher"": 2, ""growth"": 26, ""growing"": 9, ""risen"": 1, ""leading"": 1, ""up"": 5, ""grew"": 2, ""increased"": 8, ""grow"": 5, ""greater"": 1, ""more"": 7, ""rising"": 1, ""rise"": 3, ""rises"": 3, ""rose"": 1, ""improve"": 1, ""expanded"": 1, ""strong"": 5, ""achieving"": 1, ""expanding"": 1, ""positive"": 2, ""opportunities"": 1, ""expand"": 1, ""good"": 1, ""better"": 3, ""largest"": 1, ""delivered"": 1, ""high"": 4, ""exceeding"": 1, ""increase"": 1, ""increases"": 2, ""grown"": 2, ""best"": 2, ""strength"": 1, ""grows"": 1, ""strengthen"": 1, ""strengthening"": 2}","{""weakening"": 1, ""declined"": 3, ""deteriorating"": 1, ""disappointing"": 1, ""least"": 2, ""weak"": 2, ""down"": 3, ""lower"": 2, ""negative"": 2, ""fallen"": 2, ""decline"": 1, ""low"": 4, ""under"": 1, ""obstacles"": 1, ""less"": 1, ""weakened"": 1, ""fall"": 2, ""challenges"": 1, ""risks"": 1, ""worsening"": 1, ""risk"": 1, ""weakness"": 1, ""falls"": 1, ""depressed"": 1}"
2012-05-07,"Address by Gill Marcus, Governor of the South African Reserve Bank To the Swiss Chamber Southern Africa, Zurich, 7 May 2012",Gill Marcus,pdf,0.3363,66,47,4073,"{""good"": 1, ""rising"": 2, ""deliver"": 1, ""more"": 13, ""positive"": 2, ""greater"": 3, ""increased"": 6, ""up"": 1, ""higher"": 5, ""growth"": 6, ""increase"": 4, ""high"": 5, ""most"": 3, ""larger"": 2, ""strong"": 1, ""achieved"": 1, ""certainty"": 1, ""achieve"": 1, ""increases"": 1, ""certain"": 1, ""progress"": 1, ""expanded"": 1, ""above"": 1, ""improve"": 2, ""opportunity"": 1}","{""challenges"": 4, ""challenge"": 1, ""low"": 4, ""under"": 2, ""worst"": 1, ""difficult"": 3, ""risk"": 11, ""declined"": 1, ""less"": 2, ""negative"": 4, ""weakened"": 1, ""challenging"": 1, ""uncertainty"": 2, ""lower"": 4, ""lowest"": 1, ""declines"": 1, ""worse"": 1, ""smaller"": 2, ""uncertain"": 1}"
2012-05-10,"Address by Mr Daniel Mminele, Deputy Governor of the South African Reserve Bank, at the 6th Annual Cocktail Function of the Financial Markets Department, Pretoria, 10 May 2012",Daniel Mminele,pdf,0.5263,60,35,3019,"{""good"": 2, ""strong"": 2, ""rise"": 3, ""increased"": 5, ""increasing"": 2, ""expanded"": 1, ""positive"": 4, ""more"": 7, ""opportunity"": 1, ""strengthening"": 1, ""improve"": 1, ""solid"": 4, ""growth"": 9, ""rising"": 1, ""most"": 2, ""increase"": 1, ""expansion"": 1, ""above"": 1, ""achieved"": 1, ""up"": 3, ""record"": 1, ""higher"": 1, ""improved"": 4, ""better"": 1, ""high"": 1}","{""risks"": 5, ""challenges"": 5, ""threat"": 1, ""under"": 1, ""fall"": 1, ""risk"": 10, ""weakness"": 1, ""declined"": 3, ""falling"": 1, ""less"": 1, ""uncertain"": 2, ""falls"": 1, ""decline"": 1, ""weakened"": 1, ""challenging"": 1}"
2012-05-30,"Address by Gill Marcus, Governor of the South African Reserve Bank At the Gordon Institute of Business Science (GIBS) Johannesburg, 30 May 2012",Gill Marcus,pdf,0.75,121,55,4515,"{""good"": 1, ""opportunity"": 2, ""leading"": 2, ""up"": 8, ""more"": 14, ""most"": 5, ""successful"": 2, ""growth"": 33, ""increased"": 6, ""achieve"": 1, ""achieving"": 1, ""increasing"": 4, ""positive"": 1, ""expansion"": 1, ""high"": 9, ""rising"": 3, ""risen"": 1, ""deliver"": 1, ""growing"": 5, ""above"": 2, ""exceeded"": 1, ""better"": 2, ""strong"": 2, ""best"": 2, ""progress"": 2, ""success"": 1, ""greater"": 2, ""increases"": 2, ""record"": 1, ""increase"": 1, ""higher"": 2, ""expanded"": 1}","{""challenges"": 6, ""lower"": 1, ""low"": 10, ""difficult"": 5, ""threat"": 1, ""negative"": 5, ""below"": 3, ""falling"": 3, ""challenge"": 1, ""weakness"": 1, ""less"": 1, ""under"": 1, ""down"": 2, ""fall"": 1, ""risks"": 3, ""risk"": 4, ""declined"": 3, ""declining"": 1, ""deteriorated"": 1, ""uncertain"": 1, ""uncertainty"": 1}"
2012-05-31,"Address by Daniel Mminele, Deputy Governor of the South African Reserve Bank, at the Rand Merchant Bank FICC Research Macro Forum, Cape Town. 31 May 2012",Daniel Mminele,pdf,0.6329,52,27,2863,"{""good"": 1, ""expansion"": 1, ""best"": 3, ""more"": 7, ""achieved"": 1, ""growth"": 6, ""rise"": 1, ""higher"": 2, ""most"": 3, ""better"": 1, ""up"": 3, ""achieving"": 2, ""increases"": 3, ""high"": 7, ""succeeds"": 1, ""larger"": 1, ""strengthening"": 2, ""greatest"": 1, ""increase"": 1, ""improve"": 1, ""opportunity"": 1, ""increasing"": 1, ""encouraging"": 1, ""certain"": 1}","{""uncertain"": 1, ""challenges"": 3, ""least"": 2, ""less"": 3, ""challenged"": 1, ""risk"": 9, ""lower"": 2, ""risks"": 1, ""low"": 1, ""under"": 2, ""decline"": 1, ""negative"": 1}"
2012-06-07,"Address by Gill Marcus, Governor of the South African Reserve Bank At the gala dinner of Numsa’s 9th National Conference, eThekwini, 7 June 2012",Gill Marcus,pdf,0.4167,116,76,4637,"{""opportunities"": 2, ""growth"": 39, ""high"": 15, ""more"": 10, ""rising"": 1, ""definite"": 1, ""increasing"": 3, ""most"": 4, ""increased"": 3, ""expanding"": 1, ""higher"": 6, ""growing"": 1, ""strength"": 1, ""improvement"": 2, ""grown"": 1, ""increase"": 3, ""above"": 2, ""good"": 2, ""exceeds"": 1, ""achieve"": 5, ""up"": 2, ""greater"": 2, ""increases"": 4, ""expanded"": 1, ""delivering"": 1, ""achievement"": 1, ""successful"": 1, ""better"": 1}","{""challenges"": 5, ""difficult"": 2, ""worsening"": 1, ""uncertain"": 2, ""worsen"": 1, ""risks"": 5, ""low"": 7, ""negative"": 4, ""weak"": 4, ""depressed"": 1, ""down"": 3, ""deteriorated"": 2, ""risk"": 9, ""uncertainty"": 2, ""deteriorating"": 2, ""declining"": 1, ""lower"": 1, ""declines"": 1, ""fallen"": 1, ""falling"": 1, ""decline"": 2, ""declined"": 5, ""under"": 4, ""below"": 2, ""worse"": 1, ""worst"": 1, ""deteriorate"": 1, ""challenge"": 1, ""lowest"": 1, ""challenging"": 1, ""weakness"": 1, ""falls"": 1}"
2012-06-11,"Remarks by Daniel Mminele, Deputy Governor of the South African Reserve Bank, at the launch of the Foundational Payment Systems Course, Johannesburg, 11 June 2012",Daniel Mminele,pdf,1.0303,25,8,1744,"{""good"": 1, ""successful"": 2, ""achieved"": 2, ""most"": 4, ""expand"": 1, ""increased"": 1, ""improvements"": 1, ""success"": 4, ""achievements"": 1, ""grow"": 1, ""best"": 1, ""more"": 4, ""growth"": 1, ""greater"": 1}","{""failure"": 2, ""risk"": 3, ""fail"": 1, ""challenge"": 1, ""challenges"": 1}"
2012-06-21,"Introductory remarks by Johan van den Heever,  Deputy Chief Economist of the South African Reserve Bank at the release of the June 2012 Quarterly Bulletin",Johan,pdf,0.9903,77,26,2071,"{""growth"": 13, ""rose"": 6, ""more"": 7, ""most"": 5, ""rise"": 4, ""larger"": 3, ""higher"": 4, ""strengthening"": 2, ""risen"": 1, ""exceed"": 1, ""increased"": 2, ""increase"": 8, ""stronger"": 2, ""greater"": 1, ""strong"": 3, ""increasing"": 2, ""improved"": 1, ""improvement"": 2, ""strongest"": 1, ""opportunities"": 1, ""increases"": 1, ""up"": 3, ""better"": 1, ""high"": 1, ""exceeded"": 1, ""rising"": 1}","{""disappointing"": 1, ""weakening"": 2, ""under"": 2, ""declined"": 1, ""lower"": 2, ""risk"": 1, ""deteriorated"": 1, ""negative"": 3, ""unsettled"": 1, ""weak"": 1, ""decline"": 2, ""low"": 3, ""declining"": 2, ""risks"": 2, ""smaller"": 1, ""below"": 1}"
2012-07-23,"Remarks by Dr Monde Mnyande, Chief Economist of the South African Reserve Bank, on selected highlights from the Annual Economic Report of the Bank at its media launch in Conference Room B, S A Reserve Bank Conference Centre, on Monday, 23 July 2012",Monde Mnyande,html,0.9714,52,18,1794,"{""greatest"": 2, ""high"": 4, ""strong"": 4, ""more"": 4, ""increased"": 2, ""increases"": 2, ""growth"": 12, ""improved"": 2, ""increasing"": 2, ""rising"": 2, ""higher"": 4, ""stronger"": 2, ""increase"": 2, ""deliver"": 2, ""up"": 2, ""exceeding"": 2, ""most"": 2}","{""disappointing"": 2, ""risk"": 2, ""difficult"": 2, ""less"": 2, ""below"": 2, ""decreasing"": 2, ""shrinking"": 2, ""weakened"": 2, ""decrease"": 2}"
2012-07-25,"Address by Daniel Mminele, Deputy Governor of the South African Reserve Bank, at the Luncheon of the Southern African – German Chamber of Commerce and Industry, Johannesburg, 25 July 2012",Daniel Mminele,pdf,0.6154,68,36,3032,"{""good"": 1, ""more"": 12, ""increasing"": 2, ""most"": 8, ""growth"": 13, ""success"": 2, ""better"": 2, ""rises"": 1, ""increases"": 2, ""certain"": 2, ""strengthened"": 1, ""achieving"": 2, ""higher"": 5, ""achieve"": 1, ""growing"": 1, ""high"": 1, ""improve"": 1, ""positive"": 1, ""increased"": 2, ""rise"": 3, ""improved"": 1, ""strong"": 2, ""grown"": 1, ""expanded"": 1}","{""uncertainty"": 2, ""threat"": 1, ""worse"": 1, ""low"": 4, ""failing"": 1, ""lower"": 7, ""down"": 1, ""declines"": 1, ""risk"": 2, ""least"": 1, ""uncertain"": 1, ""challenge"": 2, ""drop"": 1, ""difficult"": 1, ""under"": 1, ""challenges"": 3, ""below"": 2, ""declined"": 1, ""lowest"": 1, ""risks"": 2}"
2012-07-27,"Governor's Address at the Ninety-Second Ordinary General Meeting (AGM) of shareholders held on Friday, 27 July 2012 at 10:00 ",,pdf,0.1149,46,41,2186,"{""positive"": 1, ""growth"": 20, ""more"": 5, ""larger"": 1, ""risen"": 1, ""high"": 1, ""strong"": 2, ""increases"": 1, ""increased"": 2, ""achieve"": 1, ""most"": 3, ""greater"": 1, ""above"": 1, ""stronger"": 1, ""progress"": 2, ""strengthening"": 1, ""strengthened"": 1, ""up"": 1}","{""challenging"": 2, ""worse"": 1, ""challenges"": 3, ""deteriorated"": 4, ""down"": 3, ""negative"": 5, ""less"": 1, ""weak"": 1, ""failure"": 1, ""declined"": 1, ""risks"": 9, ""lower"": 1, ""below"": 1, ""deteriorating"": 2, ""declining"": 1, ""under"": 1, ""challenge"": 2, ""risk"": 1, ""low"": 1}"
2012-07-28,"Address by Gill Marcus, Governor of the South African Reserve Bank to the South African National Editors’ Forum (SANEF) at the Nat Nakasa Awards, Durban, 28 July 2012",Gill Marcus,pdf,0.7416,61,28,4094,"{""good"": 3, ""opportunity"": 3, ""most"": 1, ""better"": 4, ""more"": 15, ""up"": 5, ""greater"": 4, ""growth"": 6, ""achieving"": 1, ""achieve"": 2, ""increased"": 2, ""improved"": 1, ""succeeded"": 1, ""best"": 3, ""higher"": 1, ""certain"": 2, ""increase"": 1, ""high"": 1, ""successful"": 1, ""improvement"": 1, ""leading"": 1, ""expansion"": 1, ""above"": 1}","{""under"": 2, ""uncertainty"": 4, ""fail"": 1, ""least"": 1, ""risks"": 4, ""less"": 2, ""risk"": 4, ""difficult"": 3, ""uncertain"": 1, ""deteriorate"": 1, ""downturn"": 1, ""declined"": 1, ""lower"": 1, ""declining"": 1, ""challenging"": 1}"
2012-07-31,"Address by Gill Marcus, Governor of the South African Reserve Bank, at the ORT SA Fundraising Dinner, Sandton, 31st July 2012",Gill Marcus,pdf,0.6433,113,58,4167,"{""more"": 18, ""growth"": 42, ""opportunities"": 1, ""good"": 5, ""best"": 1, ""enjoy"": 1, ""grew"": 2, ""up"": 2, ""increased"": 10, ""expanding"": 1, ""risen"": 1, ""grown"": 1, ""rise"": 1, ""increases"": 3, ""increase"": 3, ""higher"": 3, ""achieve"": 3, ""most"": 3, ""better"": 1, ""achieved"": 1, ""strong"": 4, ""improved"": 2, ""increasing"": 1, ""positive"": 1, ""expansion"": 1, ""growing"": 1}","{""challenges"": 3, ""difficult"": 3, ""challenging"": 1, ""risks"": 4, ""downturn"": 7, ""falling"": 1, ""declined"": 2, ""lowest"": 1, ""low"": 3, ""negative"": 7, ""disappointed"": 1, ""worsens"": 1, ""under"": 3, ""falls"": 1, ""fall"": 1, ""less"": 3, ""least"": 2, ""worse"": 1, ""declining"": 2, ""declines"": 1, ""risk"": 4, ""lower"": 1, ""decline"": 2, ""below"": 1, ""deteriorated"": 1, ""weakening"": 1}"
2012-08-21,"Address by Gill Marcus, Governor of the South African Reserve Bank at the Noah Gala fund-raising dinner, Sandton, 21st August 2012",Gill Marcus,pdf,0.9593,91,32,3049,"{""more"": 6, ""positive"": 4, ""achieve"": 2, ""stronger"": 1, ""success"": 1, ""improve"": 1, ""growth"": 43, ""larger"": 1, ""risen"": 1, ""growing"": 1, ""increases"": 3, ""increased"": 3, ""improved"": 1, ""increase"": 5, ""most"": 3, ""high"": 1, ""higher"": 4, ""grow"": 2, ""up"": 2, ""strong"": 2, ""grew"": 3, ""strength"": 1}","{""difficult"": 3, ""negative"": 6, ""deteriorating"": 2, ""declined"": 4, ""shrunk"": 1, ""under"": 2, ""declining"": 1, ""challenges"": 3, ""worst"": 1, ""below"": 1, ""deteriorate"": 1, ""challenging"": 2, ""weak"": 1, ""down"": 1, ""risks"": 1, ""decline"": 2}"
2012-09-05,"Address by Gill Marcus, Governor of the South African Reserve Bank, at the launch of the communications campaign for the Mandela banknote series. South African Reserve Bank, Pretoria, Wednesday, 5 September 2012",Gill Marcus,pdf,2.0,4,0,869,"{""good"": 1, ""best"": 1, ""growth"": 1, ""more"": 1}",{}
2012-09-06,"Address by Deputy Governor Daniel Mminele at the SWIFT Business Forum, Johannesburg, 06 September 2012",Deputy Governor Daniel Mminele,pdf,0.9254,49,18,2917,"{""good"": 1, ""best"": 5, ""higher"": 1, ""strong"": 1, ""most"": 3, ""growth"": 3, ""largest"": 1, ""increasing"": 2, ""greater"": 1, ""grow"": 1, ""opportunities"": 2, ""opportunity"": 3, ""leading"": 2, ""up"": 2, ""achieved"": 2, ""achievements"": 3, ""increase"": 2, ""more"": 4, ""highest"": 2, ""grown"": 1, ""record"": 1, ""encouraged"": 1, ""achievement"": 2, ""high"": 1, ""improving"": 2}","{""least"": 1, ""smaller"": 1, ""failure"": 1, ""decline"": 1, ""less"": 1, ""under"": 1, ""shrinking"": 1, ""low"": 1, ""risks"": 1, ""risk"": 6, ""fails"": 1, ""challenges"": 1, ""difficult"": 1}"
2012-10-02,"Address by Gill Marcus, Governor of the South African Reserve Bank to the Nordic Business Chamber of South Africa, 2 October 2012",Gill Marcus,pdf,1.038,120,38,3953,"{""good"": 1, ""grown"": 1, ""growth"": 31, ""improve"": 2, ""increases"": 3, ""high"": 3, ""higher"": 3, ""rising"": 4, ""grow"": 4, ""grew"": 2, ""strong"": 2, ""strengthened"": 1, ""up"": 4, ""stronger"": 3, ""better"": 1, ""rose"": 1, ""rise"": 1, ""increased"": 7, ""more"": 18, ""increasing"": 1, ""increase"": 2, ""above"": 1, ""encouraging"": 1, ""achieving"": 3, ""larger"": 2, ""achieve"": 3, ""most"": 5, ""greatest"": 1, ""opportunity"": 1, ""greater"": 2, ""certain"": 1, ""growing"": 1, ""achieved"": 1, ""expand"": 2, ""opportunities"": 1}","{""uncertainty"": 1, ""challenges"": 2, ""weakened"": 1, ""risks"": 4, ""weak"": 2, ""risk"": 6, ""least"": 1, ""deteriorated"": 1, ""falls"": 1, ""difficult"": 3, ""low"": 1, ""less"": 2, ""decline"": 2, ""declining"": 1, ""decreases"": 1, ""under"": 1, ""negative"": 1, ""weaken"": 1, ""fall"": 2, ""lower"": 3, ""declined"": 1}"
2012-10-02,"Address by Daniel Mminele, Deputy Governor of the South African Reserve Bank, at the Gordon Institute of Business Science Conference on Flourishing in Financial Markets Post Crisis – How do we achieve this? Johannesburg, 2 October 2012",Daniel Mminele,pdf,1.0256,59,19,2554,"{""achieve"": 6, ""good"": 4, ""growth"": 4, ""rising"": 1, ""larger"": 1, ""success"": 1, ""encouraged"": 1, ""increased"": 3, ""improving"": 1, ""more"": 6, ""encouraging"": 2, ""strengthened"": 1, ""better"": 5, ""successful"": 1, ""up"": 1, ""certain"": 1, ""most"": 2, ""best"": 5, ""improvement"": 1, ""higher"": 1, ""strengthening"": 2, ""achieving"": 1, ""strong"": 1, ""achieved"": 1, ""strength"": 2, ""opportunities"": 1, ""positive"": 1, ""opportunity"": 2}","{""deteriorating"": 1, ""lower"": 2, ""risks"": 5, ""weaknesses"": 1, ""least"": 2, ""failure"": 1, ""risk"": 5, ""under"": 1, ""challenge"": 1}"
2012-10-10,"Address by Gill Marcus, Governor of the South African Reserve Bank to the Rhodes University Business School strategic conversation series, Grahamstown, 10 October 2012.",Gill Marcus,pdf,0.5155,61,36,3732,"{""opportunity"": 2, ""growth"": 6, ""more"": 11, ""increasing"": 1, ""success"": 1, ""up"": 6, ""rewards"": 1, ""increased"": 3, ""increases"": 3, ""rise"": 1, ""expansion"": 2, ""increase"": 2, ""leading"": 1, ""greater"": 3, ""certain"": 1, ""high"": 4, ""most"": 3, ""larger"": 1, ""higher"": 1, ""achieved"": 1, ""above"": 1, ""achieve"": 1, ""strengthen"": 1, ""better"": 1, ""good"": 2, ""growing"": 1}","{""negative"": 6, ""below"": 1, ""less"": 1, ""under"": 3, ""shrinking"": 1, ""failure"": 1, ""down"": 1, ""risk"": 2, ""uncertainty"": 1, ""downturn"": 3, ""decreases"": 1, ""fall"": 1, ""declines"": 2, ""weak"": 2, ""risks"": 1, ""difficult"": 5, ""challenging"": 2, ""low"": 1, ""challenge"": 1}"
2012-10-12,"Address by Gill Marcus, Governor of the South African Reserve Bank, at the Partners in Performance 2012 Celebration Lunch at the Maths Centre, Braamfontein, 12 October 2012",Gill Marcus,pdf,0.6789,73,36,4307,"{""good"": 2, ""achieved"": 3, ""grow"": 1, ""more"": 10, ""greater"": 1, ""better"": 2, ""increase"": 2, ""highest"": 1, ""successes"": 1, ""opportunities"": 2, ""most"": 5, ""success"": 5, ""achievement"": 3, ""high"": 4, ""higher"": 1, ""successful"": 3, ""excellent"": 1, ""best"": 5, ""above"": 1, ""up"": 4, ""positive"": 3, ""improvement"": 1, ""strength"": 1, ""progress"": 1, ""achieve"": 1, ""strong"": 1, ""opportunity"": 4, ""improving"": 1, ""increasing"": 1, ""deliver"": 1, ""growth"": 1}","{""under"": 1, ""low"": 1, ""risk"": 1, ""least"": 5, ""failing"": 1, ""failure"": 1, ""fall"": 3, ""declined"": 1, ""decreased"": 2, ""down"": 1, ""decrease"": 1, ""difficult"": 1, ""less"": 2, ""challenges"": 3, ""challenge"": 11, ""challenging"": 1}"
2012-10-12,Address by Francois Groepe Deputy Governor of the South African Reserve Bank 3rd UBS Economics Conference Cape Town 12 October 2012,Francois Groepe Deputy Governor,pdf,1.3005,151,32,3344,"{""growth"": 61, ""most"": 4, ""achievement"": 1, ""opportunity"": 1, ""successful"": 1, ""high"": 4, ""higher"": 5, ""rising"": 2, ""expands"": 1, ""rise"": 1, ""positive"": 4, ""more"": 8, ""achieving"": 6, ""achieved"": 4, ""achieve"": 3, ""strengthen"": 1, ""up"": 3, ""opportunities"": 3, ""improved"": 3, ""strengthened"": 1, ""above"": 1, ""better"": 4, ""improve"": 2, ""increasing"": 1, ""improvement"": 1, ""increase"": 3, ""succeed"": 1, ""improving"": 3, ""certainty"": 1, ""growing"": 2, ""increased"": 3, ""risen"": 1, ""greater"": 3, ""increases"": 2, ""exceeded"": 1, ""encouraged"": 1, ""delivers"": 1, ""best"": 2, ""delivering"": 1}","{""less"": 6, ""low"": 7, ""difficult"": 2, ""challenges"": 2, ""decrease"": 1, ""challenging"": 1, ""uncertain"": 1, ""down"": 1, ""negative"": 1, ""uncertainty"": 1, ""declined"": 3, ""risk"": 2, ""lower"": 1, ""weaknesses"": 1, ""weak"": 1, ""under"": 1}"
2012-10-14,"Address by Daniel Mminele, Deputy Governor of the South African Reserve Bank, at the JP Morgan Investor Seminar, ANA Intercontinental Hotel, Tokyo, 14 October 2012",Daniel Mminele,pdf,0.422,66,43,2817,"{""growth"": 19, ""good"": 1, ""most"": 6, ""expansion"": 3, ""stronger"": 2, ""grown"": 1, ""best"": 2, ""above"": 2, ""up"": 4, ""higher"": 5, ""more"": 8, ""strong"": 2, ""encouraged"": 1, ""strongest"": 1, ""increased"": 1, ""largest"": 2, ""solid"": 1, ""greater"": 1, ""encouraging"": 1, ""strength"": 1, ""high"": 1, ""increase"": 1}","{""challenge"": 2, ""down"": 1, ""risk"": 9, ""lower"": 3, ""downturn"": 1, ""fallen"": 2, ""below"": 3, ""negative"": 1, ""less"": 2, ""decline"": 2, ""declined"": 1, ""risks"": 3, ""low"": 2, ""failure"": 1, ""least"": 1, ""worst"": 1, ""deteriorating"": 1, ""challenges"": 3, ""disappointing"": 1, ""weakness"": 1, ""failing"": 1, ""weakening"": 1}"
2012-10-19,"Address by Francois Groepe, Deputy Governor of the South African Reserve Bank, at the AHI National Congress, hosted at the Skukuza Convention Centre, Kruger National Park, 19 October 2012",Francois Groepe,pdf,1.1892,118,30,3928,"{""pleased"": 1, ""most"": 12, ""higher"": 5, ""more"": 21, ""high"": 6, ""opportunities"": 9, ""highest"": 2, ""achievements"": 2, ""achieved"": 1, ""certain"": 1, ""improved"": 1, ""rising"": 1, ""growth"": 12, ""encouraging"": 1, ""increasing"": 2, ""increase"": 3, ""expanding"": 2, ""greater"": 1, ""improve"": 2, ""expansion"": 3, ""growing"": 2, ""opportunity"": 1, ""grow"": 1, ""above"": 1, ""improvements"": 2, ""improvement"": 1, ""progress"": 1, ""increased"": 2, ""successful"": 1, ""improves"": 2, ""certainty"": 1, ""better"": 2, ""best"": 3, ""largest"": 3, ""larger"": 2, ""increases"": 1, ""accomplish"": 1, ""expand"": 2, ""success"": 1}","{""challenge"": 1, ""challenges"": 6, ""less"": 7, ""decline"": 1, ""under"": 2, ""falls"": 1, ""lower"": 1, ""low"": 6, ""risks"": 2, ""risk"": 1, ""obstacles"": 1, ""falling"": 1}"
2012-10-24,"Introductory remarks by Lesetja Kganyago, Deputy Governor of the South African Reserve Bank, at the launch of the September 2012 Financial Stability Review 24 October 2012",Lesetja Kganyago,pdf,-0.1818,20,24,1126,"{""growth"": 8, ""increased"": 4, ""high"": 1, ""improved"": 1, ""increases"": 1, ""increasing"": 1, ""progress"": 1, ""strengthening"": 1, ""strengthened"": 1, ""more"": 1}","{""risk"": 4, ""risks"": 2, ""challenging"": 2, ""weak"": 1, ""negative"": 1, ""threats"": 2, ""uncertainty"": 2, ""challenges"": 2, ""uncertain"": 3, ""down"": 1, ""declining"": 1, ""weakening"": 1, ""decline"": 1, ""under"": 1}"
2012-10-31,"Address by Daniel Mminele, Deputy Governor, South African Reserve Bank, at the G-20 Study Group, 31 October 2012, Southern Sun Pretoria",Daniel Mminele,pdf,0.9515,76,27,4148,"{""opportunities"": 4, ""good"": 1, ""best"": 3, ""better"": 1, ""highest"": 1, ""more"": 12, ""most"": 2, ""growth"": 14, ""up"": 6, ""achieve"": 1, ""strengthening"": 3, ""strong"": 4, ""strengthen"": 4, ""achieving"": 2, ""progress"": 1, ""succeed"": 1, ""leading"": 2, ""grows"": 1, ""opportunity"": 3, ""improving"": 1, ""encouraged"": 1, ""improvement"": 1, ""increasing"": 1, ""growing"": 2, ""expansion"": 1, ""successful"": 2, ""increased"": 1}","{""challenges"": 5, ""under"": 3, ""risks"": 1, ""threat"": 2, ""least"": 1, ""challenge"": 7, ""obstacle"": 1, ""difficulty"": 2, ""low"": 1, ""difficult"": 1, ""less"": 1, ""negative"": 1, ""risk"": 1}"
2012-11-28,"Address by Daniel Mminele, Deputy Governor of the South African Reserve Bank, at the Tradition dinner, Johannesburg, 28 November 2012",Daniel Mminele,pdf,0.4651,53,33,2815,"{""good"": 1, ""success"": 3, ""growth"": 12, ""more"": 7, ""above"": 2, ""increasing"": 2, ""stronger"": 1, ""greater"": 3, ""achieved"": 1, ""encouraged"": 1, ""most"": 1, ""increased"": 3, ""increases"": 1, ""strong"": 1, ""up"": 2, ""grow"": 1, ""positive"": 1, ""higher"": 6, ""certain"": 1, ""grew"": 1, ""improving"": 1, ""rising"": 1}","{""failing"": 1, ""under"": 5, ""below"": 1, ""risk"": 1, ""low"": 5, ""smaller"": 1, ""challenges"": 2, ""least"": 1, ""risks"": 4, ""threat"": 1, ""lower"": 1, ""less"": 2, ""negative"": 3, ""weakened"": 1, ""deteriorated"": 1, ""weakness"": 1, ""dropping"": 1, ""difficult"": 1}"
2012-11-30,"Address by Francois Groepe, Deputy Governor of the South African Reserve, Bank (SARB), at the launch of SAICA Northern Region Trainees Committee, hosted at the KPMG Crescent Building, Park Town, on 29 November 2012 ",Francois Groepe,pdf,0.4127,38,25,1401,"{""better"": 1, ""delivering"": 1, ""most"": 3, ""growth"": 13, ""increase"": 1, ""higher"": 2, ""leading"": 1, ""increased"": 1, ""expanded"": 1, ""risen"": 1, ""above"": 2, ""record"": 1, ""more"": 1, ""positive"": 2, ""strength"": 1, ""best"": 1, ""improved"": 2, ""up"": 1, ""succeeds"": 1, ""achieve"": 1}","{""less"": 2, ""risks"": 1, ""disappoint"": 1, ""uncertainty"": 2, ""lower"": 1, ""risk"": 1, ""challenging"": 1, ""down"": 1, ""deteriorate"": 1, ""declined"": 1, ""decline"": 2, ""low"": 2, ""shrunk"": 2, ""under"": 1, ""deteriorating"": 1, ""challenges"": 3, ""challenge"": 2}"
2013-03-07,"Address by Mr Daniel Mminele, Deputy Governor, South African Reserve Bank, at the Institutional Investor, Africa Sovereign Funds Roundtable, Cape Town, 07 March 2013",Daniel Mminele,pdf,0.1682,58,49,3281,"{""good"": 4, ""opportunity"": 4, ""strengthening"": 3, ""increase"": 4, ""higher"": 6, ""achieving"": 1, ""progress"": 1, ""up"": 6, ""achieved"": 1, ""exceeds"": 1, ""more"": 9, ""most"": 2, ""delivering"": 1, ""best"": 2, ""improving"": 2, ""improvement"": 1, ""greater"": 3, ""improve"": 1, ""high"": 1, ""solid"": 2, ""rise"": 1, ""increased"": 1, ""rising"": 1}","{""negative"": 1, ""low"": 5, ""penalties"": 1, ""risk"": 30, ""under"": 1, ""risks"": 1, ""challenge"": 1, ""challenges"": 5, ""worse"": 1, ""lower"": 1, ""challenging"": 1, ""difficult"": 1}"
2013-03-08,"Address by Gill Marcus, Governor of the South African Reserve Bank, at the workshop on “The Outlook for Financial Markets, for their Governance and for Finance,” Cernobbio, Italy 8-9 March, 2013 ",Gill Marcus,pdf,0.5938,83,45,3278,"{""opportunity"": 1, ""growth"": 19, ""most"": 7, ""stronger"": 2, ""positive"": 2, ""grow"": 2, ""more"": 10, ""increase"": 3, ""grew"": 2, ""largest"": 1, ""growing"": 1, ""higher"": 3, ""increased"": 2, ""increasing"": 1, ""up"": 2, ""rising"": 3, ""certainty"": 1, ""risen"": 1, ""improves"": 1, ""increases"": 2, ""achieved"": 1, ""expanded"": 1, ""achieving"": 1, ""above"": 2, ""high"": 3, ""improve"": 1, ""strong"": 1, ""strengthen"": 1, ""improved"": 1, ""improvements"": 1, ""progressing"": 1, ""good"": 1, ""opportunities"": 1, ""success"": 1}","{""challenging"": 3, ""downturn"": 1, ""difficult"": 2, ""weakness"": 1, ""lower"": 4, ""less"": 2, ""decline"": 4, ""negative"": 4, ""below"": 1, ""risk"": 7, ""disappointing"": 1, ""weak"": 2, ""low"": 4, ""declined"": 2, ""under"": 2, ""risks"": 1, ""challenge"": 3, ""challenges"": 1}"
2013-04-09,"Address by Rashad Cassim, Head of Research, South African Reserve Bank at the Reuters Economist of the year awards.",Rashad Cassim,pdf,1.2131,49,12,2761,"{""strong"": 2, ""best"": 1, ""more"": 9, ""growth"": 15, ""growing"": 3, ""expanded"": 1, ""high"": 1, ""increase"": 2, ""better"": 2, ""most"": 5, ""good"": 2, ""above"": 1, ""increases"": 1, ""improve"": 1, ""achieved"": 1, ""excellent"": 1, ""opportunity"": 1}","{""difficult"": 3, ""challenging"": 1, ""less"": 1, ""risks"": 1, ""below"": 1, ""difficulty"": 1, ""failure"": 1, ""risk"": 1, ""challenge"": 2}"
2013-04-09,"Address by Francois GroepeDeputy Governor of the South African Reserve Bank, IRBA’S Public Practice Examination Function - Johannesburg:9 April 2013",Francois GroepeDeputy Governor,pdf,1.2105,61,15,2121,"{""growth"": 9, ""most"": 3, ""achieved"": 2, ""beat"": 1, ""strength"": 1, ""best"": 2, ""high"": 3, ""good"": 4, ""opportunities"": 2, ""more"": 5, ""improve"": 5, ""up"": 3, ""better"": 1, ""improvement"": 3, ""greater"": 1, ""above"": 2, ""certain"": 1, ""improvements"": 1, ""higher"": 1, ""increase"": 1, ""largest"": 1, ""rise"": 1, ""grow"": 1, ""opportunity"": 1, ""improved"": 2, ""grows"": 1, ""succeeds"": 1, ""achievement"": 1, ""progress"": 1}","{""risk"": 1, ""below"": 3, ""under"": 1, ""risky"": 1, ""shrunk"": 1, ""less"": 1, ""challenging"": 1, ""declined"": 1, ""decline"": 1, ""low"": 1, ""challenges"": 3}"
2013-04-19,"Address by Gill Marcus, Governor of the South African Reserve Bank at the Southern African-German Chamber of Commerce and Industry luncheon, Johannesburg, 19 April 2013",Gill Marcus,pdf,0.637,89,46,3600,"{""high"": 7, ""growth"": 18, ""better"": 3, ""rising"": 2, ""more"": 10, ""progress"": 2, ""higher"": 4, ""certain"": 1, ""positive"": 3, ""up"": 2, ""most"": 5, ""improvement"": 2, ""increased"": 3, ""increase"": 2, ""opportunities"": 1, ""growing"": 1, ""grow"": 1, ""largest"": 2, ""strong"": 5, ""expansion"": 1, ""improve"": 2, ""risen"": 1, ""increases"": 1, ""success"": 2, ""expand"": 1, ""greater"": 2, ""highest"": 1, ""record"": 1, ""best"": 1, ""achieve"": 1, ""strengthened"": 1}","{""challenging"": 2, ""less"": 1, ""risk"": 2, ""least"": 1, ""low"": 6, ""down"": 1, ""risks"": 4, ""below"": 2, ""weak"": 6, ""downturn"": 1, ""worse"": 1, ""difficult"": 2, ""challenges"": 2, ""worst"": 1, ""negative"": 2, ""fall"": 1, ""weakness"": 1, ""under"": 1, ""decline"": 1, ""deteriorating"": 1, ""lowest"": 1, ""weaknesses"": 1, ""fell"": 1, ""falls"": 1, ""deteriorated"": 1, ""uncertainty"": 1, ""challenge"": 1}"
2013-05-30,"Address by Deputy Governor Daniel Mminele at the 7th Annual Financial Markets Department Cocktail, 30 May 2013",Deputy Governor Daniel Mminele,pdf,0.4615,56,35,2949,"{""good"": 4, ""progress"": 4, ""more"": 9, ""opportunity"": 3, ""best"": 1, ""most"": 5, ""up"": 2, ""rewarding"": 1, ""success"": 2, ""improvement"": 2, ""higher"": 2, ""strengthening"": 1, ""growing"": 1, ""larger"": 1, ""increasing"": 2, ""increased"": 2, ""increase"": 3, ""rise"": 1, ""achieving"": 1, ""growth"": 1, ""certain"": 1, ""deliver"": 1, ""high"": 2, ""improve"": 1, ""better"": 1, ""rising"": 1, ""achieved"": 1}","{""challenging"": 1, ""least"": 1, ""challenges"": 6, ""uncertain"": 1, ""risks"": 4, ""unsettled"": 1, ""decline"": 2, ""risk"": 7, ""declines"": 3, ""weakness"": 1, ""lower"": 1, ""declined"": 1, ""difficult"": 1, ""less"": 1, ""risky"": 1, ""low"": 2, ""negative"": 1}"
2013-06-06,"Address by Gill Marcus, Governor of the South African Reserve Bank to the Bureau for Economic Research Annual Conference, Sandton, 6 June 2013",Gill Marcus,pdf,0.1734,94,79,4457,"{""delivered"": 1, ""expanding"": 2, ""growth"": 30, ""more"": 13, ""increasing"": 4, ""rising"": 2, ""up"": 6, ""grow"": 1, ""grew"": 1, ""high"": 7, ""expansion"": 2, ""increased"": 2, ""most"": 4, ""exceeds"": 1, ""positive"": 2, ""higher"": 1, ""above"": 3, ""greater"": 2, ""increases"": 2, ""increase"": 3, ""best"": 2, ""achievements"": 1, ""strong"": 1, ""expanded"": 1}","{""worse"": 1, ""least"": 1, ""challenges"": 7, ""low"": 13, ""risks"": 8, ""risk"": 6, ""uncertainty"": 2, ""deteriorated"": 1, ""weak"": 4, ""lower"": 4, ""difficult"": 5, ""challenge"": 2, ""lowest"": 1, ""below"": 3, ""declining"": 1, ""threat"": 1, ""uncertain"": 1, ""under"": 5, ""negative"": 2, ""less"": 2, ""weakness"": 1, ""risky"": 1, ""fall"": 2, ""fell"": 1, ""failure"": 2, ""difficulty"": 1, ""drop"": 1}"
2013-06-26,"Address by Gill Marcus, Governor of the South African Reserve Bank, to the FM Top Companies awards function Johannesburg, 26 June 2013",Gill Marcus,pdf,1.1314,137,38,3400,"{""best"": 2, ""high"": 12, ""good"": 2, ""strength"": 5, ""grow"": 6, ""more"": 18, ""achievements"": 1, ""growth"": 26, ""rising"": 3, ""higher"": 5, ""strong"": 8, ""strengthen"": 1, ""increase"": 2, ""most"": 3, ""above"": 1, ""enjoy"": 1, ""strengths"": 3, ""opportunities"": 3, ""greater"": 1, ""positive"": 1, ""progress"": 2, ""expand"": 1, ""improve"": 1, ""certain"": 1, ""certainty"": 2, ""improved"": 2, ""improvement"": 1, ""expanded"": 1, ""encouraging"": 1, ""growing"": 5, ""increased"": 3, ""rise"": 1, ""up"": 4, ""increases"": 1, ""greatest"": 1, ""larger"": 1, ""succeed"": 1, ""successful"": 1, ""largest"": 1, ""opportunity"": 1, ""successes"": 1}","{""difficult"": 8, ""uncertain"": 3, ""challenges"": 1, ""least"": 3, ""worse"": 1, ""lower"": 2, ""weak"": 3, ""low"": 4, ""risk"": 1, ""risks"": 5, ""weakness"": 1, ""declined"": 1, ""less"": 1, ""down"": 1, ""fall"": 1, ""fell"": 1, ""below"": 1}"
2013-07-23,"Address by Deputy Governor Francois Groepe to the the SAICA Southern Region Trainee Accountant Society, Port Elizabeth, 23 July 2013",Deputy Governor Francois Groepe,pdf,0.7119,40,19,1796,"{""growth"": 12, ""opportunity"": 1, ""best"": 2, ""rising"": 1, ""strong"": 1, ""most"": 2, ""risen"": 1, ""increase"": 1, ""higher"": 1, ""increases"": 1, ""achieving"": 1, ""achievement"": 2, ""more"": 3, ""positive"": 1, ""strength"": 1, ""opportunities"": 2, ""good"": 2, ""high"": 1, ""improved"": 2, ""improvement"": 1, ""up"": 1}","{""lower"": 2, ""down"": 2, ""risks"": 1, ""weakened"": 1, ""disappointing"": 1, ""low"": 1, ""risk"": 2, ""difficult"": 1, ""weakness"": 1, ""deteriorating"": 1, ""challenges"": 4, ""weak"": 1, ""challenge"": 1}"
2013-07-26,Address by Governor Gill Marcus at the Ninety-Third annual Ordinary General Meeting (AGM) of shareholders,Governor Gill Marcus,pdf,0.3188,40,29,2034,"{""growth"": 8, ""most"": 3, ""improving"": 1, ""rising"": 3, ""up"": 4, ""strong"": 1, ""more"": 1, ""expanded"": 3, ""good"": 2, ""progress"": 1, ""increasing"": 1, ""increased"": 3, ""success"": 1, ""increase"": 2, ""improve"": 1, ""growing"": 1, ""best"": 1, ""high"": 1, ""above"": 1, ""increases"": 1}","{""difficult"": 1, ""challenges"": 3, ""risks"": 6, ""down"": 3, ""downturn"": 1, ""challenge"": 1, ""uncertain"": 1, ""weakened"": 1, ""challenging"": 1, ""under"": 1, ""low"": 7, ""weakening"": 1, ""decreased"": 1, ""least"": 1}"
2013-07-31,"Address by Governor Gill Marcus at the 26th Annual Labour Law Conference, 31 July 2013",Governor Gill Marcus,pdf,1.1048,163,47,4707,"{""up"": 8, ""succeed"": 1, ""above"": 3, ""better"": 3, ""most"": 11, ""growth"": 36, ""increased"": 4, ""rising"": 6, ""high"": 13, ""more"": 21, ""higher"": 6, ""grows"": 2, ""rise"": 5, ""strong"": 2, ""increasing"": 1, ""greater"": 2, ""improve"": 2, ""achieve"": 2, ""opportunities"": 4, ""successful"": 1, ""improving"": 2, ""highest"": 1, ""progress"": 4, ""increase"": 2, ""grow"": 2, ""growing"": 4, ""larger"": 2, ""positive"": 1, ""increases"": 1, ""expands"": 1, ""strengthens"": 1, ""expanding"": 1, ""greatest"": 1, ""exceed"": 1, ""leading"": 1, ""certain"": 2, ""strengthen"": 1, ""encouraging"": 2}","{""uncertainty"": 1, ""challenges"": 4, ""least"": 3, ""below"": 2, ""risk"": 1, ""fall"": 1, ""difficult"": 6, ""less"": 3, ""low"": 11, ""lower"": 6, ""declining"": 2, ""weaknesses"": 2, ""fell"": 1, ""smaller"": 2, ""threat"": 1, ""weaken"": 1}"
2013-08-05,"Address by Deputy Governor Francois Groepe at the UNISA Economics and Beyond Seminar, Pretoria, 5 August 2013",Deputy Governor Francois Groepe,pdf,1.3556,151,29,3705,"{""growth"": 42, ""improve"": 4, ""higher"": 16, ""expand"": 1, ""most"": 9, ""growing"": 2, ""positive"": 3, ""rising"": 5, ""strong"": 3, ""strength"": 1, ""increased"": 1, ""increase"": 3, ""more"": 15, ""improving"": 1, ""progress"": 3, ""up"": 6, ""grow"": 1, ""achieve"": 4, ""good"": 3, ""high"": 6, ""greater"": 2, ""enjoy"": 1, ""best"": 2, ""record"": 1, ""success"": 2, ""rise"": 1, ""expansion"": 1, ""increasing"": 2, ""certainty"": 2, ""achieving"": 2, ""better"": 1, ""increases"": 1, ""rewards"": 1, ""improved"": 1, ""solid"": 2}","{""weak"": 2, ""below"": 1, ""low"": 5, ""risk"": 1, ""weakened"": 1, ""worst"": 1, ""lower"": 4, ""deteriorate"": 1, ""drop"": 1, ""challenges"": 3, ""weaknesses"": 1, ""shrink"": 1, ""fails"": 1, ""risks"": 1, ""less"": 1, ""difficult"": 2, ""risky"": 1, ""challenge"": 1}"
2013-08-07,"Address by Deputy Governor Daniel Mminele, South African Reserve Bank, at  the Opening Ceremony of the 1st South Africa-China Capital Market Forum  conference, Johannesburg, 7 August 2013",Deputy Governor Daniel Mminele,pdf,1.5152,58,8,2125,"{""growth"": 16, ""good"": 3, ""growing"": 3, ""improved"": 1, ""up"": 2, ""largest"": 3, ""most"": 4, ""more"": 5, ""opportunity"": 1, ""grow"": 1, ""improves"": 1, ""better"": 1, ""highest"": 1, ""strengthened"": 1, ""increase"": 1, ""improve"": 1, ""higher"": 1, ""improving"": 1, ""increasing"": 2, ""progress"": 1, ""record"": 1, ""increased"": 1, ""exceeding"": 1, ""leading"": 1, ""positive"": 1, ""success"": 1, ""strength"": 2}","{""threat"": 1, ""risks"": 1, ""low"": 1, ""weak"": 1, ""below"": 1, ""challenge"": 1, ""risk"": 1, ""least"": 1}"
2013-08-12,"Address by Daniel Mminele, Deputy Governor, South African Reserve Bank, at the 2013 Pictet annual global outlook, 12 August 2013",Daniel Mminele,pdf,0.4202,72,47,2967,"{""good"": 2, ""increasing"": 3, ""expand"": 1, ""improved"": 1, ""growth"": 16, ""stronger"": 3, ""increase"": 2, ""greater"": 3, ""up"": 1, ""most"": 1, ""more"": 16, ""enjoy"": 1, ""strength"": 1, ""higher"": 6, ""high"": 3, ""increased"": 1, ""rise"": 1, ""achieve"": 1, ""growing"": 1, ""certain"": 1, ""better"": 2, ""best"": 2, ""improve"": 2, ""improvement"": 1}","{""uncertain"": 3, ""less"": 3, ""lower"": 4, ""low"": 2, ""disappointing"": 2, ""disappointed"": 1, ""worse"": 1, ""downturn"": 1, ""risky"": 1, ""risks"": 7, ""decline"": 3, ""challenges"": 4, ""declining"": 1, ""risk"": 3, ""under"": 2, ""uncertainty"": 1, ""challenge"": 2, ""difficult"": 3, ""weak"": 1, ""threats"": 1, ""weakness"": 1}"
2013-08-15,"Address by Francois Groepe, Deputy Governor, South African Reserve Bank, to the Economics Department of the North West University, 15 August 2013",Francois Groepe,pdf,0.8283,70,29,2177,"{""expanded"": 4, ""opportunities"": 1, ""opportunity"": 1, ""positive"": 3, ""best"": 2, ""more"": 5, ""rising"": 5, ""most"": 4, ""grow"": 1, ""growth"": 24, ""certain"": 1, ""strong"": 2, ""stronger"": 1, ""success"": 1, ""increase"": 1, ""high"": 1, ""achieved"": 1, ""increased"": 1, ""risen"": 1, ""higher"": 2, ""achieve"": 1, ""better"": 3, ""up"": 1, ""achievement"": 1, ""achieving"": 1, ""greater"": 1}","{""below"": 1, ""worse"": 1, ""low"": 3, ""risk"": 7, ""fell"": 1, ""disappointing"": 1, ""down"": 1, ""weak"": 2, ""challenge"": 4, ""uncertain"": 1, ""challenges"": 2, ""negative"": 1, ""risks"": 1, ""less"": 1, ""weakened"": 1, ""least"": 1}"
2013-09-13,"Address by Daniel Mminele, Deputy Governor, South African Reserve Bank, at the 2013 Emerging Markets Dialogue on OTC Derivatives Reform, Johannesburg, 13 September 2013",Daniel Mminele,pdf,1.0189,40,13,2201,"{""good"": 1, ""deliver"": 1, ""success"": 1, ""strong"": 3, ""more"": 4, ""better"": 1, ""growth"": 4, ""achieve"": 2, ""progress"": 3, ""stronger"": 1, ""strengthened"": 1, ""growing"": 1, ""opportunity"": 1, ""expanded"": 1, ""expand"": 1, ""strengthen"": 2, ""encouraging"": 1, ""solid"": 2, ""positive"": 1, ""certain"": 1, ""high"": 1, ""most"": 2, ""opportunities"": 2, ""achieved"": 1, ""larger"": 1}","{""least"": 1, ""risk"": 3, ""challenging"": 1, ""challenge"": 1, ""challenges"": 5, ""under"": 1, ""less"": 1}"
2013-09-27,"Address by Gill Marcus, Governor of the South African Reserve Bank to the Black Management Forum Young Professionals Sandton, 27 September 2013",Gill Marcus,pdf,0.5672,86,48,3974,"{""opportunity"": 1, ""more"": 9, ""strong"": 3, ""grow"": 1, ""most"": 4, ""achieved"": 2, ""leading"": 1, ""increased"": 3, ""above"": 2, ""better"": 3, ""higher"": 2, ""positive"": 5, ""increasing"": 3, ""high"": 1, ""growth"": 23, ""success"": 1, ""stronger"": 1, ""progress"": 1, ""good"": 3, ""up"": 4, ""best"": 1, ""strength"": 1, ""leader"": 1, ""improving"": 1, ""rising"": 1, ""improve"": 4, ""increases"": 1, ""increase"": 1, ""improved"": 1, ""achievements"": 1}","{""lower"": 2, ""challenges"": 2, ""less"": 5, ""below"": 1, ""worsening"": 1, ""risky"": 1, ""uncertain"": 2, ""worse"": 3, ""failure"": 1, ""low"": 2, ""declining"": 3, ""uncertainty"": 4, ""negative"": 2, ""weakened"": 1, ""difficult"": 1, ""weak"": 6, ""risks"": 1, ""deteriorating"": 1, ""declined"": 2, ""weakness"": 1, ""challenging"": 2, ""worst"": 1, ""decline"": 2, ""least"": 1}"
2013-10-01,"Address by Gill Marcus, Governor of the South African Reserve Bank to Ambassadors and High Commissioners to the Republic of South Africa, Pretoria, 1 October 2013",Gill Marcus,pdf,0.958,88,31,2309,"{""high"": 6, ""good"": 3, ""increases"": 1, ""more"": 18, ""increased"": 3, ""opportunities"": 2, ""grown"": 1, ""up"": 4, ""greater"": 4, ""positive"": 1, ""increase"": 3, ""most"": 2, ""achieve"": 3, ""higher"": 4, ""better"": 1, ""growing"": 2, ""growth"": 7, ""grow"": 2, ""improve"": 2, ""encouraged"": 1, ""highest"": 1, ""rising"": 1, ""strengthening"": 1, ""progress"": 5, ""strong"": 1, ""rise"": 1, ""strengthen"": 1, ""stronger"": 1, ""certain"": 2, ""leading"": 1, ""expand"": 1, ""deliver"": 1, ""solid"": 1}","{""fall"": 2, ""risks"": 1, ""low"": 3, ""lower"": 3, ""risky"": 2, ""depressed"": 1, ""fallen"": 1, ""threat"": 1, ""threats"": 1, ""difficult"": 2, ""below"": 1, ""uncertain"": 1, ""challenges"": 2, ""fail"": 1, ""smaller"": 2, ""obstacles"": 2, ""less"": 3, ""challenge"": 1, ""under"": 1}"
2013-10-10,"Address by Daniel Mminele, Deputy Governor, South African Reserve Bank, at the inaugural “South Africa Tomorrow” conference, New York, 9 October 2013",Daniel Mminele,pdf,0.9317,118,43,3763,"{""good"": 4, ""opportunity"": 5, ""opportunities"": 14, ""achieved"": 2, ""high"": 8, ""rise"": 2, ""greater"": 2, ""enjoy"": 1, ""growth"": 11, ""enjoyed"": 1, ""expansion"": 2, ""increasing"": 2, ""record"": 1, ""grew"": 4, ""improvement"": 3, ""rising"": 4, ""growing"": 7, ""stronger"": 1, ""increased"": 6, ""improved"": 4, ""more"": 8, ""strong"": 5, ""up"": 1, ""grown"": 2, ""increase"": 1, ""improve"": 2, ""progress"": 1, ""most"": 4, ""positives"": 1, ""positive"": 2, ""improving"": 1, ""expanding"": 1, ""strengthen"": 2, ""strengthened"": 1, ""higher"": 1, ""above"": 1}","{""challenges"": 16, ""negative"": 2, ""low"": 4, ""declined"": 1, ""decline"": 1, ""risk"": 1, ""challenge"": 3, ""challenging"": 2, ""weak"": 2, ""declining"": 1, ""under"": 3, ""less"": 3, ""fell"": 1, ""least"": 1, ""uncertainty"": 1, ""risks"": 1}"
2013-10-11,"Address by Francois Groepe, Deputy Governor, South African Reserve Bank at the Credit Suisse Economics and Strategy Conference, Cape Town, 11 October 2013",Francois Groepe,pdf,0.7523,75,34,2829,"{""good"": 1, ""high"": 7, ""most"": 5, ""more"": 8, ""growth"": 29, ""stronger"": 2, ""improvements"": 1, ""strongest"": 1, ""growing"": 2, ""grow"": 1, ""opportunity"": 1, ""strong"": 1, ""success"": 1, ""improve"": 2, ""better"": 2, ""rise"": 1, ""largest"": 1, ""higher"": 1, ""greater"": 1, ""up"": 1, ""improvement"": 2, ""expansion"": 1, ""positive"": 1, ""rising"": 1, ""successful"": 1}","{""low"": 4, ""lower"": 3, ""less"": 9, ""decline"": 2, ""fallen"": 1, ""uncertainty"": 3, ""risks"": 3, ""negative"": 2, ""declined"": 1, ""weaken"": 1, ""uncertain"": 1, ""below"": 1, ""deteriorating"": 1, ""difficult"": 1, ""challenging"": 1}"
2013-10-29,"Address by Gill Marcus, Governor of the South African Reserve Bank, at the Ruth First Jeppe High School for Girls Memorial Trust, Johannesburg, 29 October 2013 ",Gill Marcus,pdf,1.5897,35,4,1477,"{""high"": 7, ""good"": 1, ""more"": 6, ""delivering"": 1, ""highest"": 3, ""excellent"": 1, ""record"": 1, ""achievement"": 1, ""greatest"": 1, ""opportunities"": 3, ""best"": 3, ""opportunity"": 2, ""better"": 3, ""leader"": 1, ""achieved"": 1}","{""less"": 1, ""challenges"": 2, ""challenging"": 1}"
2013-11-01,"Address by Daniel Mminele, Deputy Governor, South African Reserve Bank, at the Phalaborwa Chamber of Business Year-End Function, 1 November 2013",Daniel Mminele,pdf,0.9118,99,37,3409,"{""good"": 2, ""opportunity"": 1, ""leading"": 2, ""growth"": 24, ""increased"": 6, ""more"": 17, ""most"": 3, ""higher"": 4, ""larger"": 1, ""stronger"": 3, ""increase"": 4, ""grew"": 2, ""strong"": 2, ""rising"": 3, ""up"": 3, ""improved"": 4, ""growing"": 2, ""encouraging"": 1, ""successful"": 1, ""progress"": 1, ""improving"": 1, ""improvement"": 1, ""best"": 2, ""record"": 2, ""better"": 2, ""greater"": 1, ""high"": 2, ""certain"": 1, ""improve"": 1}","{""down"": 1, ""challenges"": 1, ""declining"": 3, ""uncertainty"": 2, ""failing"": 1, ""worse"": 1, ""weakening"": 1, ""low"": 2, ""below"": 3, ""declined"": 1, ""threats"": 1, ""risks"": 5, ""less"": 3, ""lower"": 1, ""risk"": 1, ""under"": 3, ""fell"": 2, ""smaller"": 1, ""weakened"": 1, ""deteriorated"": 1, ""least"": 1, ""deteriorate"": 1}"
2013-11-05,"Address by Daniel Mminele, Deputy Governor of the South African Reserve Bank, at the Standard Bank 5th African Central Bank Reserves Management Conference, Sandton Sun Hotel, 5 November 2013",Daniel Mminele,pdf,0.88,72,28,3131,"{""good"": 4, ""deliver"": 1, ""more"": 13, ""growth"": 2, ""most"": 5, ""grown"": 3, ""increased"": 4, ""expansion"": 1, ""increase"": 2, ""up"": 7, ""higher"": 3, ""greater"": 1, ""achieve"": 1, ""growing"": 1, ""increasing"": 1, ""rising"": 5, ""better"": 3, ""improving"": 1, ""largest"": 1, ""grow"": 1, ""enjoy"": 1, ""grew"": 1, ""increases"": 1, ""rise"": 2, ""positive"": 1, ""improve"": 1, ""opportunity"": 1, ""solid"": 1, ""opportunities"": 1, ""strengthen"": 1, ""successful"": 1}","{""difficult"": 2, ""low"": 3, ""risk"": 15, ""challenges"": 2, ""down"": 2, ""negative"": 2, ""under"": 1, ""risks"": 1}"
2013-11-11,"Address by Daniel Mminele, Deputy Governor of the South African Reserve Bank, at the IIF Africa Financial Summit, Sandton, 11 November 2013",Daniel Mminele,pdf,0.6796,69,34,2723,"{""positive"": 1, ""growth"": 11, ""stronger"": 2, ""increase"": 2, ""better"": 1, ""most"": 6, ""strong"": 2, ""achieved"": 3, ""improvement"": 1, ""higher"": 6, ""more"": 9, ""grown"": 1, ""rising"": 3, ""growing"": 1, ""improve"": 1, ""rise"": 2, ""record"": 1, ""greater"": 3, ""expanded"": 1, ""exceed"": 1, ""expands"": 1, ""best"": 1, ""leading"": 1, ""rises"": 1, ""good"": 3, ""improves"": 1, ""increases"": 1, ""larger"": 1, ""up"": 1}","{""weakening"": 3, ""declined"": 1, ""fallen"": 1, ""fell"": 1, ""lowest"": 1, ""weaknesses"": 1, ""weak"": 1, ""falling"": 1, ""disappointing"": 2, ""low"": 5, ""smaller"": 2, ""worst"": 1, ""fall"": 3, ""decline"": 1, ""less"": 4, ""under"": 1, ""fails"": 1, ""falls"": 1, ""risk"": 1, ""lower"": 1, ""least"": 1}"
2013-11-27,"Address by Lesetja Kganyago, Deputy Governor of the South African Reserve Bank Merrill Lynch 2nd Annual Fixed Income Investor Conference, 27 November 2013",Lesetja Kganyago,pdf,0.6796,69,34,2722,"{""positive"": 1, ""growth"": 11, ""stronger"": 2, ""increase"": 2, ""better"": 1, ""most"": 6, ""strong"": 2, ""achieved"": 3, ""improvement"": 1, ""higher"": 6, ""more"": 9, ""grown"": 1, ""rising"": 3, ""growing"": 1, ""improve"": 1, ""rise"": 2, ""record"": 1, ""greater"": 3, ""expanded"": 1, ""exceed"": 1, ""expands"": 1, ""best"": 1, ""leading"": 1, ""rises"": 1, ""good"": 3, ""improves"": 1, ""increases"": 1, ""larger"": 1, ""up"": 1}","{""weakening"": 3, ""declined"": 1, ""fallen"": 1, ""fell"": 1, ""lowest"": 1, ""weaknesses"": 1, ""weak"": 1, ""falling"": 1, ""disappointing"": 2, ""low"": 5, ""smaller"": 2, ""worst"": 1, ""fall"": 3, ""decline"": 1, ""less"": 4, ""under"": 1, ""fails"": 1, ""falls"": 1, ""risk"": 1, ""lower"": 1, ""least"": 1}"
2013-12-04,"Address by Daniel Mminele, Deputy Governor of the South African Reserve Bank, at the Old Mutual Investor and Analyst Showcase Dinner, Cape Town, 4 December 2013",Daniel Mminele,pdf,0.596,98,53,3394,"{""good"": 3, ""strong"": 7, ""more"": 19, ""growth"": 29, ""grew"": 1, ""better"": 3, ""stronger"": 4, ""most"": 4, ""higher"": 2, ""up"": 1, ""improvement"": 1, ""increasing"": 1, ""rise"": 3, ""increased"": 1, ""larger"": 2, ""positive"": 1, ""increases"": 1, ""progress"": 1, ""strengthening"": 1, ""grow"": 1, ""expand"": 1, ""growing"": 1, ""solid"": 1, ""risen"": 1, ""enjoying"": 1, ""certain"": 2, ""greater"": 1, ""improving"": 1, ""improve"": 1, ""opportunity"": 1, ""strength"": 1}","{""challenges"": 10, ""challenging"": 1, ""lower"": 3, ""risk"": 5, ""least"": 3, ""declining"": 4, ""less"": 5, ""negative"": 1, ""down"": 1, ""fallen"": 2, ""difficult"": 2, ""low"": 3, ""risks"": 1, ""uncertainty"": 2, ""under"": 7, ""disappointing"": 1, ""decline"": 1, ""deteriorate"": 1}"
2014-02-21,"Remarks by Daniel Mminele, Deputy Governor, South African Reserve Bank, at  the Institute of International Finance (IIF) High Level Public-Private Sector  Conference 21 February 2014, Sydney, Australia",Daniel Mminele,pdf,0.963,40,14,1614,"{""high"": 5, ""good"": 4, ""opportunity"": 1, ""more"": 7, ""growth"": 4, ""increase"": 6, ""greater"": 2, ""better"": 1, ""increases"": 1, ""progress"": 3, ""achieving"": 1, ""deliver"": 1, ""increased"": 2, ""higher"": 1, ""opportunities"": 1}","{""under"": 3, ""risk"": 3, ""lower"": 1, ""low"": 4, ""obstacle"": 1, ""less"": 1, ""negative"": 1}"
2014-03-11,"Address by Gill Marcus, Governor of the South African Reserve Bank, at the at Central University of Technology, 11 March 2014",Gill Marcus,pdf,1.56,89,11,1741,"{""good"": 2, ""better"": 4, ""progress"": 3, ""enjoys"": 2, ""growth"": 20, ""high"": 5, ""rising"": 5, ""enjoying"": 1, ""higher"": 5, ""most"": 3, ""grown"": 1, ""increased"": 2, ""risen"": 1, ""expanding"": 1, ""more"": 9, ""increasing"": 1, ""growing"": 4, ""greater"": 2, ""improved"": 2, ""largest"": 2, ""positive"": 1, ""opportunities"": 2, ""grew"": 1, ""increase"": 1, ""expand"": 1, ""opportunity"": 1, ""strong"": 1, ""up"": 3, ""grow"": 1, ""best"": 1, ""strengths"": 1}","{""challenge"": 2, ""difficult"": 2, ""risks"": 1, ""challenges"": 3, ""below"": 1, ""low"": 1, ""obstacle"": 1}"
2014-03-13,"Keynote Address by Mr Daniel Mminele, Deputy Governor, South African Reserve Bank, at the Risk and Return Conference, Cape Town, 13 March 2014",Daniel Mminele,pdf,0.4231,63,41,3548,"{""progress"": 3, ""opportunities"": 2, ""good"": 5, ""deliver"": 2, ""opportunity"": 1, ""best"": 2, ""strengthening"": 3, ""certain"": 3, ""improve"": 3, ""increased"": 4, ""high"": 3, ""leading"": 2, ""more"": 6, ""strengthen"": 1, ""up"": 2, ""achieving"": 1, ""higher"": 3, ""better"": 2, ""growing"": 1, ""larger"": 2, ""positive"": 1, ""expansion"": 1, ""most"": 2, ""grown"": 1, ""grew"": 1, ""expanded"": 1, ""increase"": 1, ""improving"": 1, ""greater"": 1, ""increasing"": 1, ""successful"": 1}","{""risk"": 16, ""challenges"": 3, ""weaknesses"": 3, ""depressed"": 1, ""low"": 1, ""challenging"": 2, ""difficult"": 1, ""challenge"": 3, ""less"": 2, ""under"": 2, ""fail"": 2, ""risks"": 4, ""uncertainty"": 1}"
2014-03-13,"Address by Gill Marcus, Governor of the South African Reserve Bank To the Central Banks Communicators Conference Dinner, South African Reserve Bank 13 March, 2014",Gill Marcus,pdf,0.4364,67,43,3537,"{""good"": 6, ""increased"": 4, ""expanding"": 1, ""increasing"": 1, ""success"": 1, ""up"": 4, ""more"": 21, ""strong"": 2, ""successful"": 2, ""greater"": 3, ""high"": 2, ""deliver"": 1, ""exceeded"": 1, ""opportunities"": 2, ""reward"": 1, ""most"": 2, ""above"": 1, ""positive"": 1, ""growth"": 4, ""increase"": 2, ""growing"": 2, ""rising"": 1, ""best"": 1, ""successes"": 1}","{""difficult"": 5, ""uncertain"": 5, ""challenges"": 2, ""challenge"": 3, ""challenged"": 1, ""risks"": 14, ""risk"": 4, ""under"": 2, ""negative"": 3, ""below"": 1, ""uncertainty"": 2, ""deteriorated"": 1}"
2014-04-08,"Address by Gill Marcus, Governor of the South African Reserve Bank, to the Distinguished Speakers Seminar, at the European Economics and Financial Centre London, 8 April, 2014",Gill Marcus,pdf,0.3218,101,73,4403,"{""opportunity"": 1, ""good"": 5, ""strong"": 1, ""more"": 12, ""better"": 2, ""opportunities"": 2, ""growth"": 34, ""high"": 3, ""most"": 5, ""increased"": 5, ""improving"": 2, ""strength"": 1, ""certain"": 1, ""increases"": 1, ""increase"": 5, ""positive"": 6, ""highest"": 2, ""rose"": 1, ""improvement"": 2, ""grew"": 2, ""achieved"": 1, ""improve"": 2, ""greater"": 1, ""improves"": 1, ""above"": 1, ""rising"": 1, ""improved"": 1}","{""challenging"": 3, ""less"": 4, ""uncertain"": 3, ""risky"": 1, ""challenges"": 9, ""difficult"": 5, ""lower"": 5, ""uncertainty"": 3, ""risk"": 6, ""risks"": 4, ""challenge"": 3, ""disappointing"": 3, ""deteriorated"": 1, ""decline"": 3, ""declining"": 3, ""down"": 1, ""weakening"": 1, ""low"": 3, ""negative"": 2, ""below"": 5, ""dropped"": 1, ""declined"": 2, ""difficulty"": 1, ""failure"": 1}"
2014-04-12,"Address by Daniel Mminele, Deputy Governor of the South African Reserve Bank, at the Association for African Central Bankers (AACB) Roundtable on “Cross-Border Banking In Africa – A Force for the Good?” Washington D.C., 11 April 2014",Daniel Mminele,pdf,0.9048,61,23,2304,"{""good"": 3, ""deliver"": 1, ""growth"": 9, ""rise"": 2, ""high"": 1, ""rising"": 1, ""increased"": 2, ""grow"": 1, ""up"": 3, ""increase"": 3, ""growing"": 1, ""positive"": 2, ""improved"": 4, ""opportunity"": 1, ""larger"": 2, ""largest"": 1, ""opportunities"": 4, ""leading"": 1, ""greater"": 1, ""most"": 2, ""progress"": 2, ""more"": 4, ""increasing"": 1, ""improvement"": 1, ""success"": 2, ""strengthened"": 1, ""encouraged"": 1, ""strengthening"": 1, ""achieving"": 1, ""successes"": 1, ""achievements"": 1}","{""challenges"": 11, ""less"": 1, ""risk"": 2, ""lower"": 2, ""risks"": 2, ""negative"": 2, ""least"": 1, ""difficult"": 2}"
2014-06-06,"Address by Lesetja Kganyago Deputy Governor of the South African Reserve Bank University of Limpopo - Faculty of Commerce, 06 June 2014",Lesetja Kganyago Deputy Governor,pdf,0.9515,76,27,2222,"{""growth"": 19, ""high"": 9, ""up"": 3, ""above"": 7, ""largest"": 1, ""grown"": 1, ""expanded"": 1, ""enjoy"": 2, ""higher"": 6, ""increases"": 1, ""leading"": 2, ""most"": 2, ""rising"": 3, ""strengthening"": 3, ""certain"": 1, ""highest"": 1, ""risen"": 1, ""increase"": 1, ""good"": 1, ""achieving"": 1, ""more"": 3, ""growing"": 1, ""improved"": 1, ""record"": 1, ""strengthen"": 1, ""improve"": 1, ""improving"": 2}","{""low"": 9, ""risk"": 3, ""negative"": 2, ""worst"": 1, ""difficult"": 1, ""weak"": 3, ""dropping"": 1, ""falling"": 1, ""weakening"": 1, ""deteriorated"": 1, ""down"": 1, ""decline"": 1, ""lower"": 1, ""disappointment"": 1}"
2014-06-06,"Keynote address by Francois Groepe, Deputy Governor of the South African Reserve  Bank at a luncheon hosted by the Western Cape region of the Institute of Internal  Auditors 06 June 2014",Francois Groepe,pdf,0.5556,46,26,2351,"{""opportunity"": 2, ""increased"": 2, ""achieving"": 2, ""better"": 2, ""growth"": 5, ""more"": 7, ""up"": 3, ""best"": 1, ""achieved"": 3, ""certainty"": 1, ""achievement"": 1, ""exceeded"": 1, ""increasing"": 1, ""strengthening"": 4, ""achieve"": 1, ""expanded"": 3, ""above"": 1, ""greater"": 1, ""strengthen"": 1, ""good"": 2, ""improve"": 1, ""rise"": 1}","{""challenges"": 4, ""risk"": 11, ""less"": 1, ""difficult"": 1, ""low"": 1, ""risks"": 5, ""fail"": 1, ""down"": 1, ""challenging"": 1}"
2014-06-10,"Address by Gill Marcus, Governor of the South African Reserve Bank at the SAICA Business Breakfast in Rosebank, 10 June 2014",Gill Marcus,pdf,0.7358,145,67,4260,"{""good"": 2, ""opportunity"": 1, ""strength"": 2, ""growth"": 49, ""strong"": 3, ""achieving"": 1, ""high"": 6, ""encouraging"": 1, ""stronger"": 4, ""improvement"": 4, ""achieve"": 4, ""increase"": 10, ""more"": 19, ""growing"": 3, ""most"": 4, ""expand"": 1, ""expanded"": 1, ""opportunities"": 2, ""positive"": 8, ""grow"": 1, ""achieved"": 1, ""improved"": 1, ""increases"": 4, ""better"": 3, ""grew"": 1, ""increased"": 2, ""achievement"": 1, ""above"": 1, ""exceed"": 1, ""rising"": 2, ""higher"": 2}","{""less"": 3, ""challenges"": 3, ""difficult"": 5, ""weak"": 5, ""low"": 7, ""down"": 2, ""uncertain"": 2, ""uncertainty"": 3, ""downturn"": 1, ""risk"": 6, ""lower"": 3, ""negative"": 7, ""least"": 1, ""disappointing"": 1, ""risks"": 7, ""declining"": 2, ""decline"": 1, ""worse"": 2, ""smaller"": 1, ""under"": 3, ""deteriorated"": 1, ""fall"": 1}"
2014-06-24,"Address by Mr Daniel Mminele, Deputy Governor of the South African Reserve Bank, at the Financial Markets Department’s Annual Cocktail Function, Pretoria, 24 June 2014",Daniel Mminele,pdf,0.2716,46,35,2101,"{""good"": 1, ""increasing"": 3, ""improvements"": 1, ""up"": 2, ""improvement"": 1, ""growth"": 5, ""strength"": 1, ""expansion"": 1, ""better"": 2, ""high"": 4, ""above"": 2, ""increase"": 2, ""higher"": 1, ""leading"": 1, ""more"": 3, ""improved"": 2, ""increased"": 4, ""rise"": 1, ""greater"": 1, ""positive"": 1, ""exceeded"": 1, ""most"": 1, ""growing"": 1, ""improve"": 1, ""certain"": 2, ""enjoyed"": 1}","{""risks"": 10, ""unsettled"": 1, ""negative"": 2, ""risk"": 7, ""under"": 2, ""uncertainty"": 1, ""low"": 2, ""below"": 1, ""deteriorating"": 2, ""worsening"": 1, ""declined"": 1, ""difficult"": 1, ""challenges"": 1, ""challenging"": 1, ""deteriorated"": 1, ""risky"": 1}"
2014-07-25,"Vote of thanks by Ms Maria Ramos, the Chief Executive Officer of Barclays Africa Group at the annual Ordinary General Meeting of the shareholders of the South African Reserve Bank held on 25 July 2014",Maria Ramos,pdf,0.2857,4,3,568,"{""excellent"": 1, ""growth"": 1, ""good"": 1, ""pleased"": 1}","{""challenges"": 1, ""uncertainty"": 1, ""difficult"": 1}"
2014-07-25,Governor’s Address Ninety-Fourth annual Ordinary General Meeting (AGM) of shareholders,,pdf,0.3019,61,45,2584,"{""most"": 3, ""growth"": 25, ""improving"": 1, ""higher"": 3, ""strong"": 2, ""more"": 4, ""largest"": 1, ""increases"": 2, ""larger"": 2, ""improved"": 1, ""increase"": 4, ""high"": 2, ""better"": 1, ""increased"": 3, ""best"": 1, ""rose"": 1, ""expanded"": 1, ""opportunity"": 1, ""certain"": 1, ""improve"": 1, ""greater"": 1}","{""less"": 1, ""challenging"": 2, ""challenges"": 1, ""declined"": 1, ""weakened"": 2, ""risk"": 5, ""uncertainty"": 2, ""negative"": 2, ""below"": 1, ""lower"": 1, ""risks"": 7, ""deteriorated"": 2, ""low"": 2, ""under"": 5, ""decline"": 1, ""weak"": 1, ""deteriorating"": 2, ""difficult"": 4, ""challenge"": 1, ""fail"": 2}"
2014-08-10,"Remarks by the Governor of the South African Reserve Bank, Gill Marcus Press Conference August 10th, 2014: African Bank Limited",,pdf,0.7619,29,13,1992,"{""strengthen"": 1, ""best"": 2, ""growth"": 1, ""above"": 2, ""higher"": 1, ""better"": 1, ""leader"": 1, ""good"": 9, ""high"": 1, ""opportunity"": 4, ""strengthened"": 1, ""exceeds"": 1, ""encouraged"": 1, ""increased"": 1, ""greater"": 1, ""strength"": 1}","{""worse"": 1, ""challenging"": 1, ""under"": 4, ""risk"": 2, ""challenges"": 2, ""less"": 1, ""below"": 1, ""challenge"": 1}"
2014-08-13,"Address by Mr Daniel Mminele, Deputy Governor of the South African Reserve Bank (SARB), at the South African Chamber of Commerce and Industry (SACCI) Breakfast Briefing, Johannesburg, 13 August 2014",Daniel Mminele,pdf,0.4719,55,34,3116,"{""good"": 2, ""opportunity"": 1, ""opportunities"": 2, ""growth"": 24, ""rise"": 3, ""most"": 4, ""more"": 2, ""higher"": 1, ""best"": 2, ""strong"": 2, ""increased"": 4, ""increase"": 5, ""highest"": 1, ""improve"": 1, ""high"": 1}","{""difficult"": 2, ""challenges"": 5, ""risks"": 5, ""lower"": 2, ""uncertain"": 3, ""weakening"": 1, ""less"": 2, ""challenge"": 4, ""under"": 3, ""decline"": 1, ""weak"": 1, ""declining"": 1, ""negative"": 1, ""risk"": 3}"
2014-08-28,"Address by the Deputy President of South Africa, Cyril Ramaphosa at the South African Reserve Bank Leadership Conference",,pdf,0.7059,46,22,1627,"{""opportunity"": 2, ""up"": 2, ""growth"": 11, ""expansion"": 1, ""grew"": 1, ""growing"": 2, ""expanded"": 2, ""opportunities"": 1, ""grows"": 1, ""higher"": 2, ""better"": 4, ""progress"": 1, ""more"": 2, ""good"": 2, ""greater"": 1, ""encouraged"": 1, ""grow"": 1, ""strengthen"": 1, ""strength"": 1, ""certainty"": 1, ""best"": 1, ""achieve"": 2, ""improve"": 1, ""increase"": 1, ""highest"": 1}","{""challenges"": 7, ""uncertainty"": 3, ""risks"": 2, ""fell"": 1, ""weakening"": 1, ""low"": 2, ""less"": 1, ""lower"": 1, ""under"": 1, ""failure"": 1, ""weak"": 1, ""least"": 1}"
2014-09-30,Address by Lesetja Kganyago Deputy Governor - South African Reserve Bank RMB Morgan Stanley 2014 Big Five Investor Conference Cape Town 30 September 2014,Lesetja Kganyago Deputy Governor,pdf,0.8067,167,71,4540,"{""growth"": 36, ""higher"": 9, ""strong"": 5, ""increases"": 1, ""improve"": 5, ""encouraging"": 2, ""achieved"": 4, ""increasing"": 1, ""more"": 19, ""rises"": 3, ""improving"": 3, ""grow"": 1, ""achieve"": 2, ""most"": 3, ""improvement"": 2, ""strengthen"": 2, ""rising"": 10, ""certain"": 1, ""greater"": 3, ""rise"": 11, ""success"": 1, ""up"": 12, ""increase"": 2, ""strengthening"": 1, ""larger"": 1, ""largest"": 1, ""expanding"": 2, ""high"": 4, ""increased"": 3, ""growing"": 3, ""positive"": 2, ""stronger"": 3, ""grew"": 1, ""good"": 2, ""achieving"": 1, ""better"": 2, ""risen"": 2, ""deliver"": 1}","{""weak"": 4, ""low"": 9, ""challenging"": 1, ""under"": 3, ""fallen"": 2, ""less"": 9, ""decline"": 2, ""fall"": 4, ""falling"": 4, ""lower"": 7, ""smaller"": 2, ""weakening"": 1, ""slump"": 1, ""weakened"": 2, ""decrease"": 1, ""weakness"": 3, ""depressed"": 1, ""negative"": 5, ""declined"": 2, ""challenges"": 1, ""least"": 1, ""risk"": 1, ""down"": 3, ""penalty"": 1, ""risks"": 1}"
2014-10-02,"Address by Ms Gill Marcus, Governor of the South African Reserve Bank at the Dinner in Honour of Ambassadors and High Commissioners to the Republic of South Africa, Pretoria, 2 October 2014",Gill Marcus,pdf,0.5521,104,59,3024,"{""high"": 7, ""good"": 2, ""most"": 3, ""better"": 6, ""grow"": 1, ""growth"": 33, ""above"": 2, ""improved"": 1, ""positive"": 2, ""increased"": 1, ""strength"": 1, ""rising"": 11, ""more"": 9, ""up"": 1, ""increasing"": 1, ""higher"": 11, ""improving"": 2, ""growing"": 2, ""increases"": 3, ""increase"": 2, ""greater"": 1, ""opportunities"": 1, ""record"": 1}","{""smaller"": 1, ""challenging"": 2, ""fall"": 1, ""lower"": 4, ""low"": 5, ""risk"": 5, ""weak"": 5, ""weakening"": 1, ""risks"": 7, ""downturn"": 1, ""declining"": 2, ""uncertainty"": 2, ""falling"": 2, ""negative"": 5, ""disappointing"": 1, ""below"": 1, ""depressed"": 1, ""less"": 1, ""uncertain"": 1, ""difficult"": 2, ""challenges"": 2, ""failure"": 3, ""under"": 2, ""challenge"": 1, ""decreases"": 1}"
2014-10-08,"Address by Mr Daniel Mminele, Deputy Governor, South African Reserve Bank, at the South Africa Tomorrow Investor Conference, New York, 8 October 2014",Daniel Mminele,pdf,0.4167,87,57,3907,"{""good"": 3, ""opportunity"": 1, ""growth"": 24, ""leading"": 1, ""up"": 4, ""achievements"": 1, ""progress"": 2, ""more"": 17, ""successful"": 1, ""delivered"": 1, ""greater"": 4, ""grew"": 1, ""high"": 1, ""higher"": 2, ""above"": 3, ""improved"": 1, ""expansion"": 1, ""increase"": 2, ""most"": 3, ""strong"": 5, ""increased"": 1, ""rise"": 2, ""growing"": 1, ""strengthened"": 1, ""positive"": 1, ""achieve"": 1, ""improve"": 1, ""rising"": 1}","{""under"": 6, ""challenges"": 7, ""decline"": 2, ""low"": 5, ""negative"": 5, ""fell"": 1, ""declining"": 1, ""risks"": 5, ""lowest"": 2, ""lower"": 5, ""risk"": 11, ""worsening"": 1, ""challenge"": 1, ""down"": 1, ""declined"": 1, ""less"": 1, ""uncertainty"": 1, ""weak"": 1}"
2014-10-28,"Address by Mr Daniel Mminele, Deputy Governor, South African Reserve Bank, to the South African Chapter of ACI – The Financial Markets Association, Johannesburg, 28 October 2014",Daniel Mminele,pdf,0.9706,101,35,3831,"{""good"": 5, ""opportunity"": 1, ""best"": 5, ""leading"": 2, ""more"": 18, ""up"": 12, ""high"": 3, ""rewarded"": 2, ""rising"": 1, ""higher"": 2, ""growth"": 3, ""most"": 3, ""larger"": 2, ""growing"": 4, ""solid"": 1, ""grew"": 1, ""better"": 4, ""strengthened"": 2, ""increased"": 1, ""greater"": 4, ""success"": 1, ""positive"": 1, ""achieve"": 2, ""increasing"": 1, ""largest"": 1, ""achieved"": 1, ""strong"": 1, ""improved"": 2, ""stronger"": 1, ""strengthen"": 2, ""highest"": 2, ""improving"": 1, ""record"": 1, ""rewards"": 1, ""successful"": 1, ""delivering"": 1, ""progress"": 1, ""improve"": 1, ""encouraging"": 2, ""strengthening"": 1}","{""risk"": 13, ""risks"": 3, ""challenges"": 2, ""under"": 1, ""negative"": 1, ""least"": 1, ""failure"": 2, ""low"": 3, ""down"": 3, ""decline"": 1, ""difficult"": 2, ""risky"": 1, ""weaken"": 1, ""weakness"": 1}"
2014-10-29,"Introductory remarks by Lesetja Kganyago, Deputy Governor of the South African Reserve Bank at the launch of the financial stability review, Johannesburg, 29 October 2014",Lesetja Kganyago,pdf,0.24,28,22,1556,"{""best"": 1, ""more"": 3, ""up"": 1, ""increased"": 3, ""high"": 1, ""good"": 1, ""above"": 1, ""achieved"": 1, ""growth"": 2, ""improving"": 2, ""strong"": 1, ""rising"": 1, ""higher"": 1, ""increase"": 1, ""certain"": 1, ""leading"": 1, ""strength"": 1, ""progress"": 1, ""better"": 1, ""increases"": 1, ""largest"": 1, ""strengthening"": 1}","{""risk"": 5, ""risks"": 4, ""challenging"": 1, ""under"": 3, ""down"": 1, ""deteriorating"": 1, ""low"": 1, ""negative"": 1, ""weaknesses"": 1, ""uncertain"": 3, ""challenges"": 1}"
2014-10-30,"Opening Address by Gill Marcus, Governor of the South African Reserve Bank at the Biennial Conference of the Bank: “Fourteen Years of Inflation Targeting in South Africa and the Challenge of a Changing Mandate” Pretoria, 30-31 October, 2014",Gill Marcus,pdf,0.6176,89,47,4003,"{""expanded"": 1, ""high"": 2, ""up"": 4, ""more"": 16, ""expanding"": 1, ""success"": 1, ""positive"": 3, ""growth"": 17, ""improved"": 2, ""increased"": 3, ""increases"": 6, ""increase"": 3, ""higher"": 9, ""most"": 3, ""increasing"": 3, ""good"": 1, ""encouraged"": 2, ""successful"": 1, ""strong"": 2, ""greater"": 1, ""growing"": 1, ""above"": 2, ""expansion"": 1, ""better"": 1, ""successes"": 1, ""succeeded"": 1, ""enjoy"": 1}","{""challenge"": 5, ""difficult"": 4, ""low"": 10, ""lower"": 7, ""declined"": 5, ""challenging"": 1, ""risk"": 3, ""uncertain"": 1, ""challenges"": 3, ""disappointment"": 1, ""negative"": 1, ""risks"": 1, ""failure"": 2, ""declining"": 1, ""fall"": 1, ""below"": 1}"
2014-11-04,"Address by Mr Leon Myburgh, Head: Financial Markets Department, South African Reserve Bank, at the Standard Bank 6th Annual Central Bank Reserves Management Conference, 3 November 2014",Leon Myburgh,pdf,0.1277,50,44,2459,"{""more"": 3, ""growth"": 3, ""higher"": 5, ""grow"": 1, ""increasing"": 2, ""grown"": 1, ""up"": 3, ""positive"": 2, ""growing"": 2, ""rose"": 1, ""high"": 5, ""improve"": 3, ""opportunity"": 1, ""most"": 1, ""expansion"": 1, ""increases"": 2, ""increased"": 1, ""increase"": 2, ""above"": 1, ""greater"": 1, ""pleased"": 1, ""progress"": 1, ""achievements"": 1, ""improving"": 1, ""opportunities"": 4, ""grows"": 1}","{""challenges"": 6, ""negative"": 2, ""under"": 3, ""risks"": 1, ""fall"": 1, ""risk"": 11, ""low"": 8, ""weak"": 1, ""below"": 2, ""challenge"": 3, ""shrinking"": 2, ""lower"": 1, ""drop"": 1, ""decline"": 1, ""deteriorate"": 1}"
2014-11-17,"Address by Francois Groepe, Deputy Governor of the South African Reserve Bank at the Association of African Banknotes and Security Documents Printers Conference",Francois Groepe,pdf,0.8444,32,13,1357,"{""good"": 1, ""most"": 4, ""enjoy"": 2, ""more"": 5, ""succeeded"": 1, ""improving"": 2, ""expanded"": 1, ""improved"": 1, ""increases"": 1, ""improvement"": 2, ""increasing"": 3, ""improve"": 3, ""increased"": 1, ""high"": 1, ""up"": 2, ""achieve"": 1, ""encouraged"": 1}","{""threats"": 1, ""challenge"": 3, ""risk"": 3, ""challenged"": 1, ""risks"": 1, ""under"": 2, ""challenges"": 1, ""lower"": 1}"
2014-11-28,"Address by Mr Daniel Mminele, Deputy Governor, South African Reserve Bank, Bank of America Merrill Lynch Fixed Income conference Johannesburg, November 2014",Daniel Mminele,pdf,0.4742,120,74,3437,"{""good"": 2, ""most"": 5, ""strong"": 7, ""up"": 3, ""growth"": 38, ""more"": 10, ""strengthen"": 2, ""higher"": 4, ""opportunities"": 1, ""high"": 5, ""succeeded"": 1, ""better"": 3, ""grown"": 2, ""leading"": 1, ""improved"": 4, ""stronger"": 1, ""above"": 2, ""growing"": 3, ""positive"": 3, ""increase"": 6, ""expansion"": 2, ""delivered"": 1, ""rising"": 2, ""grew"": 2, ""rose"": 1, ""grow"": 1, ""largest"": 1, ""increased"": 3, ""larger"": 1, ""encouraging"": 1, ""increases"": 1, ""deliver"": 1}","{""uncertain"": 3, ""under"": 5, ""challenging"": 1, ""low"": 7, ""risk"": 4, ""weakening"": 2, ""weak"": 8, ""disappointing"": 1, ""declining"": 3, ""lowest"": 1, ""lower"": 3, ""less"": 5, ""difficult"": 2, ""falling"": 2, ""decline"": 3, ""below"": 4, ""deteriorated"": 1, ""weakness"": 4, ""challenges"": 1, ""disappointed"": 1, ""fall"": 1, ""uncertainty"": 2, ""risks"": 3, ""challenge"": 1, ""fell"": 1, ""worse"": 1, ""declined"": 2, ""least"": 1, ""weakened"": 1}"
2015-02-17,"Address by Lesetja Kganyago, Governor of the South African Reserve Bank at the Fedusa Collective Bargaining Conference, 17 February 2015",Lesetja Kganyago,pdf,0.2653,111,85,3994,"{""good"": 5, ""enjoyed"": 1, ""achieving"": 1, ""growth"": 25, ""most"": 5, ""grow"": 2, ""more"": 12, ""higher"": 13, ""increases"": 3, ""rise"": 3, ""increase"": 6, ""opportunities"": 1, ""deliver"": 1, ""up"": 2, ""rising"": 5, ""increased"": 6, ""positive"": 3, ""greater"": 2, ""better"": 1, ""best"": 4, ""high"": 2, ""largest"": 1, ""strengthen"": 1, ""above"": 1, ""opportunity"": 1, ""stronger"": 1, ""leading"": 1, ""strong"": 1, ""larger"": 1}","{""challenges"": 3, ""low"": 8, ""worse"": 1, ""lower"": 27, ""down"": 4, ""under"": 2, ""difficult"": 2, ""fail"": 1, ""smaller"": 2, ""risks"": 1, ""negative"": 8, ""depressed"": 2, ""fall"": 4, ""falling"": 4, ""challenge"": 2, ""fallen"": 2, ""risk"": 2, ""weaken"": 1, ""weak"": 5, ""least"": 2, ""failure"": 1, ""below"": 1}"
2015-02-27,"Address by Mr Leon Myburgh, Head: Financial Markets Department, South African Reserve Bank, at the Africa Sovereign Funds Roundtable, Cape Town",Leon Myburgh,pdf,0.132,105,92,3517,"{""good"": 1, ""more"": 15, ""growth"": 23, ""grew"": 1, ""stronger"": 3, ""increase"": 2, ""positive"": 2, ""higher"": 11, ""expansion"": 2, ""most"": 5, ""largest"": 1, ""encouraging"": 1, ""improve"": 2, ""rise"": 1, ""solid"": 2, ""strong"": 2, ""achieved"": 1, ""enjoying"": 1, ""improving"": 1, ""certainty"": 2, ""achieve"": 3, ""enjoy"": 2, ""high"": 3, ""better"": 1, ""increases"": 1, ""greater"": 1, ""certain"": 1, ""opportunity"": 2, ""opportunities"": 2, ""grown"": 1, ""expand"": 1, ""larger"": 1, ""improved"": 1, ""increasing"": 1, ""growing"": 1, ""success"": 1, ""up"": 1, ""progress"": 1, ""strengthening"": 1}","{""challenging"": 3, ""negative"": 15, ""declining"": 1, ""challenges"": 2, ""down"": 3, ""decline"": 3, ""low"": 7, ""failing"": 1, ""disappointing"": 1, ""least"": 2, ""risks"": 6, ""lower"": 6, ""uncertain"": 2, ""risk"": 28, ""fell"": 1, ""less"": 5, ""risky"": 2, ""under"": 2, ""below"": 1, ""falling"": 1}"
2015-03-03,"Address by Mr Daniel Mminele, Deputy Governor of the South African Reserve Bank, at the Financial Markets Department’s Annual Cocktail Function, Pretoria, 3 March 2015",Daniel Mminele,pdf,0.2609,78,60,2938,"{""good"": 1, ""more"": 15, ""stronger"": 7, ""improvement"": 1, ""growth"": 15, ""most"": 2, ""improvements"": 1, ""strong"": 5, ""rise"": 3, ""rising"": 5, ""better"": 2, ""up"": 2, ""higher"": 4, ""exceed"": 1, ""increased"": 1, ""rises"": 1, ""successful"": 1, ""largest"": 1, ""larger"": 1, ""greater"": 2, ""increasing"": 1, ""growing"": 1, ""strengthening"": 1, ""high"": 2, ""positive"": 1, ""risen"": 1}","{""challenges"": 1, ""less"": 3, ""risk"": 8, ""decline"": 14, ""low"": 3, ""weakening"": 1, ""uncertainty"": 6, ""weaken"": 1, ""below"": 2, ""down"": 1, ""declined"": 2, ""fallen"": 1, ""least"": 2, ""lower"": 4, ""negative"": 1, ""drop"": 3, ""weaknesses"": 1, ""challenge"": 1, ""penalties"": 1, ""challenging"": 1, ""falls"": 2, ""risks"": 1}"
2015-03-04,"Keynote address by Francois Groepe, Deputy Governor of the South African Reserve Bank at The Webber Wentzel Leadership Network on Recent economic and regulatory developments",Francois Groepe,pdf,0.6258,107,56,3734,"{""good"": 1, ""growth"": 26, ""expanding"": 1, ""expanded"": 5, ""solid"": 1, ""improvement"": 3, ""up"": 4, ""better"": 3, ""improve"": 1, ""positive"": 8, ""increase"": 4, ""increased"": 4, ""more"": 11, ""certain"": 3, ""expansion"": 1, ""increasing"": 1, ""higher"": 4, ""stronger"": 3, ""high"": 5, ""improved"": 4, ""rising"": 1, ""above"": 1, ""most"": 6, ""increases"": 1, ""rise"": 1, ""improving"": 1, ""strengthen"": 1, ""progress"": 1, ""strong"": 1}","{""declined"": 1, ""risk"": 14, ""risks"": 3, ""lower"": 3, ""decline"": 5, ""negative"": 5, ""less"": 2, ""weak"": 1, ""below"": 2, ""weakening"": 1, ""low"": 5, ""fall"": 3, ""deteriorating"": 1, ""disappointing"": 1, ""lowest"": 1, ""down"": 1, ""fail"": 2, ""under"": 2, ""challenging"": 1, ""slump"": 1, ""disappoint"": 1}"
2015-03-17,"Remarks by Mr Daniel Mminele, Deputy Governor of the South African Reserve Bank, at the Continuous Linked Settlement (CLS) Reception to mark ten years of inclusion of the South African rand in the CLS, Johannesburg, 17 March 2015",Daniel Mminele,pdf,0.4211,23,15,1576,"{""good"": 2, ""pleased"": 1, ""most"": 1, ""largest"": 1, ""deliver"": 1, ""best"": 3, ""larger"": 1, ""increase"": 2, ""grown"": 2, ""delivering"": 1, ""more"": 4, ""achievement"": 1, ""increased"": 1, ""certain"": 1, ""strengthen"": 1}","{""worst"": 1, ""risk"": 11, ""down"": 1, ""fails"": 1, ""least"": 1}"
2015-04-19,"Address by Mr Daniel Mminele, Deputy Governor of the South African Reserve Bank, at the J P Morgan Investor Seminar, at the IMF/World Bank Group Spring Meetings, Washington, 19 April 2015",Daniel Mminele,pdf,-0.0377,78,81,3218,"{""good"": 1, ""opportunity"": 1, ""growth"": 17, ""most"": 8, ""increase"": 4, ""improved"": 1, ""larger"": 1, ""more"": 4, ""improvement"": 1, ""increasing"": 2, ""high"": 3, ""increases"": 2, ""stronger"": 6, ""positive"": 4, ""strengthen"": 3, ""encouraged"": 1, ""positives"": 1, ""strong"": 3, ""increased"": 2, ""rising"": 2, ""leading"": 1, ""successful"": 1, ""grow"": 1, ""best"": 1, ""rise"": 1, ""strength"": 2, ""expansion"": 1, ""higher"": 1, ""better"": 2}","{""uncertainty"": 7, ""challenge"": 7, ""challenges"": 6, ""challenging"": 4, ""difficulty"": 1, ""low"": 2, ""risks"": 4, ""lower"": 6, ""weakening"": 2, ""uncertain"": 4, ""weak"": 7, ""deteriorated"": 1, ""declines"": 1, ""risk"": 4, ""decline"": 12, ""down"": 2, ""negatives"": 2, ""below"": 2, ""least"": 1, ""less"": 1, ""drop"": 1, ""declined"": 1, ""declining"": 1, ""weaken"": 1, ""fall"": 1}"
2015-04-22,"Address by Francois Groepe, Deputy Governor, South African Reserve Bank at the Tenth Annual International Operational Risk Working Group (IORWG) Conference, Cape Town, South Africa, 22 April 2015",Francois Groepe,pdf,0.4096,50,33,1836,"{""good"": 1, ""enjoy"": 2, ""enjoyed"": 1, ""strong"": 3, ""expanded"": 4, ""high"": 2, ""grow"": 1, ""growth"": 12, ""most"": 2, ""more"": 2, ""improved"": 1, ""growing"": 2, ""above"": 1, ""certain"": 1, ""achieve"": 1, ""achieved"": 2, ""increased"": 1, ""progress"": 1, ""greater"": 2, ""improving"": 1, ""opportunity"": 1, ""best"": 1, ""achievement"": 1, ""encouraged"": 1, ""expansion"": 1, ""better"": 1, ""achieving"": 1}","{""risk"": 14, ""challenges"": 3, ""lower"": 3, ""drop"": 1, ""weak"": 1, ""fail"": 1, ""risks"": 7, ""threat"": 1, ""challenge"": 1, ""threats"": 1}"
2015-04-30,"Address by Mr Francois Groepe, Deputy Governor, South African Reserve Bank on the occasion of the release of the 14th UASA South African Employment Report, 30 April 2015",Francois Groepe,pdf,1.1655,110,29,3013,"{""most"": 7, ""growth"": 30, ""pleased"": 1, ""grown"": 1, ""high"": 4, ""rise"": 1, ""more"": 11, ""progress"": 1, ""strong"": 2, ""higher"": 5, ""leading"": 2, ""increased"": 7, ""growing"": 2, ""successful"": 3, ""improve"": 4, ""certain"": 1, ""improved"": 4, ""up"": 1, ""opportunities"": 3, ""expanded"": 1, ""increase"": 2, ""expanding"": 1, ""expansion"": 1, ""succeed"": 2, ""improving"": 1, ""better"": 2, ""above"": 2, ""improvements"": 1, ""improvement"": 1, ""increasing"": 1, ""improves"": 2, ""certainty"": 1, ""best"": 1, ""opportunity"": 1}","{""challenge"": 2, ""challenges"": 10, ""below"": 1, ""lower"": 2, ""less"": 4, ""smallest"": 1, ""lowest"": 1, ""under"": 1, ""fall"": 1, ""low"": 4, ""risk"": 2}"
2015-05-07,"Address by Mr Lesetja Kganyago, Governor of the South African Reserve Bank, at the SWIFT Regional Conference, Cape Town, 5 May 2015   ",Lesetja Kganyago,pdf,1.2653,40,9,1862,"{""rising"": 2, ""opportunity"": 3, ""opportunities"": 2, ""strong"": 1, ""up"": 4, ""growth"": 5, ""expand"": 1, ""most"": 2, ""more"": 5, ""increase"": 1, ""high"": 3, ""progress"": 1, ""improve"": 1, ""increased"": 2, ""achieved"": 1, ""success"": 1, ""good"": 1, ""solid"": 1, ""achievement"": 1, ""best"": 1, ""growing"": 1}","{""challenges"": 1, ""declining"": 1, ""risks"": 2, ""uncertainty"": 1, ""decreased"": 1, ""smaller"": 1, ""challenge"": 2}"
2015-05-27,"Address by Francois Groepe, Deputy Governor of the South African Reserve Bank at the Actuarial Society of South Africa  (ASSA) 2015 Investment Seminar",Francois Groepe,pdf,0.1224,78,69,2909,"{""good"": 3, ""high"": 7, ""greater"": 1, ""growth"": 28, ""more"": 10, ""improvement"": 3, ""improving"": 1, ""positive"": 4, ""strong"": 1, ""growing"": 1, ""stronger"": 1, ""increase"": 6, ""increased"": 1, ""up"": 3, ""rise"": 1, ""higher"": 1, ""above"": 1, ""increases"": 1, ""better"": 1, ""strengthen"": 1, ""most"": 1, ""progress"": 1}","{""challenging"": 2, ""uncertainty"": 9, ""uncertain"": 1, ""least"": 1, ""disappointed"": 1, ""risks"": 8, ""decline"": 4, ""lower"": 4, ""weak"": 6, ""risk"": 6, ""low"": 6, ""down"": 2, ""below"": 1, ""negative"": 3, ""under"": 3, ""declined"": 1, ""declining"": 1, ""drop"": 1, ""weakening"": 1, ""difficult"": 1, ""challenge"": 1, ""deteriorating"": 1, ""fail"": 2, ""threats"": 1, ""disappoint"": 1, ""deteriorated"": 1}"
2015-05-28,"Address by Deputy Governor Daniel Mminele, at the INSEAD Alumni Association Dialogue, South African Reserve Bank Conference Centre, Pretoria, 28 May 2015",Deputy Governor Daniel Mminele,pdf,1.0123,61,20,3520,"{""good"": 2, ""largest"": 1, ""strong"": 2, ""expansion"": 2, ""opportunity"": 3, ""more"": 8, ""increase"": 2, ""positive"": 2, ""growth"": 6, ""increased"": 1, ""greater"": 5, ""best"": 1, ""leading"": 2, ""increasing"": 3, ""strengthening"": 1, ""up"": 3, ""expanded"": 2, ""grew"": 1, ""strength"": 1, ""strengthen"": 4, ""above"": 1, ""better"": 3, ""certain"": 1, ""strengthened"": 1, ""improved"": 1, ""most"": 1, ""opportunities"": 1}","{""challenges"": 3, ""least"": 1, ""weakens"": 1, ""risk"": 2, ""risks"": 5, ""weaknesses"": 1, ""lower"": 1, ""negative"": 2, ""under"": 2, ""fail"": 1, ""less"": 1}"
2015-06-12,"Address by Mr Daniel Mminele, Deputy Governor of the South African Reserve Bank Annual Conference of the Bureau for Economic Research",Daniel Mminele,pdf,0.3256,75,54,3786,"{""good"": 1, ""opportunity"": 2, ""more"": 17, ""higher"": 3, ""high"": 2, ""largest"": 2, ""increase"": 3, ""greater"": 1, ""most"": 3, ""increases"": 1, ""up"": 2, ""above"": 2, ""growth"": 7, ""strong"": 1, ""increased"": 8, ""strength"": 1, ""certain"": 3, ""improve"": 1, ""improvement"": 1, ""stronger"": 3, ""positive"": 4, ""better"": 2, ""strengthening"": 2, ""strengthened"": 1, ""strengthen"": 1, ""achieving"": 1}","{""less"": 5, ""least"": 2, ""uncertainty"": 5, ""challenges"": 2, ""down"": 1, ""risk"": 5, ""low"": 4, ""uncertain"": 1, ""risks"": 12, ""declined"": 2, ""declining"": 1, ""lower"": 3, ""below"": 1, ""weak"": 2, ""negative"": 2, ""under"": 1, ""weakness"": 1, ""decline"": 1, ""challenge"": 2, ""weakening"": 1}"
2015-06-18,"Address by Lesetja Kganyago, Governor of the South African Reserve Bank, at the Sake24 Economist of the Year Presentation, 18 June 2015",Lesetja Kganyago,pdf,0.1935,51,42,2844,"{""good"": 1, ""better"": 1, ""most"": 2, ""more"": 10, ""best"": 3, ""expand"": 1, ""increased"": 2, ""growth"": 10, ""strong"": 3, ""strength"": 1, ""increases"": 1, ""greater"": 2, ""highest"": 1, ""high"": 2, ""rising"": 2, ""higher"": 2, ""increase"": 5, ""achieving"": 1, ""up"": 1}","{""difficult"": 3, ""risks"": 11, ""under"": 4, ""weak"": 1, ""risk"": 8, ""uncertainty"": 2, ""deteriorates"": 1, ""challenging"": 1, ""lowest"": 1, ""challenge"": 1, ""fall"": 1, ""decline"": 2, ""lower"": 1, ""less"": 1, ""uncertain"": 1, ""deteriorated"": 2, ""worsen"": 1}"
2015-07-31,"Governor’s Address to the Shareholders of the South African Reserve Bank at the ninety-fifth annual Ordinary General Meeting (AGM) held on Friday, 31 July 2015 ",,pdf,0.093,45,41,1818,"{""growth"": 14, ""positive"": 3, ""increased"": 3, ""increase"": 4, ""increases"": 3, ""rising"": 3, ""improved"": 1, ""grew"": 1, ""exceeded"": 1, ""increasing"": 1, ""most"": 1, ""achieving"": 1, ""progress"": 1, ""expands"": 1, ""good"": 1, ""best"": 1, ""enjoyed"": 1, ""pleased"": 1, ""improvement"": 1, ""higher"": 2}","{""difficult"": 3, ""less"": 2, ""challenging"": 1, ""negative"": 4, ""weak"": 5, ""risks"": 7, ""deteriorated"": 1, ""worst"": 1, ""under"": 5, ""decline"": 4, ""uncertainty"": 1, ""uncertain"": 1, ""risk"": 1, ""low"": 2, ""lower"": 1, ""failure"": 1, ""declining"": 1}"
2015-08-11,"Address by Lesetja Kganyago, Governor of the South African Reserve Bank, at the Thomson Reuters Economist of the Year Awards, JSE Limited, Sandton, 11 August 2015",Lesetja Kganyago,pdf,-0.0784,49,53,3166,"{""good"": 4, ""opportunity"": 1, ""deliver"": 1, ""best"": 2, ""more"": 14, ""up"": 2, ""growth"": 5, ""strength"": 1, ""increase"": 3, ""stronger"": 2, ""leading"": 1, ""higher"": 4, ""most"": 3, ""certain"": 2, ""high"": 1, ""above"": 2, ""improved"": 1}","{""difficult"": 9, ""challenging"": 1, ""uncertainty"": 4, ""risks"": 3, ""lower"": 1, ""weakness"": 1, ""risk"": 3, ""deteriorating"": 1, ""uncertain"": 2, ""decline"": 7, ""declined"": 2, ""less"": 4, ""challenges"": 1, ""fall"": 2, ""under"": 5, ""negative"": 1, ""low"": 2, ""deteriorated"": 3, ""challenge"": 1}"
2015-08-18,"Address by Mr Francois Groepe, Deputy Governor of The South African Reserve Bank at the 18th Southern African Internal Audit Conference",Francois Groepe,pdf,1.0427,89,28,2794,"{""most"": 5, ""certain"": 2, ""growing"": 2, ""largest"": 1, ""more"": 6, ""successful"": 1, ""achievement"": 1, ""strong"": 3, ""increased"": 5, ""growth"": 22, ""improving"": 2, ""progress"": 2, ""expand"": 1, ""grow"": 1, ""solid"": 2, ""grown"": 1, ""good"": 6, ""improve"": 3, ""high"": 4, ""rising"": 1, ""higher"": 4, ""increasing"": 1, ""expanding"": 1, ""better"": 2, ""encouraged"": 1, ""increase"": 1, ""certainty"": 1, ""strengthening"": 1, ""greater"": 1, ""rise"": 1, ""improved"": 1, ""improvement"": 1, ""strength"": 1, ""enjoy"": 1}","{""under"": 2, ""less"": 4, ""fall"": 1, ""challenges"": 4, ""lower"": 1, ""challenging"": 1, ""weaknesses"": 1, ""risks"": 1, ""risk"": 1, ""lowest"": 1, ""dropped"": 1, ""weak"": 2, ""deteriorated"": 2, ""decline"": 2, ""deteriorating"": 1, ""difficult"": 1, ""low"": 1, ""fails"": 1}"
2015-09-15,"Address by Francois Groepe, Deputy Governor, South African Reserve Bank at the public workshop on the discussion paper titled ‘Strengthening South Africa’s resolution framework for financial institutions’, Cape Town, 15 September 2015",Francois Groepe,pdf,-0.1867,34,41,2635,"{""strengthening"": 2, ""expanded"": 1, ""larger"": 2, ""most"": 5, ""largest"": 1, ""exceeds"": 1, ""best"": 2, ""achieve"": 5, ""strengthened"": 3, ""greater"": 2, ""rewarded"": 1, ""better"": 3, ""achieving"": 1, ""progress"": 3, ""increase"": 1, ""more"": 1}","{""fail"": 7, ""failure"": 23, ""low"": 1, ""risk"": 6, ""worst"": 1, ""failing"": 1, ""under"": 1, ""worse"": 1}"
2015-09-29,"Keynote address by Deputy Governor Francois Groepe at STRATE, PASA and GIBS Conference, GIBS Campus Illovo, Johannesburg 29 September 2015",Deputy Governor Francois Groepe,pdf,0.8,49,21,2686,"{""good"": 2, ""up"": 7, ""delivers"": 1, ""progress"": 4, ""opportunity"": 1, ""increased"": 2, ""greater"": 1, ""rise"": 1, ""growth"": 3, ""successful"": 2, ""high"": 2, ""most"": 2, ""more"": 3, ""increasing"": 1, ""best"": 1, ""strong"": 1, ""certain"": 2, ""encouraged"": 1, ""expanded"": 1, ""improve"": 1, ""expanding"": 2, ""record"": 1, ""growing"": 2, ""opportunities"": 3, ""increase"": 1, ""improving"": 1}","{""challenges"": 2, ""threats"": 3, ""risks"": 5, ""least"": 1, ""penalties"": 1, ""under"": 2, ""risk"": 4, ""challenge"": 2, ""threat"": 1}"
2015-10-06,"Address by Lesetja Kganyago, Governor, South African Reserve Bank at the New York Investment Conference, 5 October 2015",Lesetja Kganyago,pdf,0.7107,82,39,3567,"{""most"": 3, ""good"": 3, ""achievements"": 2, ""up"": 7, ""more"": 13, ""opportunities"": 2, ""growth"": 17, ""high"": 2, ""greater"": 3, ""accomplishments"": 1, ""best"": 1, ""rise"": 2, ""expansion"": 1, ""better"": 4, ""stronger"": 2, ""encouraged"": 1, ""increased"": 1, ""higher"": 6, ""encouraging"": 1, ""rewarding"": 1, ""enjoyed"": 1, ""increases"": 1, ""accomplish"": 1, ""accomplished"": 1, ""progress"": 1, ""strong"": 1, ""greatest"": 1, ""record"": 1, ""strengthens"": 1}","{""difficult"": 5, ""drop"": 1, ""fall"": 4, ""low"": 6, ""weak"": 2, ""fallen"": 2, ""deteriorated"": 1, ""down"": 2, ""lower"": 2, ""fails"": 1, ""risk"": 2, ""challenging"": 1, ""falling"": 1, ""under"": 1, ""challenge"": 1, ""declined"": 2, ""disappointed"": 1, ""weaken"": 1, ""slump"": 1, ""weakening"": 1, ""challenges"": 1}"
2015-10-09,"Address by Mr Francois Groepe, Deputy Governor of the South African Reserve Bank (SARB), at the AHI conference on ‘The role of business  in local government and local economic development' George, 9 October 2015",Francois Groepe,pdf,0.6408,68,35,3045,"{""growth"": 20, ""opportunities"": 5, ""more"": 8, ""stronger"": 1, ""high"": 2, ""strong"": 2, ""certain"": 3, ""most"": 1, ""up"": 2, ""exceed"": 1, ""exceeded"": 1, ""improvement"": 1, ""growing"": 2, ""increases"": 1, ""increase"": 2, ""record"": 1, ""rise"": 1, ""expanding"": 2, ""best"": 1, ""leading"": 1, ""opportunity"": 3, ""risen"": 1, ""improvements"": 2, ""highest"": 1, ""above"": 2, ""grow"": 1}","{""least"": 2, ""failure"": 1, ""disappointing"": 1, ""less"": 5, ""declined"": 2, ""disappointed"": 1, ""falls"": 1, ""weak"": 2, ""declines"": 1, ""deteriorating"": 1, ""down"": 3, ""lower"": 2, ""low"": 4, ""weakened"": 1, ""weakening"": 1, ""difficult"": 1, ""under"": 4, ""fell"": 1, ""below"": 1}"
2015-10-20,"Address by Lesetja Kganyago, Governor of the South African Reserve Bank, at the Industrial Development Corporation (IDC) Conference, Sandton",Lesetja Kganyago,pdf,0.441,119,76,3833,"{""good"": 1, ""opportunity"": 1, ""growth"": 44, ""largest"": 1, ""rising"": 1, ""best"": 3, ""improve"": 2, ""more"": 14, ""exceed"": 1, ""increase"": 4, ""improving"": 1, ""positive"": 3, ""expansion"": 1, ""leading"": 2, ""grows"": 1, ""larger"": 1, ""high"": 1, ""strong"": 6, ""increases"": 4, ""higher"": 8, ""better"": 1, ""up"": 3, ""most"": 2, ""increasing"": 1, ""greater"": 1, ""expanding"": 1, ""achieved"": 1, ""certain"": 1, ""increased"": 1, ""strength"": 1, ""success"": 1, ""opportunities"": 1, ""deliver"": 1, ""succeed"": 1, ""growing"": 1, ""strengths"": 1}","{""challenges"": 4, ""deteriorating"": 2, ""declining"": 6, ""disappointed"": 2, ""down"": 3, ""weak"": 9, ""falling"": 1, ""uncertainty"": 9, ""uncertain"": 2, ""risks"": 3, ""declined"": 1, ""risk"": 2, ""low"": 4, ""worse"": 1, ""weakening"": 2, ""negative"": 1, ""lower"": 6, ""challenging"": 3, ""decline"": 2, ""disappointing"": 2, ""difficult"": 1, ""disappoint"": 1, ""under"": 2, ""weaken"": 1, ""weakened"": 1, ""weakness"": 3, ""less"": 1, ""fall"": 1}"
2015-10-20,"Address by Mr. Daniel Mminele, Deputy Governor of the South African Reserve Bank, at The Economist Annual Investment Agenda Conference, The Michelangelo Hotel, Johannesburg, 20 October 2015 ",Mr. Daniel Mminele,pdf,1.0236,96,31,3302,"{""good"": 1, ""deliver"": 1, ""growth"": 34, ""strong"": 2, ""more"": 12, ""increasing"": 3, ""most"": 4, ""largest"": 5, ""expand"": 3, ""achieve"": 2, ""larger"": 1, ""certainty"": 1, ""progress"": 2, ""grew"": 1, ""above"": 1, ""record"": 1, ""growing"": 3, ""rising"": 4, ""high"": 2, ""exceeded"": 1, ""rise"": 2, ""improvement"": 1, ""increased"": 2, ""opportunities"": 2, ""risen"": 1, ""successes"": 1, ""better"": 1, ""certain"": 1, ""increase"": 1}","{""uncertain"": 2, ""uncertainty"": 3, ""challenge"": 1, ""risk"": 1, ""under"": 2, ""lower"": 2, ""fall"": 2, ""down"": 1, ""worst"": 1, ""decline"": 1, ""low"": 4, ""risks"": 3, ""negative"": 1, ""challenges"": 1, ""deteriorated"": 2, ""weak"": 1, ""declining"": 1, ""falling"": 1, ""threat"": 1}"
2015-10-23,"Address by Lesetja Kganyago, Governor of the South African Reserve Bank at the Bureau for Economic Research, 22 October 2015",Lesetja Kganyago,pdf,0.6243,124,65,3450,"{""growth"": 52, ""better"": 3, ""positive"": 5, ""progress"": 1, ""expanded"": 1, ""increasing"": 1, ""grew"": 1, ""improvements"": 2, ""above"": 1, ""expansion"": 1, ""up"": 5, ""increased"": 1, ""rising"": 3, ""greater"": 2, ""enjoyed"": 1, ""more"": 12, ""grow"": 1, ""growing"": 1, ""rose"": 1, ""higher"": 7, ""exceeded"": 1, ""strongest"": 1, ""high"": 5, ""expanding"": 2, ""rise"": 3, ""leading"": 1, ""best"": 2, ""increase"": 1, ""encouraged"": 1, ""enjoy"": 1, ""achieved"": 1, ""expands"": 1, ""improve"": 1, ""improving"": 1}","{""declining"": 2, ""lowest"": 1, ""disappointing"": 1, ""least"": 2, ""fall"": 1, ""below"": 3, ""low"": 12, ""difficult"": 4, ""under"": 1, ""worse"": 2, ""fell"": 2, ""disappointed"": 1, ""less"": 3, ""lower"": 5, ""weak"": 5, ""worsening"": 1, ""down"": 1, ""uncertainty"": 1, ""falling"": 1, ""declined"": 2, ""negative"": 3, ""risk"": 2, ""risks"": 3, ""weakness"": 1, ""shrinking"": 1, ""uncertain"": 1, ""fallen"": 1, ""threat"": 1, ""obstacles"": 1}"
2015-10-29,"Address by Daniel Mminele, Deputy Governor of the South African Reserve Bank at the National Asset-Liability Management Africa Symposium in Johannesburg, 29 October 2015",Daniel Mminele,pdf,0.094,78,71,4297,"{""good"": 1, ""deliver"": 1, ""more"": 19, ""strong"": 2, ""growth"": 9, ""increased"": 13, ""expansion"": 1, ""encouraging"": 1, ""higher"": 3, ""increase"": 4, ""positive"": 2, ""increases"": 2, ""up"": 3, ""most"": 2, ""increasing"": 1, ""certain"": 2, ""stronger"": 3, ""growing"": 2, ""largest"": 1, ""better"": 2, ""rising"": 1, ""larger"": 1, ""greater"": 1, ""high"": 1}","{""challenges"": 5, ""risks"": 9, ""low"": 7, ""uncertain"": 4, ""falling"": 1, ""uncertainty"": 4, ""negative"": 4, ""weakness"": 2, ""less"": 2, ""lower"": 8, ""challenging"": 2, ""fallen"": 1, ""fell"": 1, ""fall"": 3, ""weak"": 2, ""declined"": 2, ""declining"": 1, ""below"": 3, ""under"": 1, ""disappointing"": 1, ""decline"": 1, ""risk"": 5, ""challenge"": 1, ""deteriorated"": 1}"
2015-11-06,"Address by Francois Groepe, Deputy Governor of the South African Reserve Bank at the Credit Suisse Africa Conference, 6 November 2015",Francois Groepe,pdf,0.559,103,58,3526,"{""good"": 1, ""deliver"": 1, ""increased"": 6, ""strengthen"": 1, ""more"": 8, ""improvements"": 2, ""positive"": 2, ""growth"": 26, ""improved"": 4, ""most"": 8, ""high"": 3, ""rising"": 1, ""grow"": 2, ""increase"": 2, ""grown"": 1, ""largest"": 2, ""exceeds"": 1, ""growing"": 3, ""above"": 3, ""up"": 4, ""risen"": 2, ""highest"": 1, ""rewards"": 1, ""improve"": 2, ""rise"": 1, ""increasing"": 1, ""greater"": 3, ""higher"": 1, ""expanded"": 1, ""better"": 1, ""stronger"": 1, ""certain"": 1, ""increases"": 2, ""exceed"": 1, ""leading"": 1, ""strengthened"": 1, ""improving"": 1}","{""challenges"": 13, ""risks"": 5, ""challenging"": 5, ""lower"": 10, ""deteriorated"": 2, ""risk"": 2, ""less"": 1, ""negative"": 5, ""below"": 1, ""deteriorating"": 2, ""low"": 3, ""under"": 2, ""least"": 2, ""decline"": 1, ""weakening"": 1, ""challenge"": 1, ""worsening"": 1, ""declining"": 1}"
2015-11-06,"Address by Lesetja Kganyago, Governor of the South African Reserve Bank, at the IIF-FNB Africa Financial Summit, Johannesburg, 4 November 2015",Lesetja Kganyago,pdf,0.5854,106,58,3382,"{""good"": 2, ""deliver"": 1, ""best"": 1, ""progress"": 2, ""more"": 15, ""growth"": 17, ""high"": 7, ""solid"": 3, ""stronger"": 1, ""up"": 6, ""expansion"": 5, ""most"": 4, ""rise"": 2, ""strength"": 2, ""largest"": 1, ""strong"": 5, ""greater"": 4, ""increased"": 5, ""increase"": 1, ""encouraged"": 1, ""positive"": 2, ""improve"": 1, ""higher"": 3, ""growing"": 3, ""increasing"": 1, ""increases"": 1, ""grown"": 1, ""rose"": 2, ""risen"": 2, ""grew"": 1, ""grow"": 1, ""rising"": 1, ""opportunities"": 1, ""improvement"": 1}","{""challenging"": 4, ""challenges"": 8, ""disappointing"": 1, ""down"": 3, ""decrease"": 1, ""weak"": 3, ""falling"": 3, ""deteriorating"": 1, ""weaken"": 1, ""decline"": 5, ""deteriorate"": 1, ""declining"": 2, ""low"": 4, ""less"": 2, ""declined"": 1, ""worsening"": 1, ""falls"": 1, ""worsen"": 2, ""risk"": 7, ""drop"": 1, ""lower"": 1, ""risks"": 3, ""least"": 1, ""fall"": 1}"
2015-11-27,"Address by Mr Francois Groepe, Deputy Governor of the South African Reserve Bank, at the Bank of America-Merrill Lynch Investor Conference Johannesburg, 27 November 2015",Francois Groepe,pdf,0.304,72,53,3583,"{""good"": 1, ""encouraged"": 1, ""growth"": 20, ""more"": 7, ""exceeded"": 1, ""improving"": 1, ""up"": 1, ""growing"": 2, ""encouraging"": 2, ""risen"": 2, ""rise"": 4, ""increase"": 2, ""strong"": 1, ""most"": 3, ""rising"": 3, ""stronger"": 3, ""high"": 4, ""improvement"": 1, ""positive"": 3, ""increased"": 3, ""rose"": 1, ""expansion"": 1, ""enjoy"": 1, ""greater"": 1, ""best"": 2, ""higher"": 1}","{""challenges"": 2, ""low"": 8, ""fall"": 2, ""depressed"": 1, ""negative"": 7, ""risky"": 1, ""under"": 2, ""less"": 2, ""fallen"": 1, ""down"": 2, ""decline"": 2, ""risks"": 4, ""weakness"": 2, ""risk"": 3, ""challenging"": 2, ""weak"": 1, ""challenge"": 1, ""falling"": 1, ""uncertain"": 2, ""declining"": 1, ""least"": 2, ""threats"": 1, ""lower"": 3}"
2015-12-01,"Keynote address by Mr Daniel Mminele, Deputy Governor of the South African Reserve Bank, at the African Central Bank Reserves Management 2020, Arusha, Tanzania, 01 December 2015 ",Daniel Mminele,pdf,0.4412,83,53,3415,"{""opportunities"": 8, ""good"": 2, ""deliver"": 1, ""opportunity"": 5, ""best"": 2, ""achieving"": 1, ""achieve"": 1, ""more"": 13, ""record"": 1, ""high"": 5, ""growth"": 6, ""increasing"": 2, ""stronger"": 1, ""increased"": 3, ""increase"": 5, ""up"": 2, ""strong"": 1, ""most"": 2, ""rise"": 1, ""larger"": 1, ""higher"": 9, ""strengthened"": 1, ""growing"": 1, ""rising"": 1, ""improving"": 1, ""improve"": 1, ""improved"": 3, ""better"": 1, ""strengthen"": 1, ""enjoy"": 1}","{""challenges"": 12, ""risks"": 2, ""negative"": 9, ""under"": 3, ""uncertainty"": 3, ""low"": 3, ""down"": 1, ""falling"": 2, ""drop"": 2, ""difficult"": 1, ""risk"": 9, ""dropped"": 1, ""decline"": 2, ""challenge"": 1, ""depressed"": 1, ""fall"": 1}"
2016-01-12,"Address by Mr. Daniel Mminele, Deputy Governor of the South African Reserve Bank (SARB), at the European Economics & Financial Centre (EEFC), Palace of Westminster, London, 12 January 2016",Mr. Daniel Mminele,pdf,0.2239,144,115,5407,"{""good"": 1, ""up"": 7, ""growth"": 64, ""more"": 15, ""higher"": 4, ""increase"": 5, ""expanded"": 1, ""increasing"": 2, ""strengthen"": 1, ""grown"": 1, ""achieve"": 1, ""positive"": 2, ""strong"": 5, ""grow"": 3, ""grew"": 1, ""growing"": 2, ""achieving"": 2, ""rise"": 2, ""high"": 3, ""increased"": 4, ""rising"": 3, ""certain"": 1, ""increases"": 2, ""rose"": 2, ""encouraging"": 1, ""highest"": 1, ""most"": 3, ""strength"": 1, ""above"": 3, ""stronger"": 1}","{""weakness"": 3, ""risks"": 14, ""lower"": 9, ""weak"": 12, ""below"": 3, ""disappoint"": 1, ""declining"": 3, ""challenging"": 3, ""challenges"": 2, ""decline"": 9, ""drop"": 3, ""worse"": 1, ""decreased"": 1, ""less"": 2, ""difficult"": 1, ""least"": 1, ""down"": 1, ""low"": 13, ""weakening"": 1, ""negative"": 8, ""fallen"": 1, ""uncertainty"": 1, ""declines"": 1, ""worst"": 1, ""worsen"": 1, ""fell"": 2, ""lowest"": 3, ""under"": 3, ""risk"": 6, ""challenge"": 1, ""fall"": 1, ""weakened"": 1, ""deteriorated"": 1, ""threat"": 1}"
2016-02-18,"Opening address by Mr Daniel Mminele, Deputy Governor of the South African Reserve Bank, at the G-30 Forum on Banking Conduct and Culture, Pretoria, 18 February 2016",Daniel Mminele,pdf,0.0588,35,33,2652,"{""up"": 1, ""most"": 4, ""more"": 1, ""encouraging"": 3, ""reward"": 1, ""strengthening"": 3, ""opportunity"": 1, ""rewards"": 1, ""good"": 1, ""improvements"": 1, ""better"": 2, ""improved"": 2, ""deliver"": 1, ""greatest"": 1, ""best"": 3, ""improvement"": 1, ""strengthen"": 2, ""opportunities"": 1, ""highest"": 1, ""rewarded"": 1, ""rising"": 1, ""higher"": 1, ""growth"": 1}","{""less"": 1, ""difficult"": 2, ""penalties"": 1, ""least"": 2, ""risks"": 7, ""weaknesses"": 1, ""risk"": 13, ""fail"": 1, ""challenges"": 2, ""challenge"": 1, ""challenging"": 1, ""failure"": 1}"
2016-02-19,"Address by Mr Kuben Naidoo, Deputy Governor of the South African Reserve Bank, at the FEDUSA Leadership and Collective Bargaining Conference, 19 February 2016",Kuben Naidoo,pdf,0.5333,76,44,2493,"{""opportunity"": 1, ""growth"": 27, ""increased"": 2, ""expansion"": 1, ""leading"": 2, ""improvement"": 1, ""rising"": 3, ""up"": 1, ""strengthen"": 1, ""most"": 4, ""high"": 3, ""opportunities"": 1, ""improve"": 1, ""grow"": 1, ""more"": 7, ""record"": 1, ""above"": 3, ""increases"": 2, ""higher"": 4, ""achieved"": 1, ""rises"": 1, ""improved"": 1, ""greater"": 1, ""rise"": 1, ""increase"": 1, ""better"": 2, ""good"": 1, ""progress"": 1}","{""challenging"": 1, ""challenges"": 4, ""challenge"": 1, ""weakness"": 3, ""down"": 1, ""low"": 5, ""lower"": 1, ""risks"": 3, ""disappointed"": 1, ""weak"": 1, ""falling"": 1, ""risk"": 5, ""decline"": 1, ""lowest"": 1, ""declining"": 1, ""declined"": 1, ""deteriorated"": 2, ""drop"": 1, ""difficult"": 5, ""least"": 1, ""uncertainty"": 2, ""uncertain"": 1, ""fall"": 1}"
2016-04-16,"Address by Mr Daniel Mminele, Deputy Governor of the South African Reserve Bank at the JP Morgan Investor Seminar, Washington, D.C., 16 April 2016",Daniel Mminele,pdf,0.6667,80,40,2741,"{""good"": 1, ""opportunity"": 1, ""more"": 9, ""achieve"": 2, ""growth"": 29, ""increasing"": 2, ""increase"": 2, ""enjoyed"": 1, ""most"": 9, ""up"": 4, ""greater"": 1, ""rising"": 2, ""strong"": 1, ""improvement"": 1, ""larger"": 1, ""increased"": 5, ""accomplish"": 1, ""exceeded"": 1, ""increases"": 2, ""highest"": 1, ""encouraging"": 1, ""above"": 2, ""best"": 1}","{""uncertainty"": 3, ""low"": 4, ""risks"": 3, ""weak"": 3, ""disappointing"": 1, ""drop"": 1, ""below"": 2, ""risk"": 4, ""lowest"": 1, ""decline"": 2, ""worst"": 1, ""declined"": 3, ""decrease"": 1, ""down"": 2, ""lower"": 1, ""negative"": 1, ""challenge"": 1, ""deteriorating"": 1, ""under"": 2, ""smaller"": 1, ""threat"": 1, ""weakening"": 1}"
2016-04-21,"Address by Mr Daniel Mminele, Deputy Governor of the South African Reserve Bank, at the Financial Markets Department Annual Cocktail Function, Pretoria, 21 April 2016",Daniel Mminele,pdf,0.2424,37,29,1974,"{""good"": 2, ""success"": 1, ""more"": 6, ""opportunity"": 2, ""better"": 2, ""growth"": 2, ""increase"": 3, ""increased"": 2, ""higher"": 1, ""high"": 3, ""increases"": 3, ""risen"": 1, ""larger"": 1, ""strong"": 2, ""improving"": 1, ""delivered"": 1, ""strengthening"": 1, ""improve"": 1, ""best"": 1, ""positive"": 1}","{""challenging"": 1, ""challenges"": 1, ""difficult"": 1, ""less"": 3, ""declined"": 3, ""declining"": 1, ""below"": 2, ""lower"": 1, ""decline"": 1, ""weakness"": 1, ""negative"": 6, ""weakened"": 2, ""weakening"": 1, ""weaken"": 1, ""low"": 2, ""least"": 1, ""under"": 1}"
2016-06-02,"Address by Lesetja Kganyago, Governor of the South African Reserve Bank at the Agricultural Business Chamber Congress 2016",Lesetja Kganyago,pdf,1.1358,127,35,3233,"{""good"": 2, ""excellent"": 1, ""improve"": 2, ""rising"": 2, ""above"": 7, ""increases"": 9, ""certain"": 3, ""best"": 2, ""growth"": 16, ""encouraging"": 3, ""increased"": 7, ""most"": 4, ""up"": 7, ""more"": 9, ""grow"": 1, ""rises"": 2, ""high"": 2, ""rise"": 2, ""increase"": 5, ""higher"": 9, ""strong"": 2, ""opportunities"": 1, ""exceeded"": 2, ""increasing"": 4, ""risen"": 1, ""rose"": 2, ""greater"": 3, ""larger"": 1, ""expansion"": 7, ""achieve"": 1, ""certainty"": 1, ""record"": 1, ""exceed"": 1, ""leading"": 1, ""grown"": 1, ""strengthen"": 2, ""expanding"": 1}","{""weak"": 2, ""weakness"": 1, ""low"": 6, ""declined"": 2, ""below"": 1, ""dropped"": 1, ""lower"": 3, ""weaknesses"": 1, ""falling"": 1, ""less"": 3, ""negative"": 1, ""least"": 2, ""declining"": 1, ""uncertainty"": 3, ""risk"": 1, ""decreasing"": 1, ""risks"": 1, ""shrinking"": 1, ""challenges"": 2, ""difficult"": 1}"
2016-06-07,"Address by Mr Leon Myburgh, Head of the Financial Markets Department at the Council of Retirement Funds for South Africa/Batseta’s 2nd Winter Conference, 6-7 June 2016",Leon Myburgh,pdf,0.5867,97,53,4015,"{""good"": 2, ""opportunity"": 2, ""positive"": 3, ""growth"": 18, ""most"": 5, ""best"": 2, ""enjoy"": 1, ""above"": 7, ""improved"": 5, ""achieved"": 1, ""higher"": 7, ""more"": 7, ""high"": 2, ""strength"": 5, ""progress"": 1, ""improving"": 1, ""strong"": 4, ""better"": 3, ""increase"": 4, ""leading"": 2, ""increased"": 4, ""improves"": 1, ""greater"": 1, ""highest"": 1, ""up"": 2, ""increasing"": 2, ""increases"": 1, ""larger"": 2, ""deliver"": 1}","{""low"": 5, ""challenges"": 1, ""challenge"": 1, ""negative"": 7, ""declined"": 2, ""weak"": 2, ""down"": 2, ""risk"": 6, ""under"": 2, ""challenging"": 1, ""risks"": 7, ""weaknesses"": 1, ""less"": 2, ""weakened"": 1, ""decline"": 1, ""lower"": 3, ""below"": 4, ""deteriorate"": 1, ""falls"": 1, ""drop"": 1, ""lowest"": 1, ""fall"": 1}"
2016-06-30,"Address by Mr Francois Groepe, Deputy Governor of the South African Reserve Bank, at the ICBC Standard Bank Africa Investor Conference, London",Francois Groepe,pdf,0.5063,99,59,3722,"{""opportunities"": 2, ""good"": 1, ""growth"": 18, ""increased"": 4, ""high"": 5, ""improvement"": 3, ""expansion"": 2, ""most"": 5, ""rising"": 3, ""higher"": 4, ""exceeds"": 1, ""expand"": 2, ""up"": 4, ""more"": 10, ""increases"": 3, ""increase"": 3, ""solid"": 3, ""stronger"": 3, ""improving"": 1, ""achieve"": 1, ""risen"": 1, ""grown"": 1, ""encouraging"": 5, ""improved"": 2, ""enjoy"": 1, ""above"": 2, ""strong"": 1, ""rise"": 1, ""exceed"": 1, ""rose"": 2, ""best"": 1, ""achievement"": 1, ""positive"": 2}","{""challenges"": 9, ""low"": 7, ""risks"": 3, ""uncertainty"": 1, ""falling"": 2, ""negative"": 3, ""down"": 2, ""weakness"": 2, ""decline"": 2, ""drop"": 1, ""fell"": 3, ""difficult"": 1, ""least"": 1, ""risk"": 8, ""weak"": 3, ""below"": 1, ""lower"": 4, ""less"": 1, ""under"": 2, ""declined"": 2, ""fall"": 1}"
2016-07-06,"Address by Daniel Mminele, Deputy Governor of the South African Reserve Bank, at the International Mbali Conference, hosted by the University of Zululand, Richards Bay, KwaZulu-Natal, 6 July 2016",Daniel Mminele,pdf,0.2657,81,62,3897,"{""good"": 2, ""opportunity"": 1, ""more"": 9, ""increased"": 6, ""higher"": 7, ""increase"": 6, ""growth"": 15, ""up"": 4, ""high"": 1, ""record"": 4, ""positive"": 1, ""expanded"": 1, ""rising"": 2, ""greatest"": 1, ""certain"": 2, ""growing"": 1, ""most"": 8, ""greater"": 2, ""above"": 1, ""improvements"": 1, ""progress"": 2, ""achieving"": 1, ""grow"": 1, ""rises"": 1, ""exceeds"": 1}","{""falls"": 1, ""uncertainty"": 6, ""risk"": 9, ""fall"": 2, ""fell"": 3, ""low"": 3, ""decline"": 3, ""weak"": 1, ""risks"": 1, ""threat"": 1, ""less"": 3, ""down"": 3, ""weakness"": 2, ""negative"": 4, ""below"": 2, ""least"": 2, ""falling"": 1, ""decrease"": 2, ""declining"": 1, ""worst"": 1, ""lower"": 2, ""worse"": 1, ""smaller"": 1, ""challenging"": 2, ""difficult"": 1, ""disappointing"": 1, ""challenge"": 1, ""weakening"": 1, ""under"": 1}"
2016-07-07,"Address by Deputy Governor Daniel Mminele, at the Bundesbank Regional Office in North Rhine-Westphalia, Düsseldorf, Germany, 7 July 2016",Deputy Governor Daniel Mminele,pdf,0.8085,99,42,3512,"{""good"": 1, ""opportunity"": 1, ""successes"": 2, ""more"": 9, ""growth"": 27, ""delivering"": 1, ""strong"": 5, ""expanding"": 1, ""strengthening"": 1, ""delivered"": 9, ""largest"": 1, ""expanded"": 3, ""grew"": 1, ""increased"": 5, ""most"": 3, ""increase"": 2, ""grown"": 1, ""rising"": 2, ""higher"": 1, ""greater"": 2, ""success"": 2, ""encouraging"": 1, ""stronger"": 2, ""expand"": 1, ""progress"": 2, ""up"": 1, ""achievements"": 2, ""achieved"": 1, ""better"": 2, ""strengthen"": 2, ""growing"": 1, ""record"": 1, ""grow"": 1, ""high"": 1, ""opportunities"": 1}","{""weaknesses"": 1, ""challenges"": 6, ""challenge"": 3, ""declined"": 3, ""low"": 2, ""risk"": 1, ""fallen"": 1, ""lower"": 1, ""fell"": 2, ""below"": 2, ""declining"": 2, ""under"": 4, ""worse"": 1, ""risks"": 4, ""smaller"": 1, ""negative"": 1, ""weak"": 1, ""uncertainty"": 1, ""worst"": 1, ""worsening"": 1, ""deteriorated"": 1, ""challenging"": 1, ""difficult"": 1}"
2016-07-25,"Address by Mr Francois Groepe, Deputy Governor of the South African Reserve Bank, at the PASA International Payments Conference, 25 July 2016",Francois Groepe,pdf,0.7636,38,17,2110,"{""opportunities"": 5, ""good"": 1, ""growth"": 3, ""increased"": 2, ""high"": 2, ""most"": 1, ""strengthen"": 3, ""more"": 4, ""expanded"": 3, ""above"": 2, ""better"": 1, ""improving"": 2, ""improve"": 1, ""up"": 1, ""encouraged"": 1, ""achieving"": 1, ""certain"": 1, ""successful"": 3, ""achieve"": 1}","{""challenges"": 5, ""low"": 3, ""risks"": 3, ""uncertainty"": 1, ""challenging"": 1, ""threats"": 1, ""failure"": 1, ""risk"": 1, ""worst"": 1}"
2016-07-27,"Address by Mr Daniel Mminele, Deputy Governor of the South African Reserve Bank, at a Breakfast Meeting hosted by Ethical Foundation for Leadership Excellence, Polokwane, Limpopo, 27 July 2016",Daniel Mminele,pdf,0.3815,103,70,3795,"{""good"": 2, ""opportunity"": 1, ""improved"": 2, ""excellent"": 1, ""most"": 8, ""growth"": 33, ""high"": 4, ""more"": 5, ""improvement"": 4, ""largest"": 2, ""stronger"": 1, ""strong"": 2, ""higher"": 5, ""increased"": 6, ""rising"": 3, ""progress"": 1, ""achieve"": 3, ""grow"": 1, ""above"": 4, ""positive"": 1, ""increases"": 4, ""exceeded"": 1, ""up"": 2, ""increase"": 2, ""encouraging"": 1, ""strength"": 1, ""growing"": 1, ""increasing"": 1, ""achieving"": 1}","{""under"": 1, ""challenges"": 2, ""less"": 1, ""challenging"": 5, ""low"": 2, ""risks"": 7, ""uncertainty"": 6, ""risk"": 7, ""negative"": 3, ""risky"": 1, ""down"": 6, ""lowest"": 1, ""decline"": 4, ""declined"": 6, ""threats"": 1, ""declining"": 2, ""deteriorated"": 2, ""weak"": 3, ""challenge"": 3, ""depressed"": 1, ""lower"": 2, ""disappointing"": 2, ""below"": 2}"
2016-07-29,"Governor’s Address to the Shareholders of the South African Reserve Bank at the ninety-sixth annual Ordinary General Meeting (AGM), 29 July 2016",,pdf,0.321,47,34,1829,"{""growth"": 19, ""improved"": 2, ""more"": 4, ""improvements"": 2, ""positive"": 1, ""increased"": 3, ""high"": 1, ""rise"": 2, ""grew"": 1, ""rising"": 1, ""above"": 1, ""increases"": 1, ""expanded"": 1, ""successful"": 1, ""good"": 1, ""strength"": 1, ""pleased"": 1, ""up"": 1, ""improvement"": 1, ""increase"": 1, ""higher"": 1}","{""challenging"": 1, ""risks"": 7, ""uncertainty"": 2, ""down"": 2, ""negative"": 2, ""lower"": 2, ""weak"": 4, ""declining"": 3, ""falling"": 1, ""below"": 1, ""low"": 4, ""disappointing"": 1, ""worsening"": 1, ""deteriorating"": 1, ""declined"": 1, ""decline"": 1}"
2016-08-04,"Remarks by Mr. Daniel Mminele Deputy Governor, South African Reserve Bank At the Launch of the T+3 Equity Market Settlement Cycle Johannesburg, 4 August 2016",Mr. Daniel Mminele Deputy,pdf,0.4348,28,18,1378,"{""good"": 1, ""opportunity"": 1, ""successful"": 1, ""improve"": 2, ""best"": 1, ""improving"": 3, ""increased"": 3, ""more"": 4, ""increasing"": 2, ""better"": 2, ""achieving"": 1, ""greater"": 1, ""improvement"": 1, ""strengthen"": 1, ""encouraging"": 1, ""pleased"": 1, ""up"": 1, ""growth"": 1}","{""under"": 3, ""risk"": 12, ""risks"": 1, ""less"": 1, ""falls"": 1}"
2016-08-12,"Address by Francois Groepe, Deputy Governor of the South African Reserve Bank, at the University of the Free State, Bloemfontein, 12 August 2016",Francois Groepe,pdf,0.2714,113,86,5182,"{""good"": 2, ""opportunity"": 1, ""growth"": 30, ""rising"": 2, ""rose"": 1, ""most"": 5, ""more"": 20, ""deliver"": 1, ""expanded"": 3, ""achieve"": 2, ""higher"": 13, ""achieved"": 1, ""high"": 7, ""above"": 3, ""growing"": 1, ""certain"": 1, ""successful"": 1, ""increased"": 1, ""increases"": 3, ""rise"": 1, ""increase"": 2, ""better"": 2, ""best"": 2, ""up"": 1, ""strengths"": 1, ""achieving"": 1, ""strong"": 1, ""expansion"": 1, ""increasing"": 1, ""successes"": 1, ""succeeded"": 1}","{""challenging"": 3, ""fallen"": 2, ""down"": 5, ""low"": 13, ""risk"": 8, ""least"": 3, ""declines"": 1, ""under"": 4, ""below"": 5, ""weak"": 4, ""downturn"": 2, ""challenge"": 1, ""uncertainty"": 1, ""difficult"": 4, ""falls"": 1, ""decline"": 1, ""declining"": 2, ""lower"": 6, ""negative"": 5, ""fall"": 2, ""worse"": 1, ""risky"": 1, ""risks"": 3, ""weakening"": 1, ""failure"": 2, ""weaknesses"": 1, ""challenges"": 2, ""threats"": 1, ""worsening"": 1}"
2016-08-23,"Address by Lesetja Kganyago, Governor of the South African Reserve Bank, at the Cybersecurity Conference, Johannesburg, 23 August 2016",Lesetja Kganyago,pdf,0.3881,40,27,2055,"{""most"": 4, ""expanded"": 2, ""greater"": 6, ""more"": 10, ""high"": 1, ""opportunities"": 2, ""leading"": 1, ""opportunity"": 1, ""improved"": 1, ""expanding"": 1, ""growing"": 2, ""increasing"": 2, ""grown"": 1, ""increased"": 1, ""improvement"": 1, ""up"": 1, ""improves"": 1, ""strong"": 1, ""strengthen"": 1}","{""negative"": 1, ""risks"": 6, ""threats"": 8, ""risk"": 2, ""down"": 2, ""threat"": 5, ""under"": 1, ""hurdles"": 1, ""obstacles"": 1}"
2016-08-24,"Address by Lesetja Kganyago, Governor of the South African Reserve Bank, at the Labour Law Conference, Johannesburg, 24 August 2016",Lesetja Kganyago,pdf,0.9417,164,59,4496,"{""growth"": 32, ""good"": 4, ""rising"": 6, ""better"": 10, ""achieved"": 1, ""increase"": 3, ""above"": 4, ""higher"": 11, ""strong"": 2, ""high"": 12, ""grew"": 2, ""achieve"": 4, ""more"": 26, ""exceeded"": 1, ""improvement"": 2, ""success"": 1, ""larger"": 3, ""most"": 3, ""up"": 7, ""beating"": 1, ""achieves"": 1, ""grown"": 1, ""risen"": 1, ""highest"": 3, ""growing"": 4, ""grow"": 2, ""progress"": 1, ""expands"": 1, ""increasing"": 2, ""expand"": 1, ""opportunities"": 1, ""rise"": 2, ""stronger"": 1, ""opportunity"": 1, ""achieving"": 2, ""best"": 1, ""greater"": 1, ""strength"": 1, ""increases"": 1, ""improve"": 1}","{""challenges"": 3, ""low"": 6, ""lower"": 12, ""weak"": 1, ""decline"": 2, ""falling"": 1, ""under"": 1, ""deteriorating"": 1, ""fell"": 1, ""below"": 3, ""fallen"": 1, ""worst"": 2, ""worse"": 1, ""declines"": 1, ""negative"": 1, ""difficult"": 7, ""fall"": 3, ""falls"": 1, ""worsening"": 1, ""downturn"": 1, ""smaller"": 3, ""down"": 1, ""failing"": 1, ""risk"": 2, ""less"": 2}"
2016-08-26,"Address by Daniel Mminele, Deputy Governor of the South African Reserve Bank, at the University of KwaZulu-Natal Business Management Conference, Durban, 26 August 2016",Daniel Mminele,pdf,1.2357,127,30,3021,"{""good"": 2, ""strong"": 1, ""growth"": 41, ""most"": 7, ""grow"": 1, ""rising"": 4, ""above"": 6, ""encouraging"": 4, ""expansion"": 1, ""more"": 13, ""increased"": 7, ""increase"": 5, ""exceeded"": 1, ""rose"": 2, ""improvements"": 2, ""high"": 5, ""risen"": 1, ""increases"": 5, ""positive"": 1, ""progress"": 2, ""increasing"": 1, ""rise"": 2, ""improve"": 1, ""opportunity"": 2, ""best"": 2, ""largest"": 2, ""leading"": 1, ""greater"": 1, ""certainty"": 1, ""improvement"": 1, ""higher"": 2}","{""disappointing"": 1, ""lower"": 6, ""weak"": 5, ""challenging"": 1, ""declining"": 1, ""low"": 3, ""weakening"": 1, ""risks"": 3, ""falling"": 1, ""risk"": 3, ""under"": 1, ""below"": 1, ""less"": 2, ""least"": 1}"
2016-09-07,"Address by Lesetja Kganyago, Governor of the South African Reserve Bank, at the Nelson Mandela Metropolitan University Business School, Port Elizabeth, 7 September 2016  ",Lesetja Kganyago,pdf,0.6526,126,64,4429,"{""good"": 2, ""opportunity"": 1, ""growth"": 17, ""up"": 7, ""above"": 3, ""rising"": 7, ""better"": 7, ""high"": 13, ""growing"": 4, ""most"": 1, ""higher"": 16, ""rise"": 6, ""more"": 14, ""increases"": 4, ""increase"": 1, ""highest"": 1, ""enjoying"": 1, ""strong"": 2, ""expand"": 1, ""excellent"": 1, ""largest"": 2, ""enjoyed"": 1, ""strengthened"": 1, ""rose"": 1, ""positive"": 1, ""leading"": 1, ""strengthening"": 1, ""rewards"": 1, ""exceeded"": 2, ""rises"": 1, ""achieve"": 2, ""opportunities"": 1, ""best"": 2}","{""falling"": 5, ""low"": 3, ""below"": 2, ""lower"": 7, ""difficult"": 2, ""least"": 2, ""down"": 3, ""risk"": 9, ""fallen"": 2, ""under"": 1, ""weak"": 2, ""weakened"": 2, ""deteriorated"": 1, ""fell"": 1, ""risks"": 1, ""negative"": 1, ""weakness"": 3, ""less"": 8, ""weakens"": 2, ""threat"": 1, ""worst"": 2, ""smaller"": 1, ""weakening"": 2, ""challenges"": 1}"
2016-09-27,"Address by Mr Daniel Mminele, at the RMB / Morgan Stanley ‘Big Five’ Investor Conference, Cape Town, 27 September 2016",Daniel Mminele,pdf,0.2249,94,75,4089,"{""good"": 1, ""high"": 6, ""growth"": 35, ""most"": 8, ""more"": 10, ""improved"": 1, ""increasing"": 1, ""up"": 1, ""progress"": 2, ""exceed"": 1, ""above"": 2, ""higher"": 4, ""larger"": 1, ""greater"": 1, ""increase"": 1, ""expansion"": 2, ""expand"": 1, ""increased"": 3, ""grow"": 1, ""grown"": 2, ""exceeding"": 1, ""growing"": 1, ""rise"": 1, ""leading"": 1, ""increases"": 2, ""improvement"": 1, ""certainty"": 1, ""achieving"": 1, ""better"": 1}","{""risks"": 5, ""uncertainty"": 3, ""fallen"": 3, ""less"": 5, ""challenge"": 2, ""disappointing"": 1, ""falling"": 2, ""decreasing"": 2, ""down"": 4, ""weakness"": 5, ""low"": 9, ""lower"": 10, ""below"": 1, ""negative"": 4, ""slump"": 1, ""weak"": 2, ""declining"": 1, ""deteriorated"": 1, ""risk"": 4, ""lowest"": 1, ""fell"": 1, ""declined"": 1, ""weakening"": 1, ""under"": 1, ""deteriorating"": 1, ""weakened"": 1, ""difficult"": 1, ""challenges"": 1, ""drop"": 1}"
2016-09-30,"Address by Daniel Mminele, Deputy Governor of the South African Reserve Bank, at the Institute of International Finance Africa Financial Summit, 30 September 2016",Daniel Mminele,pdf,1.1622,117,31,3872,"{""rising"": 7, ""good"": 3, ""progress"": 2, ""achievement"": 2, ""growth"": 21, ""greater"": 4, ""more"": 11, ""growing"": 6, ""improved"": 3, ""increased"": 4, ""most"": 6, ""above"": 2, ""largest"": 2, ""grow"": 2, ""success"": 1, ""rise"": 3, ""strengthening"": 1, ""improving"": 3, ""larger"": 1, ""high"": 3, ""highest"": 1, ""up"": 2, ""certain"": 3, ""achieved"": 2, ""opportunities"": 7, ""expanding"": 1, ""expansion"": 1, ""achieving"": 1, ""encouraged"": 1, ""improve"": 1, ""increasing"": 1, ""positive"": 1, ""successful"": 1, ""strengthen"": 2, ""opportunity"": 2, ""increases"": 1, ""better"": 1, ""strong"": 1}","{""challenges"": 3, ""failure"": 1, ""down"": 1, ""declined"": 2, ""dropped"": 1, ""fall"": 1, ""decline"": 3, ""lower"": 1, ""difficult"": 2, ""less"": 1, ""low"": 2, ""lowest"": 1, ""risks"": 1, ""threats"": 2, ""least"": 1, ""under"": 2, ""challenge"": 1, ""fail"": 1, ""uncertainty"": 1, ""declining"": 1, ""declines"": 1, ""risk"": 1}"
2016-10-04,"Address by Lesetja Kganyago, Governor of the South African Reserve Bank, at the 2016 SA Tomorrow Investor Conference, Park Hyatt, New York, 4 October, 2016",Lesetja Kganyago,pdf,0.2222,100,80,3368,"{""good"": 1, ""growth"": 31, ""high"": 4, ""rising"": 2, ""more"": 13, ""most"": 6, ""better"": 1, ""improved"": 4, ""increases"": 2, ""higher"": 7, ""stronger"": 1, ""greater"": 2, ""above"": 3, ""rise"": 3, ""increase"": 3, ""increased"": 1, ""positive"": 4, ""improvements"": 1, ""strength"": 3, ""growing"": 1, ""improvement"": 1, ""opportunities"": 1, ""achieve"": 1, ""up"": 2, ""best"": 1, ""pleased"": 1}","{""difficult"": 5, ""decline"": 5, ""low"": 6, ""negative"": 5, ""uncertainty"": 8, ""risks"": 14, ""challenge"": 1, ""weak"": 3, ""fallen"": 1, ""deteriorated"": 1, ""down"": 3, ""declined"": 3, ""risk"": 8, ""less"": 4, ""challenging"": 1, ""uncertain"": 2, ""falling"": 1, ""fall"": 2, ""below"": 2, ""lower"": 1, ""under"": 2, ""declining"": 1, ""weakening"": 1}"
2016-10-20,"Address by Lesetja Kganyago, Governor of the South African Reserve Bank, at the Annual Convention of the South African Chamber of Commerce and Industry, Emperors Palace, 20 October 2016 ",Lesetja Kganyago,pdf,0.9244,87,32,3391,"{""opportunity"": 1, ""strong"": 11, ""improvements"": 1, ""certain"": 1, ""strength"": 9, ""achieve"": 5, ""growth"": 17, ""good"": 2, ""increases"": 3, ""above"": 2, ""achieving"": 1, ""up"": 2, ""increased"": 8, ""certainty"": 1, ""most"": 1, ""more"": 4, ""improvement"": 2, ""high"": 1, ""progress"": 1, ""deliver"": 1, ""best"": 2, ""improves"": 1, ""higher"": 4, ""positive"": 2, ""expand"": 1, ""improved"": 1, ""strengthen"": 1, ""rise"": 1}","{""weakness"": 1, ""threats"": 1, ""uncertainty"": 1, ""challenging"": 1, ""deteriorating"": 1, ""challenge"": 2, ""difficult"": 4, ""declining"": 1, ""worse"": 1, ""low"": 3, ""falling"": 2, ""weakening"": 3, ""risk"": 5, ""risks"": 2, ""lower"": 1, ""under"": 1, ""threat"": 1, ""weak"": 1}"
2016-11-25,"Address by Lesetja Kganyago, Governor of the South African Reserve Bank, at the South African Summer Macro Conference, Johannesburg, 25 November 2016",Lesetja Kganyago,pdf,0.7586,120,54,3134,"{""growth"": 46, ""up"": 2, ""stronger"": 3, ""more"": 12, ""strong"": 3, ""enjoyed"": 1, ""strongest"": 1, ""better"": 3, ""most"": 3, ""expansion"": 1, ""risen"": 1, ""improvements"": 1, ""improvement"": 2, ""higher"": 13, ""larger"": 2, ""beats"": 1, ""above"": 4, ""increased"": 1, ""achieve"": 1, ""high"": 5, ""increases"": 1, ""delivering"": 1, ""rising"": 2, ""increase"": 1, ""rises"": 1, ""rise"": 2, ""improve"": 2, ""growing"": 1, ""achieving"": 1, ""successful"": 1, ""positive"": 1}","{""down"": 3, ""less"": 2, ""least"": 3, ""risk"": 3, ""weak"": 5, ""uncertain"": 1, ""uncertainty"": 4, ""challenges"": 1, ""difficult"": 2, ""lower"": 14, ""decline"": 1, ""falling"": 2, ""under"": 2, ""weakens"": 1, ""drop"": 1, ""low"": 2, ""smaller"": 1, ""weakened"": 1, ""disappointing"": 1, ""below"": 2, ""negative"": 1, ""worst"": 1}"
2016-12-09,"Address by Lesetja Kganyago, Governor of the South African Reserve Bank, at the Conference on Financial Intermediation in Emerging Markets, Cape Town, 9 December 2016",Lesetja Kganyago,pdf,-0.2588,37,48,2161,"{""good"": 1, ""opportunities"": 2, ""increased"": 4, ""high"": 2, ""most"": 1, ""growing"": 1, ""increase"": 1, ""up"": 1, ""strengthen"": 1, ""increasing"": 2, ""enjoy"": 1, ""expanded"": 1, ""more"": 5, ""positive"": 1, ""improved"": 1, ""succeed"": 1, ""strengthened"": 1, ""higher"": 1, ""growth"": 4, ""greater"": 2, ""certain"": 1, ""achieving"": 1, ""better"": 1}","{""challenges"": 5, ""risks"": 6, ""least"": 1, ""challenge"": 2, ""risk"": 15, ""fail"": 3, ""failure"": 4, ""negative"": 1, ""under"": 3, ""less"": 1, ""difficult"": 1, ""uncertainty"": 1, ""threats"": 1, ""decline"": 1, ""weak"": 1, ""threat"": 1, ""challenging"": 1}"
2017-01-26,"Address by Daniel Mminele, Deputy Governor of the South African Reserve Bank, at the Bundesbank regional office in Hamburg, Germany, 26 January 2017",Daniel Mminele,pdf,1.2051,125,31,3551,"{""opportunities"": 10, ""good"": 3, ""largest"": 2, ""more"": 28, ""delivered"": 11, ""growing"": 2, ""stronger"": 1, ""strong"": 3, ""record"": 1, ""leading"": 2, ""achieved"": 2, ""successes"": 1, ""most"": 3, ""successful"": 1, ""strengthening"": 2, ""growth"": 14, ""increased"": 4, ""up"": 3, ""strengthen"": 1, ""beating"": 1, ""rise"": 2, ""greater"": 3, ""positive"": 1, ""improving"": 1, ""achieving"": 1, ""progress"": 2, ""increasing"": 2, ""high"": 1, ""best"": 3, ""better"": 1, ""increase"": 1, ""encouraged"": 1, ""higher"": 2, ""opportunity"": 3, ""improve"": 2, ""achievements"": 1, ""increases"": 1, ""improved"": 1, ""expand"": 1}","{""challenges"": 9, ""less"": 2, ""under"": 2, ""lower"": 2, ""threat"": 1, ""deteriorating"": 1, ""least"": 1, ""negative"": 1, ""risk"": 2, ""challenge"": 2, ""difficult"": 2, ""uncertainty"": 1, ""low"": 1, ""risks"": 2, ""threats"": 2}"
2017-02-01,"Address by Daniel Mminele, Deputy Governor of the South African Reserve Bank, at the T-20 Africa Conference, Johannesburg, 1 February 2017",Daniel Mminele,pdf,0.9756,61,21,3172,"{""good"": 1, ""high"": 3, ""rising"": 2, ""encouraging"": 5, ""up"": 2, ""more"": 10, ""strengthen"": 1, ""strengthened"": 1, ""greater"": 3, ""opportunities"": 4, ""achieve"": 2, ""opportunity"": 2, ""increase"": 1, ""growth"": 6, ""higher"": 1, ""encouraged"": 1, ""improving"": 1, ""stronger"": 1, ""certain"": 1, ""most"": 2, ""improved"": 1, ""improve"": 1, ""increased"": 1, ""expanded"": 1, ""expansion"": 1, ""increasing"": 1, ""strengthening"": 1, ""accomplishment"": 1, ""strong"": 1, ""best"": 1, ""better"": 1}","{""challenges"": 8, ""difficult"": 1, ""under"": 4, ""decline"": 2, ""declines"": 1, ""uncertainty"": 1, ""challenge"": 1, ""low"": 2, ""risks"": 1}"
2017-02-24,"Address by Daniel Mminele, Deputy Governor of the South African Reserve Bank, at a Joint Networking Lunch in East London, 24 February 2017",Daniel Mminele,pdf,0.798,142,61,4129,"{""good"": 2, ""opportunity"": 1, ""up"": 2, ""largest"": 1, ""growth"": 37, ""expanded"": 1, ""grew"": 4, ""expansion"": 2, ""increase"": 6, ""rose"": 1, ""above"": 4, ""high"": 3, ""higher"": 6, ""more"": 18, ""success"": 1, ""grown"": 1, ""strong"": 2, ""better"": 4, ""grow"": 5, ""achieve"": 1, ""rising"": 4, ""increased"": 7, ""successful"": 1, ""strengthened"": 2, ""best"": 1, ""most"": 4, ""growing"": 2, ""stronger"": 2, ""increasing"": 2, ""progress"": 1, ""positive"": 3, ""greater"": 1, ""rise"": 1, ""improved"": 2, ""delivered"": 1, ""expand"": 1, ""improvement"": 1, ""highest"": 1, ""risen"": 1, ""certain"": 1, ""encouraging"": 1}","{""disappointing"": 2, ""lowest"": 2, ""decline"": 4, ""challenges"": 5, ""risks"": 11, ""negative"": 9, ""least"": 1, ""weak"": 3, ""uncertainty"": 3, ""risk"": 3, ""uncertain"": 2, ""threat"": 2, ""less"": 2, ""declined"": 1, ""low"": 3, ""under"": 1, ""down"": 1, ""challenge"": 1, ""weakening"": 1, ""declines"": 1, ""below"": 1, ""declining"": 1, ""lower"": 1}"
2017-03-02,"Remarks by Lesetja Kganyago, Governor of the South African Reserve Bank, at the press conference to announce the sale of SARB shares to the general public,  Pretoria, 2 March 2017",Lesetja Kganyago,pdf,1.5556,8,1,866,"{""opportunity"": 4, ""more"": 1, ""high"": 2, ""up"": 1}","{""less"": 1}"
2017-04-04,"Remarks by Daniel Mminele, Deputy Governor of the South African Reserve Bank, at the annual Financial Markets Department cocktail function in Pretoria, 4 April 2017",Daniel Mminele,pdf,0.6667,62,31,2623,"{""good"": 2, ""opportunity"": 2, ""more"": 12, ""deliver"": 1, ""rise"": 1, ""certain"": 3, ""high"": 3, ""successful"": 1, ""growth"": 5, ""higher"": 2, ""positive"": 2, ""improving"": 1, ""rising"": 2, ""above"": 2, ""most"": 6, ""best"": 1, ""increases"": 1, ""better"": 1, ""increase"": 1, ""up"": 2, ""stronger"": 2, ""strengthening"": 1, ""strongest"": 2, ""improvement"": 3, ""highest"": 1, ""strengthen"": 1, ""enjoy"": 1}","{""uncertainty"": 4, ""least"": 2, ""risks"": 1, ""risk"": 3, ""low"": 4, ""less"": 3, ""challenge"": 1, ""uncertain"": 1, ""threats"": 1, ""negative"": 2, ""declined"": 4, ""lower"": 2, ""below"": 2, ""fall"": 1}"
2017-04-25,"Address by Lesetja Kganyago, Governor of the South African Reserve Bank, at the UKZN School of Business and Leadership, Durban, 25 April 2017",Lesetja Kganyago,pdf,0.3721,102,70,3757,"{""good"": 3, ""opportunity"": 1, ""deliver"": 2, ""high"": 12, ""better"": 4, ""most"": 4, ""improving"": 1, ""increase"": 4, ""best"": 5, ""increases"": 1, ""higher"": 13, ""largest"": 1, ""more"": 16, ""achieve"": 1, ""up"": 7, ""greater"": 1, ""above"": 2, ""larger"": 3, ""strong"": 2, ""increased"": 2, ""rose"": 1, ""opportunities"": 2, ""growth"": 10, ""rises"": 2, ""rising"": 1, ""strengths"": 1}","{""risks"": 1, ""failure"": 1, ""risk"": 6, ""low"": 23, ""lower"": 17, ""down"": 7, ""uncertainty"": 1, ""below"": 2, ""difficult"": 4, ""less"": 2, ""least"": 3, ""weak"": 1, ""smaller"": 1, ""under"": 1}"
2017-05-05,"Remarks by Daniel Mminele, Deputy Governor of the South African Reserve Bank, at the Managing Capital Flows: Challenges for Developing Economies Conference Livingstone, Zambia 5 May 2017",Daniel Mminele,pdf,0.5965,37,20,2757,"{""good"": 2, ""certain"": 2, ""successful"": 1, ""most"": 3, ""progress"": 1, ""more"": 5, ""increasing"": 1, ""increases"": 2, ""growth"": 2, ""strong"": 2, ""high"": 1, ""better"": 2, ""expand"": 1, ""up"": 1, ""strengthening"": 1, ""strengthen"": 2, ""increase"": 1, ""positive"": 1, ""record"": 1, ""rise"": 1, ""opportunity"": 1, ""improved"": 1, ""improve"": 1, ""strengthened"": 1}","{""challenges"": 2, ""falls"": 1, ""risk"": 5, ""under"": 6, ""low"": 2, ""difficult"": 1, ""weaken"": 1, ""less"": 1, ""challenge"": 1}"
2017-06-01,"Remarks by Daniel Mminele, Deputy Governor of the South African Reserve Bank, at the ACI South Africa – The Financial Markets Association Market conduct and market best practice Johannesburg 1 June 2017",Daniel Mminele,pdf,1.3793,49,9,2705,"{""best"": 8, ""good"": 7, ""opportunity"": 3, ""progress"": 2, ""highest"": 2, ""more"": 7, ""increasing"": 1, ""up"": 1, ""greater"": 1, ""certain"": 1, ""opportunities"": 1, ""increased"": 1, ""encouraging"": 1, ""leading"": 1, ""achieved"": 1, ""rise"": 1, ""improving"": 1, ""high"": 1, ""strengthen"": 1, ""strengthening"": 3, ""improve"": 1, ""most"": 1, ""expanded"": 1, ""pleased"": 1}","{""risks"": 1, ""least"": 1, ""less"": 1, ""risk"": 2, ""under"": 3, ""challenge"": 1}"
2017-06-08,"Address by Brian Kahn, Advisor to the Governor, to the 6th Annual Nedgroup Investments Treasurer’s Conference",Brian Kahn,pdf,0.0892,82,75,3725,"{""good"": 1, ""improvement"": 2, ""positives"": 1, ""improved"": 4, ""growth"": 20, ""best"": 1, ""achieve"": 2, ""more"": 13, ""most"": 6, ""rising"": 1, ""stronger"": 2, ""high"": 2, ""higher"": 6, ""increased"": 1, ""strengthening"": 1, ""greater"": 1, ""strong"": 2, ""positive"": 2, ""increases"": 4, ""up"": 1, ""opportunity"": 2, ""increase"": 4, ""record"": 1, ""achieving"": 1, ""strengths"": 1}","{""challenging"": 1, ""negative"": 2, ""risks"": 18, ""uncertain"": 3, ""less"": 1, ""risk"": 21, ""uncertainty"": 5, ""down"": 1, ""deteriorate"": 1, ""low"": 1, ""lower"": 5, ""decline"": 1, ""weak"": 2, ""difficult"": 3, ""weakening"": 4, ""declined"": 2, ""worst"": 2, ""falling"": 1, ""below"": 1}"
2017-06-10,"Address by Lesetja Kganyago, Governor of the South African Reserve Bank, at the SANEF Nat Nakasa Awards Ceremony",Lesetja Kganyago,pdf,0.8571,20,8,3421,"{""good"": 3, ""most"": 2, ""more"": 4, ""up"": 2, ""best"": 1, ""positive"": 1, ""achieving"": 1, ""certain"": 1, ""record"": 1, ""encouraged"": 1, ""increase"": 2, ""improve"": 1}","{""lower"": 1, ""under"": 1, ""risks"": 3, ""least"": 3}"
2017-06-19,"Remarks by Lesetja Kganyago, Governor of the South African Reserve Bank, at the annual dinner in honour of the Ambassadors and High Commissioners to the Republic of South Africa",Lesetja Kganyago,pdf,0.9655,43,15,1951,"{""high"": 3, ""good"": 1, ""positive"": 1, ""more"": 12, ""enjoy"": 2, ""excellent"": 1, ""growth"": 6, ""progress"": 4, ""most"": 1, ""stronger"": 2, ""improving"": 2, ""greater"": 1, ""strengthen"": 4, ""achieved"": 1, ""strengthening"": 1, ""achievement"": 1}","{""challenges"": 5, ""least"": 1, ""disappointing"": 1, ""risks"": 1, ""negative"": 1, ""under"": 4, ""uncertainty"": 2}"
2017-06-19,"An address by Lesetja Kganyago, Governor of the South African Reserve Bank,  at the CEEF Africa Annual Banquet in celebration of 21 years of leadership investment",Lesetja Kganyago,pdf,0.4968,98,59,3225,"{""good"": 4, ""stronger"": 2, ""growth"": 23, ""best"": 1, ""most"": 8, ""more"": 8, ""up"": 5, ""exceeding"": 1, ""strength"": 1, ""higher"": 11, ""rising"": 3, ""larger"": 2, ""greater"": 2, ""achieved"": 1, ""high"": 7, ""above"": 1, ""increased"": 1, ""growing"": 1, ""strengths"": 2, ""deliver"": 1, ""improvement"": 1, ""positives"": 1, ""better"": 2, ""excellent"": 1, ""rewards"": 1, ""grow"": 2, ""solid"": 1, ""rise"": 3, ""strongest"": 1}","{""fallen"": 3, ""weak"": 3, ""risks"": 1, ""lower"": 10, ""least"": 2, ""challenges"": 4, ""negative"": 2, ""risk"": 1, ""low"": 13, ""disappointing"": 1, ""weakness"": 1, ""worst"": 1, ""less"": 3, ""smaller"": 2, ""challenge"": 1, ""below"": 2, ""declined"": 1, ""down"": 2, ""lowest"": 1, ""weakens"": 1, ""worse"": 3, ""declining"": 1}"
2017-07-21,"An address by Lesetja Kganyago, Governor of the South African Reserve Bank, at the launch of the MPC Schools Challenge, Pretoria 21 July 2017",Lesetja Kganyago,pdf,0.4,18,12,941,"{""good"": 1, ""increase"": 3, ""most"": 2, ""high"": 2, ""opportunity"": 3, ""better"": 2, ""improve"": 1, ""expanded"": 1, ""certain"": 1, ""more"": 1, ""improving"": 1}","{""challenge"": 9, ""hurdle"": 2, ""difficult"": 1}"
2017-07-25,"Remarks by Daniel Mminele, Deputy Governor of the South African Reserve Bank, at the 9th Annual Conference organised by the Central Reserve Bank of Peru and the Reinventing Bretton Woods Committee Cusco, Peru, 24 July 2017",Daniel Mminele,pdf,0.4583,59,37,2338,"{""good"": 2, ""opportunity"": 1, ""strong"": 5, ""enjoyed"": 1, ""most"": 3, ""more"": 11, ""greater"": 1, ""growth"": 7, ""expansion"": 1, ""exceed"": 1, ""growing"": 1, ""rise"": 1, ""rose"": 1, ""grow"": 1, ""grew"": 1, ""higher"": 1, ""high"": 1, ""increased"": 3, ""opportunities"": 3, ""up"": 1, ""rewards"": 1, ""exceeded"": 1, ""increases"": 1, ""stronger"": 1, ""highest"": 1, ""improvement"": 1, ""improving"": 1, ""improve"": 1, ""strengthening"": 2, ""success"": 1, ""achieved"": 1}","{""challenges"": 5, ""below"": 2, ""risk"": 12, ""decline"": 1, ""less"": 3, ""declining"": 1, ""fallen"": 1, ""low"": 2, ""weakness"": 1, ""fell"": 1, ""challenging"": 1, ""lower"": 1, ""threats"": 1, ""threat"": 1, ""risks"": 3, ""least"": 1}"
2017-07-28,"Governor’s Address to the Shareholders of the South African Reserve Bank at the Ninety-Seventh Annual Ordinary General Meeting (AGM), 28 July 2017",,pdf,0.7815,105,46,3582,"{""increased"": 3, ""rise"": 2, ""rising"": 4, ""strong"": 2, ""definite"": 1, ""most"": 11, ""growth"": 32, ""high"": 8, ""improved"": 7, ""exceeded"": 1, ""increases"": 2, ""expanded"": 2, ""grew"": 1, ""positive"": 3, ""above"": 1, ""improvement"": 3, ""more"": 8, ""stronger"": 1, ""increase"": 1, ""expand"": 1, ""pleased"": 1, ""best"": 1, ""good"": 1, ""achieve"": 2, ""higher"": 5, ""strengthen"": 1}","{""disappointing"": 1, ""lower"": 6, ""decline"": 1, ""low"": 11, ""below"": 3, ""shrinking"": 1, ""less"": 1, ""falling"": 1, ""fallen"": 1, ""worst"": 2, ""negative"": 3, ""down"": 1, ""weak"": 1, ""risks"": 3, ""risk"": 1, ""uncertainty"": 2, ""difficult"": 1, ""challenges"": 1, ""deteriorating"": 1, ""deteriorate"": 1, ""challenged"": 1, ""under"": 1, ""challenging"": 1}"
2017-08-02,"An address by Francois Groepe, Deputy Governor of the South African Reserve Bank at the Actuarial Society Banking Seminar",Francois Groepe,pdf,0.1895,52,43,2895,"{""leader"": 1, ""improving"": 1, ""progress"": 1, ""expanded"": 2, ""growth"": 5, ""more"": 9, ""up"": 6, ""largest"": 3, ""above"": 1, ""strong"": 2, ""most"": 3, ""successful"": 1, ""improved"": 1, ""greater"": 1, ""increased"": 1, ""improvement"": 2, ""increase"": 1, ""strength"": 3, ""leading"": 1, ""strengthening"": 1, ""better"": 1, ""higher"": 1, ""high"": 1, ""expansion"": 1, ""stronger"": 1, ""best"": 1}","{""risk"": 17, ""risks"": 11, ""failure"": 1, ""challenges"": 2, ""worst"": 1, ""challenged"": 2, ""weaken"": 1, ""weaknesses"": 1, ""under"": 1, ""low"": 2, ""weak"": 1, ""down"": 3}"
2017-08-15,An Address by Dr Andreas Dombret at the 40th Association of African Central Bank Annual Meetings,Andreas Dombret,pdf,0.2,22,18,2972,"{""high"": 2, ""more"": 6, ""up"": 4, ""stronger"": 1, ""certain"": 1, ""greatest"": 1, ""larger"": 1, ""greater"": 1, ""strengthening"": 1, ""good"": 3, ""strong"": 1}","{""challenges"": 4, ""less"": 2, ""below"": 1, ""challenge"": 3, ""risks"": 3, ""negative"": 1, ""risk"": 1, ""under"": 1, ""obstacles"": 1, ""obstacle"": 1}"
2017-08-18,"An address by Francois Groepe, Deputy Governor of the South African Reserve Bank, at the 60th anniversary celebration of the Bank of Ghana",Francois Groepe,pdf,0.4471,52,33,4185,"{""most"": 1, ""better"": 2, ""more"": 10, ""growth"": 15, ""increases"": 1, ""increasing"": 1, ""best"": 2, ""up"": 2, ""higher"": 3, ""increased"": 1, ""leading"": 1, ""rising"": 2, ""above"": 2, ""high"": 1, ""strong"": 1, ""increase"": 1, ""certain"": 1, ""expanded"": 2, ""good"": 1, ""successes"": 1, ""succeeded"": 1}","{""under"": 2, ""challenge"": 2, ""low"": 7, ""downturn"": 1, ""challenges"": 2, ""least"": 3, ""risks"": 5, ""less"": 1, ""risk"": 4, ""below"": 2, ""falling"": 1, ""deteriorate"": 1, ""difficult"": 2}"
2017-08-22,"Keynote address by Francois Groepe, Deputy Governor of the South African Reserve Bank at the Strate GIBS FinTech Innovation Conference 2017",Francois Groepe,pdf,0.8679,38,15,3024,"{""most"": 10, ""increase"": 1, ""more"": 4, ""strengthen"": 2, ""up"": 2, ""encouraging"": 1, ""increased"": 2, ""grown"": 2, ""opportunities"": 2, ""high"": 1, ""growth"": 1, ""better"": 3, ""achieve"": 1, ""growing"": 1, ""success"": 3, ""progress"": 1, ""strongest"": 1}","{""risk"": 2, ""fall"": 1, ""lower"": 2, ""challenges"": 1, ""risks"": 7, ""low"": 1, ""threat"": 1}"
2017-08-24,"Opening remarks by Francois Groepe, Deputy Governor of the South African Reserve Bank, at the public workshop on proposals to establish a deposit insurance scheme for South Africa",Francois Groepe,pdf,0.4865,23,14,1834,"{""good"": 4, ""expanding"": 1, ""expanded"": 1, ""most"": 2, ""more"": 2, ""strength"": 1, ""up"": 2, ""best"": 3, ""better"": 1, ""expand"": 1, ""exceed"": 1, ""strong"": 1, ""success"": 1, ""opportunity"": 2}","{""failing"": 2, ""least"": 2, ""failure"": 6, ""uncertainty"": 1, ""risky"": 1, ""threat"": 1, ""weak"": 1}"
2017-08-30,"A lecture by Lesetja Kganyago, Governor of the South African Reserve Bank, at the Unisa Graduate School of Business 30 August 2017",Lesetja Kganyago,pdf,0.8287,128,53,4470,"{""growth"": 30, ""good"": 5, ""more"": 29, ""best"": 2, ""rise"": 1, ""rising"": 1, ""strong"": 3, ""achieve"": 2, ""up"": 3, ""higher"": 14, ""stronger"": 1, ""delivering"": 1, ""success"": 2, ""deliver"": 1, ""increases"": 2, ""most"": 8, ""risen"": 1, ""better"": 6, ""high"": 6, ""highest"": 2, ""encouraged"": 1, ""achieved"": 1, ""improved"": 1, ""achieving"": 1, ""successful"": 1, ""delivers"": 1, ""record"": 1, ""excellent"": 1}","{""low"": 18, ""weakening"": 1, ""challenges"": 1, ""decline"": 2, ""falling"": 1, ""lower"": 16, ""under"": 4, ""less"": 2, ""below"": 1, ""fell"": 1, ""weakened"": 1, ""weak"": 1, ""down"": 2, ""least"": 1, ""uncertainty"": 1}"
2017-09-26,"Opening remarks by Francois Groepe, Deputy Governor of the South African Reserve Bank at the workshop on the impact of IFRS 9 on banks and regulators in Africa",Francois Groepe,pdf,0.9041,53,20,2866,"{""good"": 1, ""opportunities"": 1, ""improving"": 2, ""achieves"": 1, ""most"": 1, ""progress"": 1, ""high"": 3, ""growth"": 2, ""rise"": 3, ""strengthen"": 3, ""above"": 1, ""more"": 4, ""better"": 4, ""higher"": 2, ""increase"": 2, ""larger"": 2, ""up"": 4, ""pleased"": 1, ""improve"": 2, ""exceed"": 1, ""increased"": 1, ""achieving"": 1, ""certain"": 2, ""increasing"": 1, ""strengthening"": 3, ""enjoy"": 2, ""greater"": 1, ""success"": 1}","{""challenges"": 3, ""under"": 4, ""risks"": 1, ""weaknesses"": 1, ""decrease"": 1, ""smaller"": 1, ""risk"": 4, ""fall"": 1, ""challenged"": 1, ""obstacle"": 1, ""weaken"": 1, ""fail"": 1}"
2017-09-26,"Keynote address by Lesetja Kganyago, Governor of the South African Reserve Bank, at SAICA’s Courageous Conversation Session Nelson Mandela Centre of Memory, Johannesburg 26 September 2017",Lesetja Kganyago,pdf,0.6535,67,34,2552,"{""good"": 1, ""improvement"": 2, ""growth"": 5, ""high"": 4, ""greater"": 1, ""higher"": 20, ""more"": 8, ""exceed"": 1, ""increase"": 2, ""larger"": 2, ""up"": 1, ""rise"": 3, ""most"": 5, ""increasing"": 1, ""best"": 1, ""opportunities"": 2, ""exceeds"": 1, ""above"": 1, ""strong"": 1, ""improvements"": 1, ""stronger"": 2, ""strength"": 1, ""improve"": 1}","{""deteriorated"": 1, ""under"": 1, ""less"": 2, ""lower"": 2, ""risk"": 5, ""low"": 4, ""decline"": 2, ""lowest"": 2, ""difficult"": 2, ""least"": 1, ""deteriorating"": 1, ""negative"": 3, ""declines"": 1, ""shrink"": 1, ""drop"": 1, ""worst"": 1, ""worsening"": 1, ""declining"": 1, ""uncertainty"": 1, ""failure"": 1}"
2017-10-05,"An address by Francois Groepe, Deputy Governor of the South African Reserve Bank, at the Payments Innovation Conference",Francois Groepe,pdf,0.9143,51,19,2643,"{""growth"": 3, ""increase"": 1, ""highest"": 1, ""better"": 3, ""risen"": 1, ""high"": 2, ""increasing"": 1, ""opportunities"": 2, ""more"": 7, ""opportunity"": 3, ""deliver"": 1, ""expansion"": 2, ""improvement"": 2, ""rise"": 3, ""certain"": 1, ""above"": 1, ""improvements"": 1, ""improve"": 2, ""improved"": 2, ""increased"": 2, ""expanding"": 1, ""strengthening"": 1, ""strengthen"": 2, ""achieving"": 2, ""greater"": 2, ""best"": 1, ""strengths"": 1}","{""less"": 2, ""risk"": 3, ""challenges"": 1, ""under"": 2, ""risks"": 4, ""threats"": 5, ""threat"": 1, ""difficult"": 1}"
2017-10-05,"An address by Francois Groepe, Deputy Governor of the South African Reserve Bank, at the Payments Innovation Conference",Francois Groepe,pdf,0.9143,51,19,2658,"{""growth"": 3, ""increase"": 1, ""highest"": 1, ""better"": 3, ""risen"": 1, ""high"": 2, ""increasing"": 1, ""opportunities"": 2, ""more"": 7, ""opportunity"": 3, ""deliver"": 1, ""expansion"": 2, ""improvement"": 2, ""rise"": 3, ""certain"": 1, ""above"": 1, ""improvements"": 1, ""improve"": 2, ""improved"": 2, ""increased"": 2, ""expanding"": 1, ""strengthening"": 1, ""strengthen"": 2, ""achieving"": 2, ""greater"": 2, ""best"": 1, ""strengths"": 1}","{""less"": 2, ""risk"": 3, ""challenges"": 1, ""under"": 2, ""risks"": 4, ""threats"": 5, ""threat"": 1, ""difficult"": 1}"
2017-10-16,"An address by Daniel Mminele, Deputy Governor of the South African Reserve Bank, at the Central Banking Seminar of the Federal Reserve Bank of New York",Daniel Mminele,pdf,0.5294,86,50,2684,"{""good"": 1, ""growth"": 20, ""most"": 8, ""pleased"": 1, ""stronger"": 6, ""encouraging"": 2, ""higher"": 2, ""growing"": 3, ""above"": 5, ""expand"": 1, ""leading"": 1, ""up"": 2, ""increase"": 2, ""rose"": 1, ""more"": 9, ""improvements"": 1, ""improvement"": 4, ""strong"": 3, ""high"": 5, ""improved"": 2, ""rising"": 1, ""positive"": 1, ""increased"": 1, ""larger"": 1, ""enjoyed"": 1, ""best"": 1, ""better"": 1}","{""disappointing"": 1, ""risks"": 12, ""challenges"": 4, ""low"": 7, ""uncertain"": 2, ""weak"": 1, ""declining"": 1, ""below"": 2, ""fell"": 2, ""fallen"": 1, ""less"": 4, ""decline"": 1, ""uncertainty"": 3, ""risk"": 3, ""under"": 2, ""weakness"": 1, ""negative"": 1, ""lower"": 1, ""difficult"": 1}"
2017-10-30,"The Performance of and Outlook for the South African Economy by Daniel Mminele, Deputy Govenor of the South African Reserve Bank at The Economist Corporate Network event ",Daniel Mminele,pdf,0.5652,118,66,3851,"{""good"": 1, ""more"": 16, ""growth"": 37, ""most"": 9, ""high"": 6, ""certain"": 1, ""increase"": 3, ""expansion"": 2, ""grown"": 2, ""largest"": 1, ""best"": 2, ""up"": 4, ""rising"": 1, ""rise"": 4, ""above"": 1, ""rose"": 3, ""leading"": 1, ""improving"": 1, ""increased"": 2, ""improved"": 1, ""higher"": 5, ""strong"": 1, ""improvement"": 3, ""highest"": 1, ""improves"": 1, ""improve"": 1, ""increasing"": 1, ""stronger"": 2, ""better"": 3, ""greater"": 1, ""enjoyed"": 1}","{""down"": 2, ""challenges"": 3, ""difficult"": 4, ""low"": 10, ""fall"": 1, ""declining"": 1, ""drop"": 1, ""less"": 2, ""below"": 4, ""downturn"": 4, ""lower"": 4, ""declined"": 2, ""fallen"": 2, ""weakness"": 1, ""fell"": 1, ""decline"": 4, ""least"": 1, ""negative"": 2, ""weak"": 3, ""disappointing"": 2, ""depressed"": 1, ""lowest"": 1, ""uncertain"": 1, ""risk"": 5, ""obstacle"": 1, ""uncertainty"": 1, ""risks"": 1, ""weakening"": 1}"
2017-11-09,"South Africa’s macroeconomic adjustment and monetary policy by Lesetja Kganyago, Governor of the South African Reserve Bank, at the 5th SA Tomorrow Investor Conference",Lesetja Kganyago,pdf,0.3893,89,60,3117,"{""good"": 2, ""opportunity"": 1, ""growth"": 22, ""high"": 6, ""positives"": 1, ""more"": 12, ""most"": 4, ""increased"": 7, ""better"": 5, ""higher"": 6, ""positive"": 5, ""greater"": 1, ""strength"": 1, ""stronger"": 1, ""strong"": 1, ""rising"": 3, ""above"": 2, ""improving"": 1, ""certainty"": 1, ""larger"": 1, ""increase"": 5, ""best"": 1}","{""challenges"": 2, ""weak"": 5, ""uncertainty"": 4, ""weakened"": 1, ""difficult"": 2, ""negatives"": 1, ""smaller"": 1, ""risks"": 10, ""low"": 4, ""negative"": 5, ""lower"": 7, ""under"": 1, ""uncertain"": 2, ""risk"": 8, ""weakness"": 1, ""declined"": 1, ""worst"": 1, ""worse"": 1, ""deteriorated"": 1, ""below"": 1, ""least"": 1}"
2017-11-24,Macroeconomic Policy and Financial Risks – - from 2017 into 2018 speech by Deputy Governor Mminele,Deputy Governor Mminele,pdf,0.2955,101,75,4118,"{""good"": 1, ""deliver"": 1, ""most"": 12, ""achieve"": 1, ""best"": 2, ""increases"": 2, ""growth"": 21, ""rise"": 5, ""growing"": 2, ""strongest"": 1, ""up"": 6, ""above"": 3, ""high"": 2, ""solid"": 3, ""expand"": 1, ""stronger"": 3, ""increase"": 1, ""better"": 2, ""certain"": 1, ""improved"": 3, ""succeeded"": 1, ""exceed"": 1, ""rising"": 5, ""more"": 6, ""exceeded"": 1, ""higher"": 5, ""improvement"": 3, ""expansion"": 1, ""increased"": 3, ""strengthen"": 1, ""opportunity"": 1}","{""risks"": 26, ""threats"": 3, ""uncertainty"": 7, ""under"": 1, ""lower"": 4, ""low"": 7, ""risk"": 10, ""least"": 3, ""less"": 2, ""declined"": 2, ""negative"": 2, ""downturn"": 1, ""failure"": 1, ""disappointing"": 1, ""weak"": 1, ""deteriorate"": 1, ""weakness"": 1, ""challenging"": 1, ""difficult"": 1}"
2018-01-25,"An address by Francois Groepe, Deputy Governor of the South African Reserve Bank, at the 13th BCBS-FSI high-level meeting for Africa ",Francois Groepe,pdf,0.2174,51,41,3371,"{""high"": 4, ""strengthening"": 4, ""good"": 2, ""more"": 8, ""increased"": 3, ""expand"": 1, ""strengthen"": 2, ""positive"": 1, ""increase"": 3, ""pleased"": 1, ""greater"": 1, ""increases"": 4, ""strong"": 2, ""most"": 5, ""best"": 2, ""up"": 1, ""better"": 1, ""rise"": 2, ""opportunities"": 2, ""increasing"": 1, ""enjoy"": 1}","{""risks"": 6, ""weaknesses"": 1, ""failure"": 3, ""risk"": 16, ""under"": 1, ""challenges"": 3, ""difficult"": 2, ""declining"": 1, ""less"": 1, ""decline"": 2, ""downturn"": 1, ""uncertainty"": 1, ""fall"": 2, ""negative"": 1}"
2018-03-02,"An address by Lesetja Kganyago, Governor of the South African Reserve Bank, at the National Asset and Liability Management Conference",Lesetja Kganyago,pdf,0.72,85,40,3643,"{""good"": 3, ""opportunity"": 1, ""most"": 5, ""growth"": 12, ""more"": 14, ""increased"": 7, ""higher"": 5, ""better"": 2, ""achieve"": 4, ""successful"": 1, ""certain"": 1, ""high"": 4, ""expansion"": 2, ""strong"": 4, ""increases"": 3, ""greater"": 5, ""expanded"": 2, ""up"": 2, ""positive"": 1, ""rise"": 1, ""increasing"": 1, ""improved"": 2, ""progress"": 1, ""increase"": 1, ""largest"": 1}","{""challenges"": 6, ""low"": 5, ""less"": 8, ""failure"": 1, ""risk"": 6, ""challenge"": 2, ""under"": 3, ""lower"": 2, ""drop"": 1, ""fell"": 1, ""uncertainty"": 1, ""downturn"": 1, ""smaller"": 1, ""weakened"": 1, ""difficult"": 1}"
2018-04-19,Opening remarks by Deputy Governor of the South African Reserve Bank at the Inaugural Intergovernmental Fintech Outreach Workshop,Deputy Governor,pdf,0.9041,53,20,3305,"{""good"": 1, ""more"": 6, ""achieved"": 2, ""growth"": 3, ""up"": 3, ""increase"": 1, ""improve"": 5, ""greater"": 4, ""grow"": 1, ""strengthening"": 1, ""high"": 1, ""increased"": 1, ""better"": 3, ""positive"": 1, ""achieve"": 3, ""best"": 4, ""successes"": 2, ""pleased"": 1, ""growing"": 1, ""certain"": 1, ""strengthen"": 1, ""opportunity"": 2, ""opportunities"": 1, ""above"": 1, ""succeed"": 1, ""improving"": 1, ""progress"": 1}","{""under"": 3, ""least"": 2, ""challenge"": 1, ""risks"": 7, ""challenging"": 1, ""obstacles"": 1, ""risk"": 1, ""challenges"": 2, ""threats"": 1, ""fail"": 1}"
2018-04-25,"Introductory remarks by Francois Groepe, Deputy Governor of the South African Reserve Bank, at the Financial Stability Forum on Wednesday, 25 April 2018",Francois Groepe,pdf,0.1299,41,36,1714,"{""growing"": 1, ""more"": 9, ""up"": 1, ""expanded"": 1, ""improved"": 2, ""positive"": 2, ""growth"": 5, ""most"": 4, ""increase"": 2, ""certain"": 2, ""improve"": 1, ""increased"": 3, ""higher"": 1, ""strengthened"": 3, ""progress"": 1, ""increasing"": 1, ""grow"": 1, ""strong"": 1}","{""risk"": 7, ""challenging"": 2, ""risks"": 10, ""failing"": 1, ""failure"": 1, ""declined"": 1, ""decline"": 4, ""negative"": 3, ""lower"": 1, ""under"": 1, ""fail"": 1, ""unsettled"": 1, ""challenges"": 3}"
2018-05-09,"An address by Lesetja Kganyago, Governor of the South African Reserve Bank, at the SwissCham Southern Africa General Assembly",Lesetja Kganyago,pdf,0.6667,110,55,3116,"{""better"": 3, ""good"": 1, ""opportunity"": 1, ""opportunities"": 2, ""improve"": 3, ""expand"": 1, ""improved"": 10, ""more"": 6, ""growth"": 19, ""increased"": 3, ""high"": 4, ""positive"": 5, ""highest"": 1, ""most"": 10, ""up"": 4, ""strong"": 4, ""improvement"": 1, ""grew"": 1, ""increase"": 2, ""certainty"": 1, ""increases"": 5, ""achieving"": 1, ""higher"": 8, ""strength"": 4, ""achieve"": 2, ""above"": 1, ""expansion"": 1, ""rise"": 1, ""best"": 2, ""larger"": 1, ""encouraged"": 1, ""improving"": 1}","{""challenges"": 2, ""under"": 1, ""risks"": 9, ""low"": 9, ""weak"": 2, ""risk"": 4, ""uncertainty"": 2, ""negative"": 3, ""falling"": 1, ""declined"": 3, ""down"": 1, ""lower"": 6, ""decline"": 2, ""least"": 2, ""declining"": 1, ""lowest"": 2, ""below"": 1, ""declines"": 1, ""fallen"": 1, ""less"": 1, ""weakening"": 1}"
2018-05-10,"Remarks by Daniel Mminele, Deputy Governor of the South African Reserve Bank, at the annual Financial Markets Department cocktail function Johannesburg 10 May 2018",Daniel Mminele,pdf,0.6067,58,31,2512,"{""good"": 2, ""most"": 2, ""strengthening"": 2, ""growth"": 6, ""rising"": 6, ""certain"": 3, ""record"": 1, ""increased"": 2, ""more"": 5, ""increases"": 2, ""better"": 1, ""up"": 2, ""strength"": 4, ""higher"": 4, ""high"": 2, ""positive"": 2, ""improving"": 1, ""improved"": 1, ""strengthens"": 1, ""stronger"": 1, ""increasing"": 1, ""strengthen"": 3, ""progress"": 1, ""opportunity"": 1, ""best"": 1, ""enjoy"": 1}","{""threats"": 1, ""risks"": 4, ""risk"": 6, ""weakening"": 4, ""low"": 2, ""uncertainty"": 2, ""negative"": 1, ""decline"": 1, ""declining"": 1, ""weakness"": 1, ""fall"": 1, ""decreased"": 1, ""under"": 3, ""challenging"": 1, ""challenges"": 1, ""least"": 1}"
2018-06-05,"Opening remarks by Francois Groepe, Opening remarks by Francois Groepe, at the launch of the Project Khokha report ",Francois Groepe,pdf,0.7273,15,7,1155,"{""good"": 1, ""pleased"": 2, ""successful"": 1, ""deliver"": 2, ""high"": 1, ""achievement"": 1, ""succeed"": 1, ""up"": 1, ""success"": 1, ""strong"": 1, ""progress"": 1, ""more"": 1, ""opportunity"": 1}","{""less"": 2, ""challenges"": 2, ""challenge"": 1, ""fail"": 1, ""risk"": 1}"
2018-06-15,"A keynote address by Daniel Mminele, Deputy Governor of the South African Reserve Bank, at the Asset and Risk Management Forum South African Reserve Bank",Daniel Mminele,pdf,0.2901,75,56,4181,"{""good"": 4, ""opportunities"": 3, ""up"": 3, ""most"": 11, ""more"": 18, ""high"": 3, ""highest"": 2, ""achieving"": 2, ""certain"": 2, ""successful"": 1, ""increase"": 2, ""positive"": 1, ""growth"": 3, ""higher"": 2, ""enjoyed"": 1, ""expanded"": 1, ""expansion"": 1, ""improvement"": 3, ""improved"": 1, ""greater"": 3, ""strongest"": 2, ""record"": 1, ""rising"": 1, ""achieve"": 1, ""improve"": 1, ""achieved"": 1, ""enjoy"": 1}","{""risk"": 31, ""risks"": 5, ""low"": 1, ""below"": 2, ""challenges"": 8, ""less"": 1, ""challenging"": 1, ""under"": 2, ""risky"": 1, ""uncertainty"": 1, ""lowest"": 1, ""fall"": 1, ""negative"": 1}"
2018-07-13,"Address by Lesetja Kganyago, Governor of the South African Reserve Bank, at the Nelson Mandela commemorative banknotes and R5 circulation coin launch at Freedom Park, Pretoria 13 July 2018",Lesetja Kganyago,pdf,1.2727,18,4,1304,"{""strengthened"": 1, ""growth"": 2, ""high"": 2, ""more"": 4, ""grow"": 1, ""up"": 1, ""most"": 2, ""greater"": 1, ""stronger"": 1, ""best"": 2, ""strength"": 1}","{""decline"": 1, ""low"": 1, ""lower"": 1, ""challenges"": 1}"
2018-07-27,Governor’s Address to the Shareholders of the South African Reserve Bank at the Ninety-Eighth annual Ordinary General Meeting ,,pdf,0.6032,82,44,3327,"{""most"": 7, ""growth"": 23, ""above"": 1, ""strong"": 6, ""stronger"": 1, ""higher"": 5, ""more"": 4, ""exceeded"": 2, ""strength"": 1, ""leading"": 2, ""successful"": 1, ""increase"": 2, ""increases"": 2, ""rise"": 2, ""up"": 4, ""record"": 2, ""high"": 3, ""improved"": 3, ""positive"": 2, ""improvement"": 1, ""achieve"": 1, ""best"": 2, ""strengthen"": 1, ""improve"": 1, ""good"": 1, ""opportunity"": 1, ""greater"": 1}","{""decline"": 1, ""uncertainty"": 2, ""below"": 3, ""under"": 3, ""declined"": 1, ""uncertain"": 1, ""risk"": 6, ""worst"": 1, ""deteriorating"": 3, ""low"": 5, ""falling"": 1, ""risks"": 7, ""lower"": 2, ""fell"": 1, ""lowest"": 1, ""failing"": 1, ""challenge"": 1, ""challenged"": 1, ""challenges"": 1, ""less"": 1, ""challenging"": 1}"
2018-08-01,"A public lecture by Lesetja Kganyago, Governor of the South African Reserve Bank, at the Nelson Mandela University Port Elizabeth 01 August 2018",Lesetja Kganyago,pdf,0.8848,119,46,4064,"{""good"": 2, ""higher"": 18, ""high"": 8, ""better"": 3, ""up"": 7, ""more"": 27, ""rising"": 2, ""growth"": 12, ""increased"": 1, ""most"": 11, ""risen"": 5, ""increase"": 5, ""rise"": 1, ""strong"": 2, ""growing"": 2, ""opportunities"": 1, ""above"": 3, ""improve"": 1, ""exceeds"": 1, ""stronger"": 3, ""reward"": 1, ""increases"": 1, ""rises"": 1, ""deliver"": 1}","{""worse"": 4, ""down"": 5, ""lower"": 7, ""worsen"": 3, ""less"": 8, ""fallen"": 1, ""decline"": 1, ""below"": 1, ""under"": 2, ""risk"": 1, ""worsens"": 1, ""low"": 8, ""failure"": 1, ""weak"": 2, ""worst"": 1}"
2018-08-01,"Speech by Daniel Mminele, Deputy Governor of the South African Reserve Bank, at the University of Zululand, MBALI International conference ",Daniel Mminele,pdf,0.56,96,54,4022,"{""good"": 3, ""opportunity"": 1, ""certain"": 1, ""more"": 15, ""up"": 5, ""positive"": 1, ""improving"": 1, ""opportunities"": 6, ""better"": 4, ""higher"": 5, ""growth"": 15, ""improved"": 2, ""rising"": 2, ""high"": 5, ""increase"": 5, ""growing"": 3, ""largest"": 1, ""achieving"": 1, ""strong"": 2, ""strengthen"": 1, ""best"": 1, ""encouraged"": 1, ""greater"": 4, ""increases"": 1, ""successful"": 1, ""increasing"": 3, ""strength"": 1, ""most"": 1, ""increased"": 2, ""exceeding"": 1, ""succeed"": 1}","{""negative"": 1, ""low"": 3, ""risk"": 5, ""less"": 4, ""least"": 3, ""fail"": 1, ""decline"": 2, ""lower"": 3, ""threats"": 1, ""under"": 6, ""risks"": 10, ""challenges"": 3, ""uncertain"": 1, ""failure"": 2, ""weak"": 1, ""deteriorated"": 1, ""uncertainty"": 2, ""down"": 3, ""decreasing"": 1, ""weakening"": 1}"
2018-08-14,"Remarks by Lesetja Kganyago, Governor of the South African Reserve Bank, at the annual dinner in honour of the Ambassadors and High Commissioners to the Republic of South Africa",Lesetja Kganyago,pdf,0.9143,51,19,1817,"{""high"": 3, ""good"": 1, ""growing"": 2, ""strong"": 5, ""certainty"": 1, ""stronger"": 2, ""higher"": 2, ""growth"": 14, ""more"": 2, ""strengthening"": 3, ""rise"": 1, ""largest"": 1, ""most"": 2, ""rising"": 1, ""improve"": 1, ""strengthen"": 1, ""grow"": 1, ""achieving"": 1, ""improved"": 1, ""strength"": 2, ""up"": 1, ""delivered"": 1, ""achievements"": 1, ""enjoy"": 1}","{""under"": 3, ""risks"": 4, ""uncertainty"": 1, ""decline"": 1, ""negative"": 2, ""challenging"": 1, ""lower"": 2, ""difficult"": 1, ""weak"": 2, ""declined"": 1, ""down"": 1}"
2018-08-17,Speech by Governor Kganyago on the occasion of the announcement of the winners of the Monetary Policy Committee (MPC) Schools Challenge ,Governor Kganyago,pdf,0.1333,16,14,866,"{""most"": 1, ""increase"": 1, ""high"": 3, ""expanded"": 1, ""risen"": 1, ""better"": 1, ""certain"": 1, ""up"": 1, ""greatest"": 1, ""rise"": 1, ""solid"": 1, ""opportunity"": 2, ""delivering"": 1}","{""challenge"": 14}"
2018-08-23,"An address by Daniel Mminele, Deputy Governor of the South African Reserve Bank, at the 5th Business Management Conference of the College of Law and Management Studies of the University of KwaZulu-Natal",Daniel Mminele,pdf,1.1414,150,41,3854,"{""good"": 2, ""opportunity"": 1, ""growth"": 40, ""stronger"": 1, ""more"": 17, ""up"": 5, ""grew"": 1, ""expansion"": 3, ""growing"": 6, ""grow"": 2, ""strong"": 10, ""largest"": 2, ""increased"": 5, ""rise"": 1, ""rising"": 7, ""high"": 8, ""most"": 10, ""improved"": 2, ""encouraging"": 1, ""above"": 1, ""higher"": 7, ""better"": 3, ""opportunities"": 2, ""larger"": 1, ""greater"": 3, ""rose"": 2, ""record"": 1, ""rises"": 1, ""improving"": 1, ""increase"": 1, ""progress"": 2, ""improvement"": 1}","{""challenges"": 10, ""negative"": 2, ""falls"": 1, ""risk"": 3, ""decline"": 2, ""below"": 1, ""fell"": 1, ""declined"": 1, ""low"": 6, ""less"": 3, ""fail"": 1, ""lower"": 2, ""risks"": 3, ""challenging"": 1, ""down"": 1, ""challenge"": 1, ""declining"": 1, ""least"": 1}"
2018-08-28,"A welcome address and opening remarks by Francois Groepe, Deputy Governor of the South African Reserve Bank, at the Innovation and Cybersecurity Conference",Francois Groepe,pdf,0.5,25,15,1273,"{""good"": 1, ""pleased"": 1, ""more"": 6, ""opportunities"": 4, ""expanded"": 1, ""better"": 1, ""deliver"": 1, ""expand"": 1, ""expansion"": 1, ""greater"": 1, ""successful"": 1, ""up"": 2, ""progress"": 1, ""increase"": 1, ""most"": 1, ""certainty"": 1}","{""threats"": 7, ""challenges"": 2, ""lower"": 1, ""least"": 1, ""less"": 1, ""risk"": 2, ""risks"": 1}"
2018-09-25,"An address by Francois Groepe, Deputy Governor of the South African Reserve Bank, at the RMB Morgan Stanley Investor Conference",Francois Groepe,pdf,0.9867,112,38,3857,"{""growth"": 33, ""most"": 3, ""improve"": 4, ""strengthen"": 1, ""good"": 1, ""rising"": 3, ""increased"": 3, ""rise"": 5, ""increasing"": 3, ""more"": 11, ""achieving"": 3, ""grow"": 1, ""improved"": 1, ""improving"": 2, ""improvements"": 3, ""progress"": 1, ""better"": 3, ""strength"": 2, ""positive"": 1, ""increase"": 2, ""higher"": 7, ""achieved"": 2, ""strong"": 1, ""achieve"": 1, ""enjoys"": 1, ""up"": 3, ""best"": 2, ""high"": 3, ""expanded"": 2, ""above"": 1, ""expansion"": 1, ""opportunity"": 1, ""stronger"": 1}","{""challenge"": 1, ""decline"": 1, ""challenges"": 2, ""fallen"": 1, ""least"": 2, ""worst"": 1, ""risk"": 4, ""lower"": 6, ""uncertainty"": 2, ""challenging"": 2, ""difficult"": 2, ""low"": 1, ""risks"": 4, ""down"": 1, ""negative"": 1, ""under"": 2, ""threat"": 1, ""less"": 2, ""smaller"": 1, ""threats"": 1}"
2018-10-02,Address by Daniel Mminele Deputy Governor of the South African Reserve Bank at the Central Banking Seminar of the Federal Reserve Bank of New York,Daniel Mminele Deputy Governor,pdf,0.4852,105,64,3610,"{""good"": 1, ""expansion"": 6, ""more"": 9, ""growth"": 26, ""delivers"": 1, ""most"": 7, ""strong"": 4, ""increasing"": 1, ""rising"": 8, ""rise"": 2, ""stronger"": 2, ""increase"": 5, ""risen"": 2, ""exceed"": 1, ""higher"": 6, ""high"": 3, ""up"": 3, ""increases"": 3, ""above"": 2, ""greater"": 2, ""grown"": 1, ""increased"": 1, ""larger"": 1, ""growing"": 2, ""grow"": 1, ""encouraging"": 1, ""enjoy"": 1, ""opportunities"": 1, ""achieved"": 1, ""improve"": 1}","{""less"": 7, ""challenge"": 1, ""challenges"": 5, ""challenging"": 1, ""risks"": 10, ""uncertainty"": 3, ""declined"": 2, ""under"": 2, ""low"": 6, ""below"": 1, ""fell"": 2, ""risk"": 12, ""down"": 1, ""weak"": 2, ""negative"": 3, ""disappointing"": 1, ""decline"": 1, ""deteriorated"": 1, ""downturn"": 1, ""failure"": 1, ""fall"": 1}"
2018-10-19,"An address by Francois Groepe, Deputy Governor of the South African Reserve Bank, at UBS's Ninth Annual Economics Conference",Francois Groepe,pdf,0.3407,79,56,2561,"{""growth"": 22, ""strong"": 3, ""up"": 3, ""rise"": 8, ""largest"": 2, ""record"": 1, ""more"": 10, ""rising"": 7, ""increases"": 1, ""increased"": 5, ""higher"": 5, ""high"": 2, ""increase"": 2, ""most"": 2, ""improved"": 1, ""greater"": 1, ""above"": 1, ""rises"": 1, ""better"": 1, ""certainty"": 1}","{""challenges"": 1, ""risk"": 3, ""low"": 5, ""less"": 6, ""negative"": 4, ""below"": 3, ""least"": 2, ""lowest"": 1, ""risks"": 6, ""weakness"": 4, ""challenge"": 1, ""drop"": 1, ""down"": 1, ""fall"": 1, ""uncertainty"": 4, ""weak"": 6, ""fallen"": 1, ""challenging"": 1, ""difficult"": 2, ""under"": 2, ""lower"": 1}"
2018-10-19,Governor Lesetja Kganyago’s address at the ABSIP National Conference Johannesburg,,pdf,0.9358,80,29,3561,"{""most"": 4, ""up"": 12, ""high"": 4, ""more"": 21, ""better"": 3, ""growth"": 8, ""increases"": 2, ""greater"": 1, ""exceeding"": 1, ""opportunity"": 1, ""increase"": 1, ""rising"": 3, ""rises"": 1, ""strong"": 4, ""deliver"": 2, ""improvements"": 1, ""progress"": 1, ""grow"": 1, ""enjoy"": 1, ""expanding"": 1, ""leading"": 1, ""good"": 4, ""increasing"": 1, ""best"": 1}","{""weaknesses"": 1, ""difficult"": 3, ""weak"": 1, ""fail"": 2, ""low"": 3, ""worse"": 2, ""less"": 1, ""down"": 1, ""under"": 2, ""below"": 1, ""fall"": 3, ""failing"": 1, ""worst"": 1, ""risks"": 3, ""lower"": 1, ""risk"": 1, ""challenges"": 2}"
2018-10-23,"Keynote address by Daniel Mminele, Deputy Governor of the South African Reserve Bank, at the Risk South Africa Conference  ",Daniel Mminele,pdf,-0.2083,43,53,4237,"{""good"": 1, ""opportunity"": 2, ""progress"": 2, ""improve"": 1, ""strengthen"": 2, ""most"": 4, ""grown"": 1, ""increased"": 1, ""increases"": 1, ""growing"": 1, ""larger"": 3, ""more"": 10, ""improving"": 2, ""certain"": 1, ""leading"": 2, ""up"": 1, ""strengthening"": 1, ""increasing"": 1, ""largest"": 1, ""improvement"": 1, ""certainty"": 1, ""achieve"": 1, ""growth"": 1, ""greater"": 1}","{""risk"": 30, ""declining"": 3, ""risks"": 9, ""least"": 2, ""difficult"": 1, ""under"": 1, ""uncertain"": 3, ""fall"": 2, ""less"": 1, ""challenging"": 1}"
2018-11-01,"An address by Lesetja Kganyago, Governor of the South African Reserve Bank, at the South Africa Tomorrow Conference, New York. ",Lesetja Kganyago,pdf,0.8323,114,47,2799,"{""good"": 7, ""opportunity"": 1, ""up"": 6, ""growth"": 39, ""stronger"": 4, ""most"": 7, ""higher"": 2, ""best"": 2, ""strong"": 3, ""better"": 8, ""more"": 9, ""larger"": 2, ""improve"": 3, ""record"": 1, ""success"": 2, ""high"": 5, ""growing"": 1, ""rising"": 1, ""increases"": 1, ""strength"": 1, ""grow"": 1, ""above"": 1, ""improvement"": 1, ""strengthening"": 1, ""improved"": 1, ""achieved"": 1, ""achieve"": 2, ""opportunities"": 1}","{""down"": 2, ""low"": 6, ""challenges"": 6, ""deteriorate"": 1, ""difficult"": 7, ""worse"": 1, ""less"": 2, ""least"": 2, ""negative"": 2, ""weak"": 5, ""weakens"": 1, ""decline"": 3, ""under"": 2, ""smaller"": 1, ""challenge"": 1, ""risks"": 1, ""disappointed"": 1, ""below"": 1, ""declines"": 1, ""risk"": 1}"
2018-11-05,"An address by Francois Groepe, Deputy Governor of the South African Reserve Bank, at the National Payment System Department’s annual end-of-year cocktail function",Francois Groepe,pdf,1.3125,53,11,2716,"{""good"": 3, ""more"": 2, ""achieve"": 2, ""opportunities"": 3, ""achievement"": 2, ""best"": 2, ""opportunity"": 4, ""improvements"": 1, ""progress"": 1, ""increase"": 3, ""increases"": 1, ""growth"": 9, ""most"": 1, ""increased"": 2, ""leading"": 2, ""increasing"": 2, ""encouraging"": 1, ""success"": 1, ""risen"": 1, ""achieved"": 1, ""growing"": 1, ""rising"": 1, ""strong"": 1, ""strength"": 1, ""greater"": 2, ""improve"": 1, ""expand"": 1, ""better"": 1}","{""difficulty"": 1, ""risk"": 2, ""under"": 1, ""least"": 2, ""challenges"": 2, ""less"": 2, ""dropped"": 1}"
2018-11-27,"Remarks by Francois Groepe, Deputy Governor of the South African Reserve Bank, at the Finovate Conference",Francois Groepe,pdf,0.4828,36,22,2567,"{""good"": 2, ""growth"": 5, ""up"": 7, ""larger"": 1, ""strengthened"": 1, ""more"": 7, ""progress"": 2, ""positive"": 1, ""opportunities"": 1, ""increased"": 1, ""increasing"": 1, ""increase"": 1, ""high"": 1, ""leading"": 2, ""opportunity"": 1, ""risen"": 1, ""improve"": 1}","{""least"": 3, ""failure"": 1, ""risk"": 1, ""threats"": 9, ""risks"": 5, ""challenged"": 1, ""less"": 2}"
2018-11-28,"Keynote address by Daniel Mminele, Deputy Governor of the South African Reserve Bank, at the Bloomberg FX 18 Johannesburg: South Africa Economy in Focus event  ",Daniel Mminele,pdf,0.2716,46,35,2575,"{""good"": 2, ""record"": 1, ""improve"": 1, ""successful"": 1, ""more"": 7, ""most"": 7, ""strengthening"": 2, ""improved"": 2, ""higher"": 2, ""growing"": 1, ""growth"": 2, ""largest"": 1, ""increased"": 4, ""high"": 3, ""solid"": 1, ""strength"": 1, ""up"": 1, ""rising"": 1, ""strengthen"": 1, ""progress"": 1, ""encouraging"": 2, ""leading"": 1, ""certain"": 1}","{""challenging"": 1, ""worst"": 2, ""lowest"": 1, ""declined"": 2, ""weak"": 2, ""weakness"": 2, ""negative"": 2, ""down"": 2, ""weakening"": 2, ""risk"": 4, ""under"": 2, ""risks"": 5, ""risky"": 1, ""weakened"": 1, ""below"": 1, ""uncertain"": 1, ""uncertainty"": 2, ""difficult"": 1, ""less"": 1}"
2019-01-31,"Address by Lesetja Kganyago, Governor of the South African Reserve Bank, at the 14th BCBS-FSI high-level meeting for Africa on ‘strengthening financial sector supervision and current regulatory priorities’, Cape Town, South Africa, 31 January – 1 February 2019",Lesetja Kganyago,pdf,0.5175,90,53,3419,"{""high"": 5, ""strengthening"": 4, ""good"": 2, ""pleased"": 1, ""successful"": 1, ""strengthen"": 4, ""improve"": 4, ""growth"": 4, ""achieved"": 1, ""strong"": 1, ""most"": 4, ""growing"": 3, ""higher"": 2, ""increasing"": 5, ""achievement"": 1, ""achieve"": 2, ""more"": 7, ""better"": 5, ""progress"": 5, ""improving"": 2, ""largest"": 1, ""rising"": 1, ""increased"": 3, ""greater"": 3, ""achieving"": 2, ""progressing"": 1, ""improvements"": 1, ""certain"": 1, ""above"": 1, ""larger"": 1, ""rise"": 2, ""deliver"": 2, ""opportunities"": 1, ""positive"": 2, ""improved"": 2, ""increase"": 1, ""opportunity"": 1, ""enjoy"": 1}","{""down"": 1, ""risks"": 9, ""challenges"": 2, ""negative"": 3, ""less"": 2, ""low"": 5, ""lower"": 1, ""weaknesses"": 4, ""under"": 3, ""risk"": 20, ""failure"": 1, ""failing"": 1, ""fail"": 1}"
2019-02-12,"A keynote address by Daniel Mminele, Deputy Governor of the South African Reserve Bank, at the S&P Dow Jones Indices South African Seminar, Johannesburg, 12 February 2019",Daniel Mminele,pdf,0.411,88,58,3028,"{""good"": 1, ""deliver"": 1, ""growth"": 15, ""high"": 21, ""growing"": 2, ""up"": 2, ""encouraging"": 3, ""exceeded"": 2, ""increasing"": 2, ""increased"": 1, ""achieving"": 1, ""positive"": 3, ""greater"": 2, ""grown"": 1, ""opportunity"": 1, ""more"": 10, ""increases"": 2, ""higher"": 4, ""best"": 3, ""above"": 1, ""most"": 2, ""improved"": 2, ""improvement"": 1, ""expansion"": 1, ""larger"": 1, ""delivering"": 1, ""stronger"": 2}","{""challenges"": 3, ""lower"": 8, ""risks"": 7, ""less"": 2, ""fallen"": 1, ""decline"": 6, ""low"": 4, ""difficult"": 1, ""uncertainty"": 4, ""risk"": 2, ""declined"": 1, ""negative"": 4, ""fell"": 1, ""below"": 3, ""fail"": 1, ""weakness"": 2, ""weak"": 3, ""lowest"": 1, ""down"": 1, ""falling"": 1, ""fall"": 1, ""uncertain"": 1}"
2019-03-06,"A public lecture by Lesetja Kganyago, Governor of the South African Reserve Bank, at Stellenbosch University, Stellenbosch, 6 March 2019",Lesetja Kganyago,pdf,1.2043,149,37,3388,"{""good"": 11, ""achieving"": 6, ""growth"": 17, ""achieve"": 10, ""higher"": 20, ""exceed"": 2, ""delivers"": 1, ""most"": 7, ""success"": 2, ""above"": 3, ""high"": 10, ""more"": 16, ""rise"": 4, ""stronger"": 3, ""rises"": 4, ""increases"": 4, ""up"": 8, ""enjoy"": 1, ""grows"": 1, ""increasing"": 1, ""achieved"": 4, ""certain"": 1, ""opportunity"": 1, ""best"": 4, ""successful"": 1, ""rising"": 1, ""increase"": 1, ""better"": 1, ""strong"": 2, ""improve"": 1, ""record"": 1}","{""lower"": 11, ""low"": 13, ""below"": 2, ""negative"": 1, ""failure"": 1, ""less"": 2, ""falling"": 1, ""least"": 1, ""under"": 2, ""fall"": 1, ""dropped"": 1, ""fell"": 1}"
2019-03-18,"An opening address by Arif Ismail, Head of Fintech at the South African Reserve Bank, at the International Monetary Fund AFRITAC Fintech Seminar",Arif Ismail,pdf,0.9388,36,13,2875,"{""good"": 1, ""opportunity"": 1, ""certain"": 1, ""growing"": 3, ""above"": 4, ""up"": 3, ""more"": 8, ""rise"": 1, ""increasing"": 1, ""strengths"": 1, ""delivered"": 2, ""better"": 1, ""deliver"": 1, ""most"": 1, ""expand"": 1, ""largest"": 1, ""growth"": 1, ""leading"": 1, ""increased"": 1, ""strong"": 1, ""progress"": 1}","{""challenges"": 2, ""drop"": 1, ""risks"": 2, ""weaknesses"": 1, ""failing"": 1, ""declining"": 1, ""challenge"": 2, ""low"": 1, ""fail"": 1, ""challenging"": 1}"
2019-04-15,"Lesetja Kganyago, Governor of the South African Reserve Bank 19th annual Stavros Niarchos Foundation lecture Peterson Institute for International Economics, 15 April 2019",,pdf,0.3273,64,46,5448,"{""good"": 8, ""deliver"": 1, ""up"": 7, ""higher"": 4, ""enjoy"": 1, ""achieved"": 1, ""expanding"": 1, ""more"": 8, ""most"": 6, ""achieving"": 2, ""growth"": 3, ""above"": 1, ""best"": 3, ""greatest"": 1, ""better"": 2, ""leader"": 1, ""high"": 4, ""progress"": 1, ""rise"": 2, ""record"": 2, ""succeeded"": 1, ""success"": 3, ""strong"": 1}","{""decline"": 1, ""under"": 5, ""threat"": 3, ""down"": 3, ""low"": 1, ""risk"": 4, ""lower"": 1, ""threats"": 2, ""fell"": 1, ""falling"": 1, ""fail"": 2, ""least"": 5, ""difficult"": 3, ""slump"": 1, ""negative"": 1, ""downturn"": 1, ""worse"": 2, ""weakened"": 1, ""challenge"": 2, ""failure"": 1, ""challenges"": 1, ""worst"": 1, ""below"": 1, ""risks"": 1, ""fall"": 1}"
2019-04-18,"An address by Lesetja Kganyago, Governor of the South African Reserve Bank, at the World Bank Reserves Advisory and Management Program, Washington, D.C, 15 April 2019",Lesetja Kganyago,pdf,0.2098,79,64,3365,"{""growth"": 12, ""growing"": 1, ""achieve"": 1, ""most"": 3, ""expansion"": 1, ""expanded"": 1, ""larger"": 1, ""achieving"": 2, ""increase"": 4, ""expand"": 2, ""improves"": 1, ""up"": 2, ""opportunities"": 3, ""strong"": 4, ""increases"": 1, ""more"": 7, ""strengthen"": 1, ""grown"": 2, ""increased"": 3, ""positive"": 4, ""greater"": 1, ""increasing"": 3, ""improvements"": 1, ""greatest"": 1, ""rising"": 2, ""high"": 3, ""improving"": 2, ""exceeds"": 1, ""better"": 1, ""grow"": 2, ""strength"": 1, ""largest"": 1, ""improved"": 1, ""improve"": 1, ""rise"": 1, ""achieved"": 1}","{""risks"": 4, ""risk"": 15, ""uncertain"": 1, ""downturn"": 2, ""below"": 3, ""less"": 4, ""lower"": 2, ""smaller"": 1, ""negative"": 7, ""challenge"": 3, ""challenges"": 9, ""uncertainty"": 1, ""low"": 3, ""difficult"": 1, ""under"": 1, ""weaken"": 1, ""decline"": 1, ""weakness"": 1, ""weak"": 1, ""threat"": 3}"
2019-05-07,"Remarks by Daniel Mminele, Deputy Governor of the South African Reserve Bank, at the annual Financial Markets Department cocktail function, Johannesburg 7 May 2019",Daniel Mminele,pdf,0.6269,44,23,2912,"{""good"": 1, ""increasing"": 2, ""growing"": 1, ""higher"": 1, ""growth"": 8, ""stronger"": 1, ""increase"": 2, ""rose"": 1, ""high"": 2, ""up"": 1, ""increased"": 2, ""increases"": 1, ""improved"": 1, ""certain"": 1, ""rise"": 1, ""more"": 3, ""most"": 3, ""strengthen"": 2, ""strengthening"": 1, ""greatest"": 1, ""progress"": 3, ""opportunity"": 1, ""improvement"": 1, ""expand"": 1, ""best"": 1, ""enjoy"": 1}","{""less"": 2, ""risk"": 4, ""weak"": 2, ""under"": 1, ""fell"": 1, ""worst"": 1, ""declined"": 1, ""uncertainty"": 1, ""challenges"": 1, ""low"": 2, ""lower"": 2, ""declines"": 1, ""risks"": 3, ""least"": 1}"
2019-05-28,"An address by Daniel Mminele, Deputy Governor of the South African Reserve Bank, to the Rand Business Club dinner, Johannesburg 28 May 2019",Daniel Mminele,pdf,0.5862,75,41,3579,"{""growth"": 27, ""good"": 2, ""best"": 7, ""increased"": 2, ""high"": 3, ""achievement"": 1, ""achieve"": 2, ""delivered"": 1, ""more"": 11, ""achieving"": 1, ""greater"": 2, ""up"": 2, ""exceeded"": 1, ""encouraging"": 2, ""enjoy"": 1, ""improved"": 1, ""opportunities"": 1, ""rise"": 1, ""higher"": 1, ""better"": 1, ""strong"": 1, ""stronger"": 1, ""rewarded"": 1, ""most"": 1, ""improvements"": 1}","{""failure"": 1, ""down"": 1, ""declined"": 1, ""decline"": 2, ""negative"": 1, ""uncertainty"": 1, ""risks"": 6, ""less"": 3, ""weakness"": 1, ""disappointed"": 1, ""disappoint"": 1, ""lower"": 6, ""low"": 2, ""risk"": 8, ""worst"": 1, ""difficult"": 1, ""under"": 1, ""fall"": 1, ""risky"": 1, ""challenges"": 1}"
2019-06-03,"An address by Lesetja Kganyago, Governor of the South African Reserve Reserve Bank, at the African Economic Research Consortium, Cape Town 02 June 2019",Lesetja Kganyago,pdf,0.8235,60,25,1650,"{""growing"": 4, ""good"": 2, ""opportunities"": 1, ""growth"": 8, ""improving"": 2, ""up"": 2, ""risen"": 3, ""succeeded"": 1, ""improvements"": 1, ""strengthening"": 1, ""high"": 5, ""more"": 6, ""rising"": 4, ""rose"": 1, ""progress"": 1, ""increasing"": 3, ""increased"": 2, ""most"": 1, ""increase"": 2, ""strengthen"": 1, ""improve"": 3, ""improvement"": 1, ""greater"": 2, ""encouraging"": 1, ""higher"": 1, ""opportunity"": 1}","{""challenges"": 6, ""low"": 3, ""below"": 1, ""weakening"": 1, ""challenge"": 1, ""risk"": 4, ""uncertainty"": 1, ""negative"": 1, ""decline"": 1, ""risks"": 4, ""weak"": 1, ""less"": 1}"
2019-06-05,"An address by Lesetja Kganyago, Governor of the South African Reserve Bank, at the launch of the SA25 commemorative circulation and collectable coins, Constitution Hill, Johannesburg 5 June 2019",Lesetja Kganyago,pdf,1.5,7,1,1070,"{""positive"": 1, ""high"": 2, ""growth"": 1, ""most"": 2, ""up"": 1}","{""negative"": 1}"
2019-06-12,"Remarks by Fundi Tshazibana, Adviser to the Governors of the South African Reserve Bank, at the Nedbank 2019 Treasurer’s Conference, Summer place, Johannesburg, 12 June 2019",Fundi Tshazibana,pdf,0.8955,97,37,2130,"{""good"": 1, ""growth"": 39, ""up"": 3, ""certainty"": 3, ""increase"": 3, ""most"": 3, ""leading"": 1, ""more"": 12, ""above"": 1, ""achieve"": 1, ""high"": 2, ""certain"": 1, ""achieved"": 1, ""increased"": 1, ""rising"": 3, ""risen"": 1, ""increasing"": 1, ""encouraged"": 1, ""positive"": 2, ""higher"": 5, ""strong"": 1, ""improved"": 1, ""stronger"": 3, ""largest"": 1, ""opportunities"": 3, ""growing"": 1, ""strengthened"": 1, ""achieving"": 1}","{""weakening"": 1, ""risks"": 4, ""negative"": 1, ""risk"": 2, ""less"": 3, ""weak"": 6, ""lowest"": 1, ""smaller"": 1, ""low"": 5, ""declined"": 1, ""decline"": 2, ""fall"": 1, ""lower"": 4, ""fallen"": 1, ""challenges"": 1, ""decreased"": 1, ""uncertainty"": 1, ""weakens"": 1}"
2019-06-13,"Remarks by Lesetja Kganyago, Governor of the South African Reserve Bank, at the annual dinner for the Heads of Foreign Missions accredited in South Africa, South African Reserve Bank, Pretoria 12 June 2019",Lesetja Kganyago,pdf,0.6522,61,31,2077,"{""high"": 3, ""good"": 2, ""rising"": 1, ""increased"": 6, ""growth"": 15, ""most"": 1, ""up"": 1, ""more"": 9, ""stronger"": 1, ""strong"": 2, ""larger"": 2, ""increase"": 1, ""improving"": 1, ""increasing"": 1, ""strengthen"": 2, ""strengthening"": 2, ""certain"": 1, ""rise"": 1, ""growing"": 1, ""expansion"": 1, ""achieve"": 2, ""certainty"": 1, ""improves"": 1, ""positive"": 1, ""higher"": 1, ""increases"": 1}","{""under"": 4, ""threat"": 2, ""negative"": 1, ""declining"": 1, ""worsening"": 1, ""uncertainty"": 1, ""risks"": 2, ""challenges"": 5, ""disappointing"": 1, ""lower"": 8, ""down"": 1, ""low"": 1, ""fallen"": 1, ""difficult"": 1, ""weak"": 1}"
2019-06-19,"Keynote address by Daniel Mminele, Deputy Governor of the South African Reserve Bank, at the 2019 BNP Paribas Global Official Institutions Conference, Paris, 19 June 2019",Daniel Mminele,pdf,0.6129,81,43,3152,"{""good"": 2, ""deliver"": 1, ""up"": 6, ""risen"": 1, ""rising"": 6, ""most"": 6, ""record"": 1, ""growth"": 11, ""strong"": 2, ""increase"": 6, ""increases"": 3, ""expansion"": 1, ""more"": 7, ""stronger"": 2, ""delivered"": 1, ""success"": 1, ""higher"": 2, ""certainty"": 1, ""strength"": 1, ""better"": 6, ""enjoy"": 1, ""high"": 2, ""growing"": 3, ""increased"": 1, ""rise"": 1, ""greater"": 1, ""solid"": 1, ""opportunities"": 1, ""progress"": 1, ""achieve"": 1, ""strengthening"": 1}","{""uncertainty"": 1, ""risk"": 7, ""uncertain"": 1, ""downturn"": 1, ""weaken"": 1, ""down"": 1, ""weakening"": 1, ""negative"": 3, ""threats"": 1, ""risks"": 8, ""risky"": 1, ""decline"": 3, ""lower"": 2, ""less"": 3, ""weak"": 2, ""declines"": 1, ""fall"": 1, ""under"": 1, ""low"": 2, ""challenging"": 1, ""difficult"": 1}"
2019-07-24,"Public Lecture by Lesetja Kganyago,Governor of the South African Reserve Bank, at the University of South Africa, Pretoria, 24 July 2019",Lesetja Kganyago,pdf,0.963,140,49,3873,"{""delivering"": 2, ""growth"": 39, ""good"": 4, ""opportunity"": 2, ""improving"": 1, ""more"": 19, ""grow"": 3, ""grows"": 1, ""up"": 7, ""higher"": 21, ""better"": 4, ""record"": 1, ""certain"": 1, ""achieve"": 2, ""achieving"": 1, ""high"": 6, ""most"": 3, ""increases"": 1, ""positive"": 1, ""above"": 1, ""best"": 4, ""accomplishment"": 1, ""progress"": 2, ""increase"": 3, ""increased"": 2, ""rise"": 2, ""larger"": 1, ""increasing"": 1, ""highest"": 1, ""rising"": 1, ""growing"": 1, ""deliver"": 1}","{""less"": 2, ""worse"": 2, ""fail"": 1, ""difficult"": 5, ""failing"": 1, ""risk"": 6, ""weak"": 1, ""uncertainty"": 2, ""under"": 6, ""below"": 1, ""lower"": 9, ""fell"": 1, ""fallen"": 1, ""low"": 6, ""down"": 1, ""falling"": 1, ""declined"": 1, ""negative"": 1, ""risks"": 1}"
2019-07-26,"An address by Lesetja Kganyago,Governor of the South African Reserve Bank (SARB), at the ninety-ninth annual Ordinary General Meeting",Lesetja Kganyago,pdf,0.1538,56,48,2827,"{""growth"": 21, ""most"": 4, ""strong"": 2, ""up"": 2, ""increases"": 1, ""certain"": 2, ""more"": 7, ""increased"": 1, ""improvement"": 1, ""grow"": 1, ""rise"": 1, ""increase"": 2, ""higher"": 2, ""rising"": 2, ""progress"": 1, ""better"": 1, ""strengths"": 1, ""above"": 1, ""increasing"": 1, ""best"": 1, ""strengthening"": 1}","{""challenges"": 1, ""negative"": 2, ""decline"": 5, ""uncertainty"": 2, ""least"": 2, ""less"": 3, ""low"": 4, ""challenging"": 1, ""weak"": 3, ""disappointing"": 1, ""weakens"": 1, ""risks"": 13, ""lower"": 1, ""declined"": 1, ""under"": 3, ""weaknesses"": 1, ""deteriorate"": 1, ""deteriorating"": 1, ""risk"": 1, ""fail"": 1}"
2020-03-04,"Public Lecture by Lesetja Kganyago,Governor of the South African Reserve Bank, at the University of the Free State ",Lesetja Kganyago,pdf,0.4267,91,59,2780,"{""growth"": 35, ""good"": 5, ""most"": 1, ""more"": 15, ""up"": 7, ""better"": 6, ""positive"": 1, ""expansion"": 1, ""rising"": 1, ""high"": 5, ""record"": 1, ""higher"": 4, ""above"": 2, ""progress"": 1, ""strength"": 1, ""enjoy"": 1, ""strong"": 1, ""largest"": 1, ""highest"": 1, ""growing"": 1}","{""risk"": 7, ""worse"": 1, ""lower"": 13, ""declining"": 1, ""down"": 5, ""weak"": 1, ""low"": 10, ""least"": 2, ""lowest"": 1, ""under"": 1, ""weakness"": 1, ""worst"": 1, ""below"": 3, ""falling"": 1, ""less"": 5, ""risky"": 2, ""negative"": 2, ""uncertainty"": 1, ""challenges"": 1}"
2020-06-18,"Lecture by Lesetja Kganyago, Governor of the South African Reserve Bank, at the Wits School of Governance Johannesburg 18 June 2020",Lesetja Kganyago,pdf,0.1538,77,66,4873,"{""good"": 1, ""improved"": 1, ""larger"": 3, ""best"": 2, ""more"": 10, ""most"": 7, ""record"": 2, ""up"": 13, ""improve"": 3, ""increase"": 5, ""high"": 5, ""better"": 1, ""higher"": 3, ""encouraged"": 1, ""rising"": 1, ""growth"": 5, ""positive"": 1, ""expanded"": 1, ""achieve"": 2, ""above"": 1, ""increases"": 1, ""delivering"": 1, ""accomplishments"": 1, ""highest"": 1, ""achieved"": 1, ""achievement"": 1, ""rise"": 1, ""stronger"": 1, ""grow"": 1}","{""worst"": 3, ""downturn"": 1, ""fell"": 3, ""declined"": 1, ""uncertain"": 2, ""fall"": 2, ""challenges"": 1, ""lower"": 5, ""lowest"": 1, ""below"": 3, ""less"": 4, ""down"": 4, ""uncertainty"": 1, ""difficult"": 1, ""risk"": 6, ""deteriorated"": 1, ""low"": 12, ""worsen"": 1, ""worse"": 2, ""negative"": 2, ""weak"": 2, ""least"": 1, ""falls"": 1, ""deteriorate"": 1, ""under"": 1, ""fail"": 1, ""decline"": 3}"
2020-07-31,"An address by Lesetja Kganyago, Governor of the South African Reserve Bank (SARB), at the 100th annual Ordinary General Meeting of the SARB shareholders",Lesetja Kganyago,pdf,-0.0541,36,38,2289,"{""most"": 2, ""expansion"": 1, ""record"": 1, ""increased"": 3, ""high"": 3, ""more"": 3, ""delivering"": 1, ""larger"": 1, ""increases"": 1, ""higher"": 4, ""increase"": 1, ""rose"": 1, ""up"": 2, ""strengthen"": 1, ""improve"": 1, ""deliver"": 1, ""certain"": 1, ""improvements"": 1, ""positive"": 1, ""strengthening"": 1, ""improving"": 2, ""growth"": 3}","{""challenging"": 1, ""decline"": 4, ""risk"": 1, ""fallen"": 1, ""uncertainty"": 4, ""drop"": 1, ""falling"": 1, ""weak"": 2, ""challenges"": 1, ""fell"": 2, ""weakness"": 1, ""below"": 1, ""low"": 1, ""down"": 1, ""lowest"": 1, ""lower"": 4, ""less"": 2, ""risks"": 6, ""deteriorating"": 2, ""failure"": 1}"
2020-08-12,"An address by Lesetja Kganyago, Governor of the South African Reserve Bank University of Pretoria, Pretoria 12 August 2020",Lesetja Kganyago,pdf,0.1957,101,83,4281,"{""up"": 8, ""good"": 2, ""delivered"": 1, ""best"": 2, ""success"": 1, ""most"": 5, ""high"": 15, ""above"": 3, ""growth"": 30, ""increase"": 1, ""more"": 10, ""delivering"": 2, ""grow"": 2, ""positive"": 2, ""achieved"": 1, ""increases"": 2, ""achieving"": 1, ""deliver"": 2, ""higher"": 3, ""accomplishment"": 1, ""strong"": 1, ""achieve"": 2, ""highest"": 1, ""record"": 1, ""better"": 1, ""opportunities"": 1}","{""failing"": 1, ""falling"": 1, ""uncertainty"": 1, ""lower"": 14, ""under"": 1, ""difficult"": 4, ""declined"": 1, ""fallen"": 3, ""lowest"": 1, ""low"": 16, ""worst"": 1, ""least"": 1, ""weak"": 5, ""negative"": 1, ""weaken"": 1, ""failure"": 1, ""challenges"": 5, ""worse"": 2, ""less"": 6, ""risk"": 8, ""risks"": 3, ""down"": 2, ""fall"": 1, ""below"": 1, ""risky"": 1, ""depressed"": 1}"
2020-09-09,"An opening address by Lesetja Kganyago, Governor of the South African Reserve Bank, at the fourth Annual Distributed Sovereign Debt Research and Management Conference University of Pretoria, Pretoria 7 September 2020",Lesetja Kganyago,pdf,0.8861,114,44,3684,"{""good"": 1, ""deliver"": 1, ""rising"": 8, ""progress"": 1, ""up"": 4, ""increased"": 8, ""risen"": 2, ""rose"": 3, ""high"": 9, ""more"": 8, ""growing"": 5, ""increase"": 9, ""strong"": 3, ""record"": 1, ""growth"": 16, ""rise"": 2, ""expanding"": 1, ""increasing"": 5, ""exceed"": 2, ""most"": 3, ""succeeded"": 1, ""improvements"": 1, ""strengthening"": 1, ""opportunity"": 1, ""improving"": 2, ""achieving"": 1, ""enjoyed"": 1, ""achieve"": 1, ""improve"": 3, ""larger"": 1, ""increases"": 1, ""above"": 1, ""exceeding"": 1, ""highest"": 2, ""strengthen"": 1, ""greater"": 2, ""encouraging"": 1}","{""challenges"": 9, ""low"": 6, ""negative"": 4, ""lower"": 4, ""decline"": 2, ""risks"": 5, ""risk"": 4, ""below"": 1, ""weakening"": 1, ""weakness"": 1, ""under"": 2, ""least"": 1, ""challenging"": 1, ""declined"": 1, ""difficult"": 1, ""challenge"": 1}"
2020-09-22,"Opening remarks by Ms Fundi Tshazibana, Deputy Governor of the South African Reserve Bank, at the JP Morgan Emerging Markets Credit Conference, 22 September 2020",Fundi Tshazibana,pdf,0.069,60,56,2606,"{""opportunity"": 1, ""growth"": 13, ""largest"": 2, ""strong"": 5, ""best"": 1, ""higher"": 6, ""more"": 5, ""high"": 4, ""stronger"": 2, ""encouraging"": 2, ""risen"": 1, ""larger"": 1, ""up"": 2, ""grow"": 2, ""better"": 1, ""most"": 3, ""rise"": 3, ""increasing"": 1, ""increases"": 1, ""achieve"": 1, ""improve"": 1, ""increase"": 1, ""opportunities"": 1}","{""challenges"": 2, ""under"": 2, ""fell"": 2, ""fall"": 1, ""worse"": 1, ""difficult"": 1, ""risk"": 8, ""declined"": 3, ""risks"": 6, ""less"": 3, ""negative"": 3, ""lower"": 10, ""low"": 1, ""below"": 1, ""uncertain"": 2, ""uncertainty"": 3, ""decline"": 4, ""least"": 1, ""weak"": 1, ""threats"": 1}"
2020-10-07,"Keynote address by Ms Fundi Tshazibana, Deputy Governor of the South African Reserve Bank, at the Absa Annual Fixed Income Conference",Fundi Tshazibana,pdf,0.0993,74,67,3323,"{""opportunity"": 1, ""deliver"": 2, ""high"": 4, ""better"": 1, ""succeed"": 1, ""most"": 8, ""growth"": 10, ""growing"": 3, ""rising"": 4, ""grow"": 1, ""positive"": 2, ""greater"": 4, ""higher"": 6, ""increase"": 2, ""strong"": 3, ""improved"": 2, ""larger"": 2, ""more"": 7, ""rise"": 2, ""up"": 2, ""risen"": 1, ""certainty"": 1, ""encouraging"": 1, ""enjoy"": 1, ""stronger"": 1, ""achieving"": 1, ""largest"": 1}","{""challenging"": 2, ""lower"": 18, ""decline"": 3, ""declined"": 1, ""risk"": 13, ""low"": 8, ""below"": 4, ""down"": 1, ""less"": 2, ""falling"": 3, ""negative"": 2, ""fell"": 1, ""risks"": 3, ""uncertainty"": 2, ""declining"": 1, ""least"": 1, ""difficult"": 1, ""challenges"": 1}"
2020-11-06,"Opening remarks by Ms Fundi Tshazibana, Deputy Governor of the South African Reserve Bank at the Market Practitioners Group Forum  6 November 2020 ",Fundi Tshazibana,pdf,0.6087,15,8,1284,"{""good"": 1, ""up"": 3, ""more"": 1, ""strengthen"": 1, ""most"": 3, ""strengthening"": 2, ""achieved"": 1, ""progress"": 1, ""strengthened"": 1, ""leading"": 1}","{""risk"": 5, ""decline"": 1, ""declined"": 1, ""less"": 1}"
2020-11-30,"Keynote address by Dr Rashad Cassim, Deputy Governor of the South African Reserve Bank, at the 3rd Annual HSBC Africa Conference 30 November 2020 1. Introduction",Rashad Cassim,pdf,0.1284,58,51,2885,"{""good"": 1, ""encouraging"": 1, ""successes"": 1, ""growing"": 2, ""up"": 2, ""most"": 6, ""best"": 1, ""strong"": 4, ""growth"": 14, ""stronger"": 1, ""grow"": 1, ""increase"": 2, ""increases"": 2, ""larger"": 1, ""more"": 7, ""high"": 4, ""above"": 1, ""rise"": 2, ""greater"": 1, ""certainty"": 1, ""rising"": 1, ""higher"": 1, ""opportunities"": 1}","{""challenges"": 3, ""lower"": 8, ""less"": 1, ""deteriorate"": 2, ""down"": 3, ""risks"": 6, ""uncertain"": 1, ""low"": 6, ""risk"": 4, ""negative"": 3, ""obstacles"": 1, ""under"": 1, ""smaller"": 1, ""below"": 2, ""uncertainty"": 5, ""difficult"": 2, ""challenge"": 2}"
2020-12-08,"An opening address by Rashad Cassim, a Deputy Governor of the South African Reserve Bank, at the World Fintech Festival ",Rashad Cassim,pdf,0.5075,42,25,2868,"{""opportunities"": 2, ""good"": 2, ""up"": 3, ""growing"": 1, ""more"": 8, ""increased"": 2, ""strengthening"": 1, ""expanding"": 1, ""largest"": 1, ""increase"": 1, ""strengthened"": 1, ""delivered"": 1, ""increasing"": 5, ""certainty"": 1, ""best"": 1, ""growth"": 2, ""grow"": 2, ""most"": 2, ""above"": 1, ""progress"": 1, ""positive"": 1, ""deliver"": 1, ""enjoy"": 1}","{""challenges"": 14, ""challenge"": 5, ""less"": 3, ""lower"": 1, ""risk"": 1, ""under"": 1}"
2021-06-30,"Address by Lesetja Kganyago, Governor of the South African Reserve Bank, at the virtual 100th anniversary celebration of the Bank",Lesetja Kganyago,pdf,1.3548,26,5,1550,"{""good"": 1, ""leading"": 3, ""rising"": 2, ""rise"": 2, ""up"": 2, ""increases"": 1, ""high"": 1, ""growth"": 4, ""greater"": 1, ""expand"": 1, ""expanded"": 1, ""largest"": 1, ""larger"": 1, ""highest"": 1, ""strengthening"": 1, ""progress"": 1, ""solid"": 1, ""strength"": 1}","{""weaknesses"": 1, ""low"": 3, ""challenges"": 1}"
2021-07-28,"Address by Ms Fundi Tshazibana, Deputy Governor for the South African Reserve Bank, at the Nelson Mandela Bay 2021 Leadership Summit",Fundi Tshazibana,pdf,0.8205,55,23,2673,"{""good"": 5, ""most"": 3, ""largest"": 1, ""high"": 9, ""more"": 8, ""better"": 7, ""leading"": 1, ""up"": 4, ""higher"": 1, ""rise"": 1, ""achieve"": 1, ""greater"": 1, ""larger"": 1, ""above"": 1, ""record"": 1, ""leader"": 2, ""achieving"": 1, ""best"": 5, ""deliver"": 2}","{""uncertainty"": 3, ""difficult"": 3, ""challenge"": 1, ""falling"": 1, ""down"": 3, ""less"": 1, ""risk"": 2, ""lower"": 2, ""low"": 2, ""risks"": 1, ""uncertain"": 1, ""worse"": 1, ""challenges"": 1, ""fail"": 1}"
2021-07-30,"An address by Lesetja Kganyago, Governor of the South African Reserve Bank (SARB), at the 101st annual Ordinary General Meeting of the shareholders",Lesetja Kganyago,pdf,0.6364,58,30,2708,"{""more"": 7, ""greater"": 1, ""strengthen"": 1, ""up"": 5, ""high"": 4, ""stronger"": 2, ""growth"": 9, ""expansion"": 1, ""most"": 3, ""higher"": 6, ""strengthening"": 1, ""improved"": 2, ""rise"": 1, ""above"": 1, ""strong"": 1, ""rising"": 2, ""improving"": 3, ""better"": 1, ""positive"": 3, ""rose"": 1, ""achieving"": 1, ""increase"": 1, ""strength"": 1}","{""negative"": 2, ""difficult"": 1, ""low"": 5, ""under"": 1, ""risk"": 2, ""deteriorating"": 1, ""uncertainty"": 3, ""challenges"": 4, ""below"": 4, ""weaken"": 1, ""risks"": 3, ""lower"": 1, ""threats"": 1, ""worst"": 1}"
2021-09-08,A public lecture by Lesetja Kganyago Governor of the South African Reserve Bank at Stellenbosch University,Lesetja Kganyago Governor,pdf,0.3562,86,60,4217,"{""achievements"": 1, ""success"": 8, ""good"": 10, ""leading"": 1, ""most"": 3, ""high"": 12, ""succeeded"": 1, ""delivering"": 2, ""record"": 5, ""higher"": 6, ""more"": 7, ""deliver"": 2, ""achieved"": 2, ""growth"": 5, ""greatest"": 1, ""delivers"": 1, ""delivered"": 2, ""strong"": 1, ""stronger"": 1, ""strength"": 1, ""better"": 3, ""up"": 2, ""achieving"": 1, ""achieve"": 1, ""progress"": 3, ""increased"": 1, ""best"": 1, ""succeed"": 2}","{""challenges"": 3, ""lower"": 14, ""less"": 4, ""down"": 5, ""weakens"": 1, ""low"": 13, ""fail"": 1, ""falling"": 1, ""fell"": 1, ""below"": 1, ""worst"": 4, ""downturn"": 1, ""weak"": 2, ""under"": 2, ""negative"": 1, ""uncertainty"": 1, ""lowest"": 1, ""least"": 1, ""worse"": 1, ""difficult"": 1, ""failure"": 1}"
2022-04-06,Opening Address by Governor Lesetja Kganyago at the Project Khokha 2 Report Launch,Governor Lesetja Kganyago,pdf,0.1538,14,12,1732,"{""good"": 2, ""progress"": 1, ""most"": 2, ""growth"": 1, ""expanded"": 1, ""more"": 1, ""increased"": 1, ""certainty"": 1, ""achieving"": 1, ""improving"": 1, ""greater"": 1, ""achievement"": 1}","{""under"": 1, ""risks"": 3, ""risk"": 2, ""fail"": 1, ""uncertain"": 1, ""difficult"": 1, ""challenging"": 1, ""challenges"": 1, ""fall"": 1}"
2022-04-14,"Address by Kuben Naidoo, Deputy Governor of the SARB, at the Mohammad Karaan Memorial Lecture, Stellenbosch University",Kuben Naidoo,pdf,0.8052,108,46,5206,"{""good"": 6, ""best"": 3, ""deliver"": 1, ""better"": 8, ""more"": 10, ""enjoy"": 1, ""beats"": 1, ""strengths"": 1, ""most"": 8, ""grow"": 4, ""growth"": 9, ""up"": 6, ""improve"": 1, ""growing"": 3, ""opportunities"": 1, ""successful"": 16, ""successes"": 1, ""delivering"": 1, ""larger"": 3, ""expanded"": 1, ""rise"": 2, ""certain"": 1, ""success"": 2, ""higher"": 3, ""high"": 7, ""opportunity"": 2, ""rising"": 2, ""largest"": 1, ""beat"": 1, ""solid"": 1, ""reward"": 1}","{""less"": 3, ""under"": 5, ""threat"": 1, ""challenged"": 1, ""least"": 2, ""low"": 8, ""hurdle"": 1, ""worse"": 1, ""risk"": 10, ""risky"": 1, ""failure"": 3, ""difficult"": 1, ""obstacles"": 2, ""uncertainty"": 1, ""weakening"": 1, ""decline"": 1, ""below"": 1, ""negative"": 1, ""lower"": 1, ""risks"": 1}"
2022-07-25,Keynote address by Lesetja Kganyago Governor of the SA Reserve Bank at the African Insurance Exchange 2022 Annual Insurance Conference,Lesetja Kganyago Governor,pdf,-0.3059,36,49,2275,"{""good"": 1, ""achieve"": 1, ""growth"": 7, ""opportunities"": 3, ""more"": 4, ""increase"": 1, ""certainty"": 3, ""progressing"": 1, ""strengthen"": 2, ""better"": 3, ""improved"": 1, ""grew"": 1, ""rise"": 3, ""rising"": 1, ""growing"": 1, ""high"": 1, ""strengthening"": 1, ""opportunity"": 1}","{""risks"": 21, ""risk"": 14, ""worst"": 1, ""challenges"": 2, ""challenge"": 2, ""uncertainty"": 3, ""under"": 3, ""down"": 2, ""low"": 1}"
2022-07-29,"An address by Lesetja Kganyago Governor of the South African Reserve Bank (SARB), at the 102nd annual Ordinary General Meeting of the SARB shareholders",Lesetja Kganyago Governor,pdf,0.8287,128,53,4024,"{""good"": 3, ""successful"": 1, ""above"": 4, ""high"": 10, ""growth"": 26, ""higher"": 7, ""rising"": 7, ""more"": 13, ""larger"": 2, ""strongest"": 1, ""up"": 3, ""expanded"": 2, ""strong"": 3, ""rose"": 2, ""risen"": 2, ""increasing"": 3, ""positive"": 3, ""grew"": 2, ""better"": 2, ""achieved"": 2, ""increased"": 3, ""increase"": 3, ""improved"": 1, ""improving"": 3, ""encouraging"": 2, ""strengthened"": 1, ""improvement"": 1, ""encouraged"": 1, ""expand"": 1, ""growing"": 1, ""stronger"": 1, ""rise"": 1, ""improve"": 1, ""greater"": 3, ""highest"": 1, ""most"": 2, ""deliver"": 1, ""achievements"": 1, ""delivering"": 2}","{""low"": 4, ""down"": 2, ""risks"": 10, ""threat"": 4, ""under"": 7, ""lower"": 3, ""uncertainty"": 1, ""challenges"": 5, ""drop"": 1, ""less"": 2, ""below"": 1, ""weakening"": 3, ""declined"": 2, ""fell"": 1, ""risk"": 2, ""threats"": 1, ""falls"": 1, ""failure"": 1, ""hurdles"": 1, ""difficult"": 1}"
2022-08-25,An address by Fundi Tshazibana Deputy Governor of the South African Reserve Bank at the Nedgroup Investments 11th Annual Treasurers’ Conference,Fundi Tshazibana Deputy Governor,pdf,0.6545,73,37,2729,"{""good"": 4, ""up"": 6, ""most"": 2, ""high"": 8, ""growth"": 17, ""above"": 3, ""achieved"": 1, ""better"": 2, ""strong"": 5, ""more"": 5, ""progress"": 2, ""increase"": 1, ""increases"": 3, ""rising"": 1, ""record"": 1, ""positive"": 1, ""higher"": 6, ""achieve"": 2, ""stronger"": 1, ""largest"": 1, ""strength"": 1}","{""risks"": 2, ""risk"": 5, ""down"": 1, ""downturn"": 1, ""lower"": 6, ""weak"": 1, ""below"": 4, ""low"": 6, ""uncertainty"": 1, ""deteriorating"": 1, ""weakening"": 1, ""threat"": 1, ""weakness"": 1, ""less"": 2, ""least"": 1, ""worst"": 2, ""uncertain"": 1}"
2022-08-31,"Speaking notes for Lesetja Kganyago, Governor of the South African Reserve Bank at the MPC Schools Challenge Winners Announcement ",,pdf,-0.1176,8,9,730,"{""good"": 2, ""pleased"": 1, ""up"": 1, ""more"": 1, ""achieved"": 2, ""expanding"": 1}","{""challenge"": 9}"
2022-09-06,"Keynote address by Dr Rashad Cassim, Deputy Governor of the South African Reserve Bank, at the ACI Financial Markets Association South Africa",Rashad Cassim,pdf,0.5882,88,48,3114,"{""higher"": 18, ""growth"": 12, ""good"": 2, ""increased"": 1, ""most"": 7, ""above"": 6, ""record"": 1, ""more"": 16, ""best"": 2, ""increases"": 4, ""rise"": 3, ""increase"": 2, ""up"": 7, ""deliver"": 2, ""strong"": 2, ""rising"": 1, ""increasing"": 1, ""improve"": 1}","{""low"": 11, ""risks"": 3, ""fall"": 1, ""worse"": 1, ""challenging"": 1, ""lower"": 2, ""below"": 4, ""less"": 3, ""difficult"": 4, ""least"": 1, ""risk"": 3, ""smaller"": 1, ""challenges"": 2, ""down"": 5, ""decreased"": 1, ""weak"": 1, ""declining"": 1, ""under"": 1, ""negative"": 2}"
2022-09-28,An address by Lesetja Kganyago Governor of the SARB at CEEF Africa event ,Lesetja Kganyago Governor,pdf,0.6154,136,72,4901,"{""good"": 6, ""more"": 12, ""higher"": 10, ""high"": 11, ""achieve"": 4, ""better"": 5, ""successful"": 2, ""growth"": 34, ""rising"": 6, ""achieved"": 1, ""most"": 7, ""positive"": 2, ""up"": 3, ""growing"": 3, ""grew"": 2, ""record"": 2, ""strength"": 1, ""succeed"": 1, ""delivered"": 1, ""increased"": 2, ""successes"": 1, ""stronger"": 2, ""deliver"": 2, ""progress"": 3, ""increases"": 3, ""rose"": 1, ""grow"": 1, ""strong"": 1, ""larger"": 2, ""rise"": 1, ""largest"": 1, ""increasing"": 1, ""delivers"": 1, ""strongest"": 1}","{""challenging"": 1, ""challenges"": 4, ""low"": 11, ""under"": 3, ""down"": 3, ""fallen"": 1, ""lower"": 9, ""worse"": 2, ""failure"": 2, ""difficult"": 3, ""weakens"": 1, ""negative"": 4, ""falling"": 1, ""decline"": 3, ""slump"": 1, ""below"": 1, ""worst"": 1, ""less"": 3, ""weakness"": 1, ""challenge"": 1, ""fall"": 2, ""lowest"": 1, ""risk"": 3, ""disappointment"": 1, ""least"": 3, ""risks"": 2, ""depressed"": 1, ""weak"": 2, ""shrinking"": 1}"
2022-10-10,Remarks by Lesetja Kganyago Governor of the SARB at the NYSE JSE Market Close Event,Lesetja Kganyago Governor,pdf,1.0933,58,17,1757,"{""good"": 2, ""increasing"": 2, ""opportunities"": 1, ""encouraging"": 1, ""strengthening"": 1, ""largest"": 1, ""most"": 1, ""growth"": 10, ""increase"": 3, ""greater"": 1, ""opportunity"": 1, ""grow"": 1, ""high"": 2, ""rose"": 1, ""increased"": 1, ""positive"": 2, ""strong"": 3, ""more"": 4, ""higher"": 2, ""larger"": 1, ""achieve"": 2, ""improves"": 1, ""reward"": 1, ""strength"": 1, ""stronger"": 2, ""up"": 2, ""better"": 4, ""best"": 1, ""successful"": 1, ""improve"": 1, ""deliver"": 1}","{""challenging"": 3, ""uncertainty"": 1, ""least"": 1, ""uncertain"": 1, ""negative"": 1, ""low"": 3, ""risk"": 4, ""less"": 1, ""risky"": 1, ""down"": 1}"
2022-11-01,Governor Lesetja Kganyago public lecture at the Wits School of Governance,,pdf,0.9298,167,61,3878,"{""growth"": 42, ""good"": 2, ""achieving"": 3, ""more"": 23, ""high"": 12, ""larger"": 4, ""most"": 5, ""higher"": 15, ""better"": 3, ""rose"": 1, ""up"": 6, ""positive"": 3, ""expansion"": 6, ""rising"": 6, ""achieve"": 5, ""rises"": 7, ""rise"": 5, ""strong"": 2, ""above"": 1, ""increase"": 1, ""increasing"": 1, ""increases"": 2, ""grew"": 2, ""improvement"": 1, ""best"": 3, ""growing"": 2, ""highest"": 1, ""exceeded"": 1, ""certain"": 1, ""encouraging"": 1}","{""under"": 2, ""dropping"": 2, ""worse"": 1, ""lower"": 8, ""low"": 14, ""negative"": 2, ""down"": 3, ""dropped"": 1, ""challenge"": 3, ""failure"": 1, ""falling"": 2, ""falls"": 3, ""weakened"": 1, ""difficulty"": 1, ""less"": 5, ""failing"": 1, ""worsens"": 1, ""below"": 2, ""least"": 1, ""drop"": 1, ""challenging"": 1, ""fails"": 1, ""difficult"": 1, ""risk"": 1, ""threat"": 1, ""fall"": 1}"
2023-03-07,"An address by Lesetja Kganyago Governor of the South African Reserve Bank (SARB),  at the Lebanese Chamber of Commerce",Lesetja Kganyago Governor,pdf,0.5909,57,31,2146,"{""strengthen"": 1, ""more"": 9, ""most"": 2, ""higher"": 4, ""high"": 5, ""above"": 3, ""growth"": 22, ""rising"": 2, ""increases"": 1, ""up"": 2, ""positive"": 1, ""strength"": 1, ""strong"": 1, ""improved"": 1, ""increasing"": 1, ""encouraging"": 1}","{""challenges"": 4, ""challenged"": 1, ""low"": 5, ""fallen"": 1, ""decline"": 2, ""risk"": 5, ""lower"": 2, ""below"": 1, ""weak"": 3, ""uncertain"": 1, ""declines"": 1, ""deteriorated"": 1, ""weakened"": 1, ""risks"": 1, ""challenging"": 2}"
2023-03-14,An address by Rashad Cassim Deputy Governor of the SARB at the Central Banking Conference,Rashad Cassim Deputy Governor,pdf,0.8116,97,41,3410,"{""most"": 7, ""growth"": 30, ""highest"": 5, ""up"": 9, ""larger"": 1, ""increases"": 1, ""encouraging"": 1, ""more"": 12, ""higher"": 5, ""risen"": 1, ""above"": 7, ""better"": 3, ""high"": 2, ""achieve"": 3, ""good"": 1, ""record"": 1, ""grow"": 1, ""delivering"": 1, ""rising"": 1, ""positive"": 2, ""delivered"": 1, ""rises"": 1, ""achieved"": 1}","{""lowest"": 2, ""failure"": 1, ""difficult"": 4, ""drop"": 1, ""decline"": 1, ""uncertainty"": 1, ""challenge"": 1, ""deteriorated"": 1, ""down"": 5, ""weaken"": 1, ""negative"": 4, ""below"": 2, ""weakening"": 1, ""low"": 3, ""fall"": 1, ""challenges"": 2, ""weak"": 2, ""uncertain"": 1, ""lower"": 1, ""worse"": 2, ""disappointing"": 1, ""risk"": 1, ""risks"": 2}"
2023-03-16,"Introductory remarks by Lesetja Kganyago, Governor of the SARB, at the Witwatersrand dialogue",Lesetja Kganyago,pdf,0.4828,18,11,894,"{""higher"": 1, ""more"": 1, ""increased"": 2, ""strong"": 1, ""increases"": 1, ""high"": 3, ""good"": 1, ""achieving"": 3, ""achieve"": 1, ""success"": 1, ""successful"": 1, ""most"": 1, ""deliver"": 1}","{""challenged"": 1, ""low"": 1, ""below"": 1, ""negative"": 1, ""difficult"": 1, ""lower"": 1, ""challenges"": 1, ""risks"": 1, ""fall"": 1, ""under"": 2}"
2023-04-05,An address by Lesetja Kganyago Governor of the South African Reserve Bank at the American Chamber of Commerce,Lesetja Kganyago Governor,pdf,1.0,48,16,1766,"{""high"": 5, ""largest"": 1, ""most"": 5, ""increase"": 2, ""greater"": 1, ""opportunity"": 1, ""growth"": 8, ""more"": 5, ""higher"": 9, ""increases"": 2, ""solid"": 1, ""better"": 2, ""stronger"": 1, ""rise"": 1, ""up"": 1, ""rising"": 1, ""increased"": 1, ""above"": 1}","{""low"": 2, ""challenge"": 2, ""down"": 2, ""lower"": 1, ""decline"": 2, ""uncertainty"": 1, ""least"": 1, ""risks"": 2, ""under"": 1, ""weak"": 1, ""weaknesses"": 1}"
2023-04-11,Speech by Governor Lesetja Kganyago at the Peterson Institute for International Economics,Governor Lesetja Kganyago,pdf,0.5476,107,61,3589,"{""above"": 2, ""more"": 23, ""increased"": 4, ""better"": 10, ""improve"": 1, ""highest"": 1, ""rising"": 3, ""growing"": 2, ""grew"": 1, ""certainty"": 1, ""higher"": 6, ""high"": 8, ""most"": 3, ""stronger"": 4, ""rise"": 4, ""strong"": 2, ""greater"": 3, ""positive"": 4, ""up"": 5, ""risen"": 1, ""expansion"": 2, ""growth"": 8, ""leading"": 1, ""strengthened"": 1, ""strongest"": 1, ""rose"": 1, ""increase"": 1, ""improving"": 1, ""solid"": 1, ""good"": 1, ""larger"": 1}","{""lower"": 4, ""challenges"": 5, ""risk"": 6, ""challenge"": 5, ""low"": 4, ""fall"": 1, ""below"": 1, ""fell"": 2, ""risks"": 2, ""uncertainty"": 4, ""declined"": 1, ""less"": 10, ""falling"": 2, ""declining"": 1, ""negative"": 3, ""fallen"": 1, ""weakens"": 1, ""under"": 2, ""falls"": 1, ""smaller"": 1, ""weak"": 2, ""weakening"": 1, ""deteriorated"": 1}"
2023-04-19,"Remarks by Dr Rashad Cassim Deputy Governor of the South African Reserve Bank, at the Market Practitioners Group Conference",Rashad Cassim Deputy Governor,pdf,-0.3214,47,65,4081,"{""good"": 4, ""high"": 4, ""achieve"": 1, ""certain"": 4, ""increase"": 1, ""more"": 7, ""exceed"": 1, ""increased"": 2, ""strengthen"": 1, ""most"": 4, ""better"": 2, ""above"": 1, ""up"": 3, ""greater"": 1, ""best"": 2, ""progress"": 3, ""certainty"": 1, ""larger"": 1, ""encouraged"": 1, ""successful"": 1, ""achieved"": 1, ""success"": 1}","{""risk"": 34, ""challenges"": 1, ""declining"": 1, ""weaknesses"": 3, ""less"": 4, ""falls"": 1, ""declined"": 2, ""fell"": 1, ""risks"": 4, ""difficult"": 1, ""below"": 1, ""decline"": 4, ""low"": 2, ""uncertainty"": 1, ""least"": 1, ""under"": 1, ""decreased"": 1, ""smaller"": 1, ""decreasing"": 1}"
2023-05-04,An address by Lesetja Kganyago South African Reserve Bank Governor at the launch of the upgraded banknotes and coin,Lesetja Kganyago South African,pdf,2.0,8,0,1634,"{""growth"": 2, ""pleased"": 1, ""most"": 1, ""more"": 1, ""improved"": 1, ""best"": 2}",{}
2023-05-10,Speech by Governor Kganyago at The University of Johannesburg,Governor Kganyago,pdf,0.7597,89,40,2898,"{""more"": 13, ""growth"": 29, ""up"": 3, ""highest"": 1, ""rose"": 1, ""most"": 4, ""increases"": 3, ""encouraging"": 1, ""positive"": 2, ""above"": 4, ""high"": 7, ""higher"": 7, ""rising"": 4, ""leading"": 1, ""increased"": 2, ""growing"": 1, ""improve"": 1, ""improving"": 1, ""good"": 1, ""larger"": 1, ""expansion"": 1, ""stronger"": 1}","{""challenges"": 8, ""low"": 5, ""declines"": 1, ""below"": 3, ""down"": 2, ""lower"": 4, ""weak"": 1, ""uncertainty"": 2, ""risk"": 1, ""failure"": 1, ""decline"": 2, ""challenge"": 1, ""weakness"": 1, ""worst"": 1, ""risks"": 3, ""lowest"": 1, ""challenging"": 1, ""decreasing"": 1, ""deteriorate"": 1}"
2023-05-10,Keynote address by Rashad Cassim Deputy Governor of the South African Reserve Bank at the CFA Society South Africa and Investec Breakfast Conversation,Rashad Cassim Deputy Governor,pdf,0.7692,36,16,2750,"{""most"": 5, ""larger"": 3, ""expands"": 1, ""up"": 4, ""more"": 6, ""increased"": 3, ""greater"": 1, ""high"": 2, ""leading"": 1, ""better"": 2, ""exceed"": 1, ""expanded"": 1, ""expand"": 1, ""achieves"": 1, ""achieve"": 1, ""above"": 1, ""best"": 1, ""certainty"": 1}","{""challenges"": 1, ""risk"": 2, ""less"": 3, ""penalty"": 2, ""difficult"": 1, ""smaller"": 1, ""fail"": 1, ""lower"": 2, ""down"": 1, ""under"": 1, ""worse"": 1}"
2023-07-11,Speech by Governor Lesetja Kganyago at the International Monetary Fund’s 2023 Michel Camdessus Central Banking Lecture,Governor Lesetja Kganyago,pdf,0.5806,100,55,5391,"{""growth"": 17, ""good"": 8, ""more"": 16, ""achieve"": 1, ""better"": 8, ""most"": 3, ""opportunity"": 1, ""up"": 6, ""above"": 1, ""higher"": 5, ""successes"": 1, ""growing"": 1, ""high"": 3, ""achieved"": 3, ""success"": 2, ""highest"": 2, ""rise"": 3, ""opportunities"": 2, ""improve"": 1, ""successful"": 1, ""strength"": 2, ""stronger"": 2, ""rising"": 2, ""rose"": 2, ""delivered"": 1, ""delivers"": 1, ""positive"": 1, ""strongest"": 1, ""strong"": 1, ""exceed"": 1, ""deliver"": 1}","{""lower"": 4, ""risk"": 10, ""low"": 7, ""challenges"": 1, ""less"": 2, ""under"": 2, ""smaller"": 1, ""least"": 4, ""below"": 3, ""weakening"": 1, ""weaken"": 2, ""risky"": 2, ""challenge"": 2, ""lowest"": 1, ""weakened"": 1, ""declining"": 1, ""difficult"": 1, ""weakness"": 1, ""falling"": 1, ""risks"": 6, ""worse"": 1, ""negative"": 1}"
2023-07-11,"Governor Lesetja Kganyago at the International Monetary Fund’s 2023 Michel Camdessus Central Banking Lecture, in Washington DC.",,pdf,0.5806,100,55,5392,"{""growth"": 17, ""good"": 8, ""more"": 16, ""achieve"": 1, ""better"": 8, ""most"": 3, ""opportunity"": 1, ""up"": 6, ""above"": 1, ""higher"": 5, ""successes"": 1, ""growing"": 1, ""high"": 3, ""achieved"": 3, ""success"": 2, ""highest"": 2, ""rise"": 3, ""opportunities"": 2, ""improve"": 1, ""successful"": 1, ""strength"": 2, ""stronger"": 2, ""rising"": 2, ""rose"": 2, ""delivered"": 1, ""delivers"": 1, ""positive"": 1, ""strongest"": 1, ""strong"": 1, ""exceed"": 1, ""deliver"": 1}","{""lower"": 4, ""risk"": 10, ""low"": 7, ""challenges"": 1, ""less"": 2, ""under"": 2, ""smaller"": 1, ""least"": 4, ""below"": 3, ""weakening"": 1, ""weaken"": 2, ""risky"": 2, ""challenge"": 2, ""lowest"": 1, ""weakened"": 1, ""declining"": 1, ""difficult"": 1, ""weakness"": 1, ""falling"": 1, ""risks"": 6, ""worse"": 1, ""negative"": 1}"
2023-07-28,"An address by Lesetja Kganyago Governor of the South African Reserve Bank (SARB), at the 103rd annual Ordinary General Meeting of the SARB shareholders",Lesetja Kganyago Governor,pdf,0.6577,99,50,3254,"{""pleased"": 2, ""high"": 7, ""growth"": 23, ""above"": 3, ""rising"": 6, ""increase"": 3, ""most"": 1, ""risen"": 1, ""certain"": 1, ""increases"": 1, ""higher"": 5, ""more"": 13, ""rise"": 3, ""expansion"": 1, ""strong"": 1, ""achieved"": 3, ""achieving"": 2, ""up"": 5, ""grow"": 2, ""expand"": 1, ""rose"": 1, ""strengthen"": 1, ""best"": 2, ""better"": 2, ""improving"": 1, ""achieve"": 2, ""highest"": 1, ""growing"": 1, ""progress"": 1, ""deliver"": 1, ""successes"": 1, ""good"": 1}","{""challenges"": 12, ""low"": 4, ""difficult"": 1, ""lower"": 6, ""uncertainty"": 1, ""weak"": 5, ""risk"": 7, ""less"": 2, ""failing"": 1, ""risks"": 5, ""worsening"": 1, ""falling"": 1, ""challenging"": 2, ""failure"": 1, ""under"": 1}"
2023-08-15,"Speaking notes for Lesetja Kganyago, Governor of the South African Reserve Bank at the MPC Schools Challenge Winners Announcement",,pdf,0.4,27,18,893,"{""good"": 2, ""opportunity"": 4, ""grow"": 2, ""improving"": 1, ""high"": 6, ""up"": 2, ""grown"": 1, ""more"": 1, ""increase"": 1, ""improvements"": 1, ""most"": 1, ""achievement"": 1, ""above"": 1, ""strong"": 1, ""strength"": 1, ""success"": 1}","{""challenge"": 16, ""challenges"": 1, ""less"": 1}"
2023-09-05,An address by Lesetja Kganyago Governor of the South African Reserve Bank at the University of Limpopo,Lesetja Kganyago Governor,pdf,0.7919,104,45,2978,"{""high"": 15, ""growth"": 27, ""more"": 6, ""highest"": 2, ""higher"": 8, ""up"": 6, ""rising"": 7, ""improve"": 1, ""leading"": 1, ""expand"": 1, ""strong"": 3, ""most"": 4, ""strengthen"": 1, ""above"": 5, ""risen"": 1, ""rise"": 2, ""rose"": 2, ""increases"": 2, ""largest"": 1, ""increased"": 1, ""growing"": 1, ""stronger"": 1, ""achieved"": 1, ""positive"": 1, ""better"": 1, ""increasing"": 1, ""grown"": 2}","{""challenges"": 2, ""difficult"": 1, ""less"": 3, ""down"": 1, ""challenge"": 3, ""decline"": 3, ""fallen"": 2, ""lower"": 3, ""uncertainty"": 1, ""declining"": 3, ""least"": 2, ""risks"": 4, ""low"": 4, ""lowest"": 2, ""deteriorating"": 1, ""declined"": 3, ""declines"": 1, ""risk"": 4, ""weakened"": 1, ""below"": 1}"
2023-10-19,Speech by Lesetja Kganyago Governor of the South African Reserve Bank  at the Nelson Mandela University,Lesetja Kganyago Governor,pdf,0.5075,84,50,3589,"{""increasing"": 2, ""most"": 3, ""greater"": 1, ""rising"": 5, ""achieving"": 2, ""increases"": 3, ""achieve"": 2, ""best"": 3, ""strengthen"": 1, ""increase"": 8, ""more"": 12, ""high"": 8, ""strong"": 3, ""growth"": 5, ""higher"": 8, ""increased"": 3, ""good"": 4, ""delivering"": 1, ""grown"": 2, ""better"": 4, ""up"": 1, ""improve"": 1, ""opportunities"": 1, ""improving"": 1}","{""risky"": 1, ""decline"": 4, ""difficult"": 2, ""challenges"": 4, ""risks"": 12, ""negative"": 1, ""declines"": 1, ""failure"": 3, ""risk"": 3, ""deteriorated"": 1, ""falling"": 1, ""low"": 3, ""under"": 2, ""lower"": 5, ""challenge"": 1, ""fallen"": 1, ""fall"": 2, ""less"": 1, ""obstacles"": 1, ""uncertainty"": 1}"
2023-11-17,An address by Fundi Tshazibana Deputy governor of the South African Reserve Bank at the Central Bank of Eswatini,Fundi Tshazibana Deputy,pdf,0.5758,85,47,2902,"{""opportunity"": 1, ""high"": 8, ""increasing"": 1, ""encouraging"": 2, ""most"": 8, ""good"": 2, ""increases"": 1, ""rising"": 5, ""growth"": 8, ""up"": 1, ""solid"": 1, ""higher"": 7, ""risen"": 2, ""better"": 2, ""improved"": 1, ""leading"": 2, ""improvements"": 2, ""more"": 15, ""rose"": 1, ""greater"": 1, ""larger"": 3, ""increase"": 2, ""largest"": 1, ""increased"": 1, ""best"": 1, ""growing"": 1, ""stronger"": 2, ""expand"": 1, ""encouraged"": 1, ""improving"": 1}","{""uncertain"": 1, ""risks"": 5, ""declined"": 1, ""falling"": 1, ""least"": 1, ""under"": 1, ""low"": 3, ""weak"": 1, ""risk"": 10, ""below"": 1, ""fell"": 2, ""down"": 2, ""decline"": 1, ""negative"": 2, ""challenging"": 3, ""declines"": 1, ""less"": 2, ""challenge"": 1, ""weakness"": 1, ""challenges"": 2, ""deteriorating"": 1, ""falls"": 1, ""fall"": 1, ""lower"": 1, ""declining"": 1}"
2023-12-01,"An address by Fundi Tshazibana Deputy Governor of the South African Reserve Bank, at the South Africa Year Ahead Conference 2023 Bank of America Securities",Fundi Tshazibana Deputy Governor,pdf,0.64,66,34,2633,"{""higher"": 20, ""good"": 2, ""most"": 2, ""high"": 6, ""increased"": 1, ""up"": 5, ""rising"": 1, ""growing"": 1, ""rise"": 3, ""more"": 10, ""better"": 4, ""growth"": 1, ""strong"": 1, ""risen"": 1, ""achieve"": 1, ""above"": 1, ""increases"": 2, ""deliver"": 2, ""best"": 2}","{""uncertain"": 1, ""weakening"": 1, ""less"": 4, ""risks"": 1, ""worse"": 4, ""fallen"": 2, ""low"": 2, ""under"": 1, ""lowest"": 1, ""decline"": 1, ""shrinking"": 1, ""risk"": 3, ""lower"": 10, ""down"": 1, ""weakened"": 1}"
2023-12-20,"Honorary Doctorate in Commerce bestowed on South African Reserve Bank Deputy Governor and Chief Executive Officer of the Prudential Authority, Fundi Tshazibanai at University of Stellenbosch on 14 December 2023",,pdf,0.3333,7,5,705,"{""more"": 3, ""growing"": 1, ""stronger"": 1, ""better"": 1, ""improve"": 1}","{""challenged"": 1, ""challenging"": 2, ""challenge"": 2}"
2024-02-06,Speech by Lesetja Kganyago Governor of the South African Reserve Bank at the INCA Capacity Building Fund Summer School,Lesetja Kganyago Governor,pdf,1.44,43,7,1839,"{""delivering"": 2, ""good"": 4, ""more"": 5, ""opportunity"": 1, ""opportunities"": 1, ""most"": 3, ""improved"": 2, ""deliver"": 5, ""achieves"": 1, ""achieve"": 4, ""best"": 3, ""encouraging"": 1, ""delivered"": 1, ""better"": 2, ""high"": 2, ""success"": 1, ""increases"": 1, ""rising"": 2, ""up"": 2}","{""risks"": 1, ""challenges"": 3, ""failing"": 1, ""lower"": 1, ""difficult"": 1}"
2024-03-06,Remarks by Rashad Cassim Deputy Governor of the South African Reserve Bank at the Annual Financial Markets Cocktail Function,Rashad Cassim Deputy Governor,pdf,1.0769,30,9,1838,"{""most"": 3, ""up"": 4, ""more"": 6, ""improve"": 1, ""greater"": 1, ""opportunity"": 1, ""good"": 4, ""progress"": 2, ""achieve"": 2, ""better"": 1, ""above"": 1, ""success"": 1, ""expansion"": 1, ""expanding"": 1, ""enjoying"": 1}","{""less"": 2, ""fail"": 1, ""risks"": 1, ""down"": 1, ""risky"": 1, ""low"": 1, ""failure"": 1, ""smaller"": 1}"
2024-03-13,Keynote address by Lesetja Kganyago Governor of the South African Reserve Bank at the Financial Sector Conduct Authority Industry-wide Conference 2024,Lesetja Kganyago Governor,pdf,0.3871,37,25,2300,"{""good"": 5, ""more"": 3, ""most"": 3, ""best"": 1, ""up"": 3, ""record"": 1, ""higher"": 4, ""rise"": 2, ""growing"": 1, ""growth"": 5, ""risen"": 1, ""high"": 2, ""strength"": 1, ""certain"": 1, ""grow"": 1, ""stronger"": 1, ""strong"": 1, ""succeed"": 1}","{""challenges"": 1, ""risk"": 6, ""least"": 1, ""difficult"": 3, ""worst"": 1, ""low"": 2, ""down"": 1, ""failure"": 1, ""risky"": 3, ""challenging"": 1, ""falling"": 2, ""worse"": 1, ""weakened"": 1, ""fail"": 1}"
2024-04-25,Speech by Sabihah Mohamed CEO of the Corporation for Deposit Insurance at the launch,Sabihah Mohamed CEO,pdf,-0.1053,9,10,1034,"{""good"": 1, ""most"": 4, ""larger"": 1, ""up"": 1, ""best"": 1, ""opportunities"": 1}","{""failure"": 3, ""smaller"": 1, ""under"": 3, ""uncertainty"": 1, ""failing"": 1, ""fail"": 1}"
2024-04-25,Speech by Lesetja Kganyago Governor of the South African Reserve Bank at the launch of the Corporation for Deposit Insurance,Lesetja Kganyago Governor,pdf,0.8571,20,8,1337,"{""most"": 3, ""more"": 6, ""up"": 7, ""better"": 2, ""good"": 1, ""best"": 1}","{""risks"": 2, ""down"": 2, ""fail"": 1, ""failure"": 1, ""low"": 1, ""less"": 1}"
2024-05-07,"An address by Lesetja Kganyago Governor of the South African Reserve Bank, at the memorial service for the late Dr Sam Motsuenyane",Lesetja Kganyago Governor,pdf,1.2727,9,2,1307,"{""good"": 1, ""success"": 1, ""growth"": 1, ""most"": 2, ""up"": 3, ""leader"": 1}","{""difficult"": 1, ""down"": 1}"
2024-06-25,"Keynote address by Fundi Tshazibana, Deputy Governor of the South African Reserve Bank, at the Toronto Centre Workshop on Blended Finance",Fundi Tshazibana,pdf,-0.023,43,44,1477,"{""opportunities"": 3, ""up"": 9, ""good"": 1, ""most"": 2, ""increase"": 6, ""increased"": 1, ""more"": 6, ""better"": 2, ""increasing"": 3, ""success"": 1, ""improve"": 2, ""improves"": 1, ""expansion"": 1, ""high"": 1, ""higher"": 1, ""greater"": 2, ""improvements"": 1}","{""obstacles"": 5, ""difficult"": 2, ""fall"": 1, ""risks"": 13, ""risk"": 16, ""obstacle"": 1, ""lower"": 1, ""decrease"": 1, ""challenges"": 2, ""uncertainty"": 1, ""challenge"": 1}"
2024-07-30,"An address by Lesetja Kganyago Governor of the SARB, at the 104th annual Ordinary General Meeting of the SARB shareholders",Lesetja Kganyago Governor,pdf,0.6466,88,45,3274,"{""good"": 3, ""better"": 2, ""growth"": 14, ""record"": 2, ""up"": 7, ""high"": 3, ""growing"": 2, ""achieve"": 2, ""higher"": 7, ""most"": 1, ""rising"": 3, ""more"": 12, ""greater"": 3, ""improve"": 4, ""strong"": 1, ""grow"": 3, ""strengthen"": 2, ""rose"": 1, ""above"": 2, ""leading"": 1, ""rise"": 1, ""progress"": 4, ""stronger"": 1, ""improving"": 1, ""achieved"": 1, ""strengthening"": 1, ""deliver"": 1, ""increased"": 1, ""successful"": 1, ""improved"": 1}","{""challenges"": 8, ""risks"": 8, ""challenge"": 1, ""declined"": 1, ""lower"": 3, ""below"": 3, ""uncertainty"": 4, ""falling"": 2, ""weak"": 1, ""less"": 1, ""risk"": 4, ""threats"": 1, ""least"": 1, ""fail"": 1, ""fails"": 1, ""under"": 3, ""negative"": 2}"
2024-08-15,Public lecture by South African Reserve Bank Governor Lesetja Kganyago at the University of the Free State,South African Reserve Bank,pdf,0.4496,158,100,4687,"{""good"": 2, ""rising"": 4, ""high"": 10, ""growth"": 21, ""more"": 34, ""larger"": 5, ""strong"": 2, ""higher"": 10, ""achieved"": 2, ""rose"": 3, ""grew"": 1, ""risen"": 5, ""rise"": 9, ""largest"": 3, ""increase"": 5, ""better"": 3, ""up"": 9, ""increased"": 4, ""most"": 6, ""best"": 1, ""achieve"": 1, ""record"": 1, ""expanding"": 1, ""highest"": 1, ""grows"": 1, ""improvement"": 2, ""deliver"": 2, ""strengthen"": 1, ""expansion"": 1, ""improved"": 1, ""increases"": 1, ""progress"": 2, ""encouraged"": 1, ""improving"": 1, ""improvements"": 1, ""achieving"": 1}","{""less"": 21, ""risk"": 3, ""worse"": 1, ""worst"": 1, ""worsens"": 2, ""fail"": 1, ""fall"": 6, ""lower"": 11, ""challenges"": 2, ""least"": 3, ""negative"": 6, ""smallest"": 1, ""below"": 4, ""worsening"": 1, ""low"": 17, ""fell"": 2, ""declining"": 1, ""under"": 3, ""falls"": 1, ""smaller"": 4, ""decrease"": 1, ""decreased"": 1, ""risky"": 1, ""falling"": 1, ""weak"": 1, ""difficult"": 1, ""fallen"": 2, ""challenge"": 1}"
2024-08-21,Keynote address by Deputy Governor Rashad Cassim at the 2024 Market Practitioners Group Conference,Deputy Governor Rashad Cassim,pdf,0.875,23,9,1867,"{""good"": 1, ""best"": 5, ""most"": 1, ""better"": 2, ""achieve"": 2, ""achieved"": 1, ""certain"": 2, ""succeed"": 2, ""enjoy"": 2, ""progress"": 1, ""larger"": 1, ""more"": 1, ""opportunity"": 2}","{""risk"": 2, ""challenges"": 1, ""risks"": 2, ""difficult"": 1, ""under"": 1, ""difficulty"": 1, ""weaknesses"": 1}"
2024-09-05,Speaking notes for Rashad Cassim Deputy Governor of the South African Reserve Bank at the Payments Study Report Launch,,pdf,1.4286,18,3,1063,"{""good"": 3, ""better"": 1, ""more"": 8, ""high"": 1, ""growing"": 1, ""most"": 2, ""up"": 1, ""increased"": 1}","{""difficult"": 1, ""fall"": 1, ""low"": 1}"
2024-10-02,Opening address by Governor Lesetja Kganyago Governor of the South African Reserve Bank at the 2024 Payments Conference,Governor Lesetja Kganyago Governor,pdf,1.0943,41,12,2041,"{""good"": 4, ""progress"": 1, ""strong"": 2, ""leader"": 1, ""growth"": 8, ""improvements"": 1, ""most"": 8, ""more"": 3, ""largest"": 2, ""growing"": 1, ""better"": 2, ""grew"": 1, ""success"": 1, ""deliver"": 2, ""larger"": 1, ""successful"": 1, ""opportunities"": 1, ""opportunity"": 1}","{""challenges"": 1, ""least"": 1, ""falling"": 1, ""down"": 2, ""fall"": 1, ""negative"": 1, ""low"": 1, ""less"": 1, ""lower"": 1, ""smaller"": 1, ""difficult"": 1}"
2024-10-17,"Special guest lecture by Lesetja Kganyago, Governor of the South African Reserve Bank, at the Department of Economics, Stellenbosch University",Lesetja Kganyago,pdf,0.4751,112,69,4063,"{""good"": 5, ""high"": 20, ""most"": 6, ""increases"": 4, ""more"": 8, ""rose"": 1, ""up"": 4, ""strong"": 1, ""increase"": 3, ""growth"": 11, ""record"": 2, ""better"": 4, ""deliver"": 3, ""successful"": 2, ""above"": 6, ""higher"": 10, ""achieved"": 8, ""delivered"": 1, ""increased"": 2, ""improve"": 1, ""rise"": 3, ""larger"": 1, ""achieve"": 2, ""rises"": 1, ""enjoy"": 1, ""delivering"": 1, ""opportunity"": 1}","{""lower"": 36, ""low"": 8, ""less"": 2, ""disappointed"": 1, ""fall"": 1, ""down"": 3, ""fell"": 2, ""worse"": 3, ""below"": 4, ""weak"": 2, ""declined"": 1, ""under"": 1, ""least"": 1, ""smaller"": 1, ""difficult"": 1, ""negative"": 1, ""difficulty"": 1}"
2024-11-07,Lesetja Kganyago pays tribute to his friend and Governor no. 8 Tito Mboweni,,pdf,1.25,13,3,1584,"{""good"": 1, ""more"": 2, ""greater"": 2, ""opportunity"": 1, ""delivered"": 2, ""certain"": 1, ""up"": 1, ""high"": 1, ""most"": 1, ""strengthen"": 1}","{""fail"": 1, ""worse"": 1, ""challenges"": 1}"
2025-02-13,"Lesetja Kganyago | Institutions, leadership and the populist challenge",Lesetja Kganyago,pdf,0.5263,36,21,2506,"{""good"": 3, ""achieve"": 2, ""most"": 6, ""record"": 1, ""above"": 1, ""reward"": 1, ""up"": 3, ""better"": 6, ""rise"": 1, ""deliver"": 1, ""more"": 2, ""greater"": 1, ""best"": 3, ""positive"": 1, ""improvement"": 1, ""higher"": 1, ""delivered"": 1, ""leading"": 1}","{""challenge"": 4, ""weaken"": 1, ""failure"": 1, ""difficult"": 1, ""under"": 2, ""challenged"": 1, ""challenging"": 1, ""fail"": 2, ""worse"": 1, ""fall"": 1, ""less"": 1, ""decline"": 1, ""declines"": 1, ""lower"": 2, ""least"": 1}"
2025-04-22,Lesetja Kganyago | Challenges of the Group of Twenty,Lesetja Kganyago,pdf,1.0189,40,13,1584,"{""good"": 2, ""most"": 5, ""strengths"": 1, ""expansion"": 1, ""successes"": 1, ""achievements"": 1, ""more"": 11, ""strengthened"": 1, ""better"": 8, ""expanded"": 1, ""grew"": 1, ""achieve"": 1, ""high"": 1, ""best"": 2, ""improving"": 1, ""certain"": 1, ""positive"": 1}","{""challenges"": 5, ""difficult"": 2, ""challenging"": 1, ""falling"": 1, ""obstacles"": 1, ""weakness"": 1, ""less"": 1, ""worse"": 1}"
2025-05-06,Lesetja Kganyago | The role of ethical leadership amid threats to academic freedom,Lesetja Kganyago,pdf,0.3448,17,12,879,"{""good"": 2, ""opportunity"": 1, ""more"": 3, ""certain"": 2, ""most"": 1, ""up"": 1, ""growing"": 1, ""rise"": 1, ""strong"": 1, ""deliver"": 1, ""higher"": 1, ""leader"": 1, ""greatest"": 1}","{""threats"": 3, ""down"": 1, ""obstacles"": 1, ""under"": 3, ""declined"": 1, ""failure"": 1, ""challenges"": 1, ""threat"": 1}"
2025-06-20,Lesetja Kganyago | Students and universities as catalysts for change,Lesetja Kganyago,pdf,0.24,14,11,1522,"{""greatest"": 1, ""better"": 1, ""higher"": 2, ""strong"": 1, ""more"": 2, ""most"": 1, ""rise"": 1, ""up"": 1, ""leading"": 2, ""best"": 2}","{""least"": 2, ""threats"": 4, ""uncertain"": 1, ""down"": 1, ""obstacles"": 1, ""under"": 1, ""challenges"": 1}"
2025-08-08,"Address by Lesetja Kganyago, Governor of the SARB, at the 105th annual Ordinary General Meeting",Lesetja Kganyago,pdf,0.7097,42,20,1827,"{""good"": 1, ""growth"": 9, ""up"": 8, ""high"": 2, ""highest"": 1, ""most"": 4, ""more"": 5, ""higher"": 1, ""grew"": 1, ""best"": 1, ""improved"": 1, ""better"": 1, ""enjoying"": 1, ""rise"": 1, ""deliver"": 1, ""strong"": 1, ""strengthened"": 1, ""strongest"": 1, ""strengths"": 1}","{""down"": 5, ""uncertainty"": 2, ""lower"": 5, ""low"": 1, ""weak"": 1, ""risks"": 2, ""falling"": 1, ""failure"": 1, ""threats"": 1, ""fallen"": 1}"
2025-08-12,Lesetja Kganyago | From fragility to strength: The role of price stability,Lesetja Kganyago,pdf,0.4181,107,70,3577,"{""strength"": 2, ""good"": 3, ""growth"": 33, ""more"": 12, ""higher"": 6, ""better"": 5, ""improving"": 2, ""larger"": 1, ""most"": 2, ""rose"": 1, ""rising"": 2, ""strong"": 2, ""up"": 4, ""high"": 7, ""opportunity"": 3, ""achieve"": 4, ""reward"": 2, ""delivers"": 1, ""deliver"": 1, ""risen"": 1, ""increases"": 2, ""highest"": 1, ""improved"": 1, ""best"": 1, ""opportunities"": 2, ""grow"": 1, ""above"": 1, ""rise"": 1, ""growing"": 1, ""increase"": 1, ""improve"": 1}","{""weak"": 6, ""worse"": 4, ""disappointing"": 1, ""lower"": 22, ""down"": 4, ""failure"": 1, ""less"": 3, ""low"": 6, ""below"": 2, ""deteriorating"": 1, ""weakened"": 1, ""worst"": 1, ""risks"": 2, ""risk"": 12, ""falls"": 1, ""negative"": 2, ""under"": 1}"
2025-08-27,Fundi Tshazibana | Leveraging AI from a South African perspective,Fundi Tshazibana,pdf,0.08,65,60,4096,"{""good"": 1, ""opportunities"": 4, ""growth"": 3, ""more"": 9, ""leading"": 4, ""increased"": 2, ""improve"": 7, ""up"": 3, ""strengthen"": 3, ""largest"": 2, ""improving"": 3, ""increasing"": 4, ""improved"": 2, ""high"": 3, ""certain"": 2, ""most"": 1, ""above"": 1, ""successful"": 1, ""increases"": 1, ""strong"": 1, ""encouraged"": 1, ""strengthens"": 1, ""strengthening"": 1, ""best"": 2, ""achieving"": 2, ""higher"": 1}","{""risks"": 33, ""risk"": 15, ""challenges"": 5, ""challenging"": 1, ""uncertainty"": 2, ""under"": 1, ""threats"": 1, ""failure"": 1, ""low"": 1}"
2025-09-04,Rashad Cassim | Annual Financial Markets Cocktail Engagement,Rashad Cassim,pdf,0.8936,34,13,1383,"{""good"": 1, ""strong"": 1, ""exceed"": 1, ""progress"": 1, ""improving"": 1, ""more"": 8, ""increased"": 1, ""improvement"": 1, ""above"": 1, ""encouraging"": 2, ""up"": 2, ""improved"": 1, ""most"": 2, ""increases"": 1, ""grown"": 2, ""expanding"": 2, ""best"": 1, ""increase"": 1, ""high"": 1, ""encouraged"": 1, ""opportunities"": 1, ""enjoy"": 1}","{""unsettled"": 1, ""risks"": 3, ""challenge"": 1, ""uncertainty"": 1, ""penalty"": 1, ""less"": 1, ""lower"": 2, ""risk"": 2, ""low"": 1}"
2025-09-25,Lesetja Kganyago | More or less regulation: Responding to a changing global environment,Lesetja Kganyago,pdf,-0.127,59,67,3140,"{""more"": 15, ""good"": 1, ""stronger"": 1, ""larger"": 1, ""rising"": 1, ""most"": 5, ""improve"": 3, ""high"": 7, ""higher"": 2, ""increase"": 1, ""largest"": 2, ""increased"": 2, ""up"": 3, ""risen"": 1, ""growth"": 3, ""growing"": 1, ""greater"": 2, ""improving"": 2, ""progress"": 2, ""achieve"": 1, ""certain"": 1, ""solid"": 1, ""highest"": 1}","{""less"": 4, ""challenges"": 2, ""risks"": 22, ""down"": 1, ""under"": 2, ""declines"": 1, ""downturn"": 1, ""negative"": 1, ""smaller"": 1, ""weakness"": 1, ""deteriorates"": 1, ""challenge"": 1, ""risk"": 19, ""declined"": 1, ""decline"": 1, ""uncertainty"": 1, ""challenging"": 2, ""failure"": 2, ""difficult"": 1, ""lower"": 1, ""uncertain"": 1}"
2025-10-10,Lesetja Kganyago | Exchange rates and tariffs,Lesetja Kganyago,pdf,1.0099,76,25,2386,"{""growth"": 12, ""opportunity"": 1, ""leading"": 1, ""more"": 16, ""higher"": 4, ""strengthen"": 1, ""high"": 5, ""up"": 2, ""strong"": 5, ""better"": 1, ""highest"": 1, ""rising"": 1, ""stronger"": 8, ""positive"": 2, ""certain"": 1, ""expands"": 1, ""larger"": 1, ""good"": 3, ""most"": 4, ""strongest"": 1, ""achieve"": 1, ""enjoy"": 1, ""grown"": 2, ""strengthened"": 1}","{""less"": 5, ""weakened"": 1, ""least"": 1, ""lower"": 4, ""risks"": 1, ""worse"": 2, ""negative"": 2, ""low"": 1, ""weakens"": 1, ""declines"": 1, ""down"": 1, ""under"": 1, ""declined"": 1, ""challenging"": 1, ""challenges"": 1, ""weak"": 1}"
2025-10-15,Fundi Tshazibana | Financial policy in the era of the climate crisis: An African perspective,Fundi Tshazibana,pdf,0.2086,90,73,4813,"{""good"": 1, ""up"": 5, ""strengthen"": 2, ""larger"": 1, ""high"": 4, ""expanded"": 1, ""greatest"": 1, ""successes"": 1, ""most"": 5, ""more"": 12, ""strengthening"": 3, ""success"": 1, ""growth"": 3, ""rising"": 3, ""growing"": 1, ""higher"": 3, ""rise"": 2, ""increases"": 1, ""record"": 4, ""successful"": 1, ""achieve"": 1, ""increasing"": 2, ""strong"": 2, ""best"": 3, ""improve"": 4, ""progress"": 2, ""opportunities"": 3, ""improving"": 3, ""largest"": 2, ""leading"": 1, ""grow"": 1, ""opportunity"": 2, ""certain"": 1, ""above"": 1, ""strength"": 1, ""increase"": 1, ""greater"": 1, ""strengths"": 1, ""better"": 1, ""positive"": 1, ""strongest"": 1}","{""challenges"": 10, ""under"": 2, ""risks"": 22, ""least"": 2, ""fail"": 3, ""uncertain"": 2, ""deteriorating"": 1, ""less"": 2, ""risk"": 9, ""difficult"": 2, ""below"": 3, ""worse"": 1, ""low"": 7, ""weak"": 1, ""lower"": 1, ""worst"": 1, ""worsen"": 1, ""smaller"": 1, ""weakening"": 1, ""challenge"": 1}"
2025-10-20,"Fundi Tshazibana | Leading with vision, empathy and adaptability: The mandate of supervisory leadership",Fundi Tshazibana,pdf,0.386,34,23,2216,"{""leading"": 4, ""good"": 5, ""growth"": 1, ""most"": 2, ""highest"": 1, ""more"": 5, ""best"": 2, ""encouraging"": 1, ""grow"": 1, ""greatest"": 1, ""delivers"": 1, ""progress"": 1, ""achieve"": 2, ""opportunities"": 1, ""achieving"": 1, ""improving"": 1, ""higher"": 1, ""strengthened"": 1, ""improvement"": 1, ""deliver"": 1}","{""challenge"": 3, ""risks"": 7, ""uncertainty"": 1, ""difficult"": 1, ""less"": 1, ""failure"": 1, ""challenges"": 2, ""risk"": 7}"
2025-10-23,Lesetja Kganyago | Advancing Cross-Border Payments,Lesetja Kganyago,pdf,1.5294,15,2,570,"{""good"": 1, ""pleased"": 1, ""achieving"": 1, ""more"": 3, ""high"": 2, ""progress"": 2, ""up"": 1, ""opportunity"": 1, ""improve"": 1, ""strengthening"": 1, ""growth"": 1}","{""challenges"": 2}"
2025-11-11,Lesetja Kganyago | Address at the G20 TechSprint,Lesetja Kganyago,pdf,1.2727,18,4,874,"{""good"": 1, ""more"": 7, ""most"": 1, ""deliver"": 1, ""better"": 1, ""up"": 1, ""progress"": 3, ""improve"": 1, ""larger"": 1, ""growth"": 1}","{""challenges"": 1, ""risk"": 1, ""risks"": 2}"
2025-11-27,Fundi Tshazibana | Promoting green finance: The role of central banks in supporting sustainable investments,Fundi Tshazibana,pdf,-0.4,48,72,2949,"{""more"": 3, ""growth"": 5, ""increase"": 3, ""increased"": 2, ""up"": 7, ""most"": 6, ""high"": 1, ""increasing"": 1, ""leading"": 1, ""improving"": 5, ""better"": 2, ""greater"": 2, ""opportunities"": 1, ""progress"": 1, ""expanded"": 1, ""rises"": 1, ""strengths"": 1, ""strengthen"": 1, ""certain"": 1, ""higher"": 1, ""strong"": 1, ""deliver"": 1}","{""negative"": 2, ""challenges"": 7, ""risks"": 21, ""fall"": 1, ""less"": 3, ""low"": 2, ""below"": 2, ""lower"": 3, ""risk"": 19, ""obstacles"": 6, ""challenge"": 2, ""risky"": 1, ""fails"": 1, ""fail"": 1, ""decreases"": 1}"
2025-12-03,Rashad Cassim | MPG Conference 2025,Rashad Cassim,pdf,0.7368,13,6,980,"{""good"": 3, ""increase"": 1, ""larger"": 1, ""encouraging"": 1, ""increasing"": 1, ""certain"": 2, ""most"": 1, ""achieve"": 1, ""achievement"": 1, ""opportunity"": 1}","{""under"": 1, ""risk"": 2, ""risks"": 1, ""challenge"": 1, ""falls"": 1}"
2026-03-11,Fundi Tshazibana | Building climate resilience amid structural shocks and policy divergence,Fundi Tshazibana,html,0.25,72,56,3443,"{""expanded"": 2, ""most"": 2, ""growing"": 4, ""opportunity"": 4, ""up"": 2, ""more"": 12, ""certain"": 2, ""increases"": 2, ""success"": 2, ""above"": 2, ""high"": 6, ""higher"": 2, ""leading"": 2, ""progress"": 6, ""rise"": 2, ""growth"": 6, ""improving"": 2, ""good"": 6, ""increasing"": 2, ""improved"": 2, ""expanding"": 2}","{""risks"": 18, ""difficult"": 4, ""less"": 2, ""uncertain"": 2, ""challenge"": 6, ""risk"": 10, ""hurdles"": 2, ""under"": 2, ""hurdle"": 2, ""low"": 2, ""lower"": 2, ""obstacles"": 2, ""challenges"": 2}"
2026-05-04,"Lesetja Kganyago | Supply shocks, monetary policy and the 3% target",Lesetja Kganyago,html,0.5833,124,68,5119,"{""positive"": 2, ""progress"": 4, ""rewarded"": 2, ""stronger"": 6, ""improving"": 4, ""growth"": 4, ""grow"": 2, ""higher"": 22, ""enjoying"": 2, ""good"": 10, ""up"": 8, ""more"": 20, ""most"": 6, ""strong"": 4, ""better"": 8, ""rises"": 4, ""record"": 4, ""certain"": 2, ""growing"": 2, ""certainty"": 4, ""rose"": 4}","{""falls"": 4, ""worse"": 4, ""lower"": 18, ""challenges"": 2, ""risks"": 8, ""negative"": 2, ""weak"": 2, ""fall"": 2, ""low"": 6, ""weakens"": 2, ""lowest"": 2, ""difficult"": 2, ""falling"": 2, ""dropped"": 2, ""less"": 4, ""weakening"": 2, ""uncertain"": 2, ""uncertainty"": 2}"
2026-05-06,"Lesetja Kganyago | One crisis after another: shocks, imbalances and resilience in the global economy",Lesetja Kganyago,html,0.9302,126,46,4731,"{""best"": 6, ""good"": 10, ""most"": 6, ""delivered"": 2, ""delivering"": 2, ""more"": 20, ""up"": 16, ""success"": 2, ""higher"": 10, ""high"": 12, ""rising"": 2, ""highest"": 4, ""rose"": 2, ""increased"": 2, ""growth"": 10, ""leader"": 2, ""stronger"": 6, ""strong"": 4, ""improved"": 2, ""grown"": 2, ""rewarded"": 2, ""rewards"": 2}","{""challenging"": 4, ""risk"": 8, ""under"": 2, ""lower"": 6, ""challenges"": 4, ""difficult"": 6, ""declining"": 2, ""low"": 2, ""declined"": 2, ""risks"": 4, ""decline"": 2, ""fall"": 2, ""down"": 2}"
2026-05-08,Fundi Tshazibana | Regulation and supervision of the financial sector  in the age of artificial intelligence,Fundi Tshazibana,html,-0.0282,70,72,4855,"{""growth"": 2, ""high"": 4, ""leading"": 2, ""opportunities"": 4, ""most"": 4, ""achieve"": 4, ""achieved"": 2, ""best"": 2, ""more"": 12, ""grew"": 2, ""up"": 4, ""improve"": 2, ""improving"": 6, ""higher"": 2, ""better"": 6, ""certain"": 2, ""strengthening"": 2, ""success"": 2, ""good"": 2, ""leader"": 2, ""strong"": 2}","{""less"": 2, ""threats"": 4, ""risks"": 26, ""risk"": 24, ""difficult"": 2, ""below"": 2, ""risky"": 4, ""failure"": 2, ""low"": 2, ""weaknesses"": 2, ""down"": 2}"
2026-06-02,Lesetja Kganyago | Managing supply shocks: The role of monetary policy,Lesetja Kganyago,html,0.4762,130,80,4990,"{""good"": 10, ""more"": 18, ""higher"": 26, ""growth"": 4, ""strong"": 4, ""progress"": 4, ""most"": 8, ""best"": 4, ""delivers"": 2, ""rises"": 2, ""up"": 12, ""delivered"": 2, ""rise"": 2, ""greatest"": 4, ""better"": 10, ""successful"": 2, ""certain"": 2, ""high"": 2, ""rising"": 2, ""increases"": 4, ""positive"": 4, ""delivering"": 2}","{""uncertainty"": 8, ""declined"": 2, ""worse"": 4, ""down"": 6, ""deteriorate"": 2, ""risk"": 2, ""difficulty"": 2, ""weak"": 4, ""low"": 6, ""challenge"": 2, ""difficult"": 2, ""under"": 6, ""less"": 6, ""failure"": 2, ""lower"": 12, ""challenges"": 2, ""fail"": 6, ""falls"": 2, ""lowest"": 2, ""worst"": 2}"
2026-06-09,"Rashad Cassim | Money in motion: Payments, digital assets and the future of finance",Rashad Cassim,html,0.5098,64,38,4305,"{""growth"": 6, ""more"": 20, ""most"": 6, ""good"": 2, ""expanded"": 4, ""up"": 10, ""strengthening"": 2, ""growing"": 2, ""above"": 2, ""deliver"": 2, ""expand"": 2, ""strengthen"": 2, ""grown"": 2, ""high"": 2}","{""least"": 2, ""low"": 4, ""risk"": 8, ""fails"": 2, ""lower"": 4, ""risks"": 4, ""decline"": 2, ""less"": 2, ""challenge"": 4, ""weaken"": 2, ""weak"": 2, ""under"": 2}"
2026-06-19,Lesetja Kganyago | Launch of the SARB Museum,Lesetja Kganyago,html,1.4483,50,8,3331,"{""more"": 20, ""better"": 4, ""strong"": 2, ""strengthened"": 2, ""opportunity"": 6, ""improve"": 2, ""leading"": 2, ""enjoy"": 2, ""expanded"": 2, ""achievement"": 4, ""increase"": 2, ""strengthen"": 2}","{""low"": 2, ""challenge"": 2, ""under"": 2, ""difficult"": 2}"
2026-06-23,Lesetja Kganyago | Leadership in policymaking,Lesetja Kganyago,html,0.6105,124,66,4849,"{""good"": 14, ""most"": 12, ""opportunities"": 4, ""expand"": 2, ""expanding"": 4, ""largest"": 2, ""best"": 4, ""record"": 2, ""deliver"": 4, ""more"": 12, ""achieve"": 2, ""strength"": 2, ""strong"": 8, ""leading"": 2, ""certainty"": 4, ""high"": 4, ""risen"": 2, ""increased"": 2, ""higher"": 8, ""growth"": 6, ""greater"": 2, ""improve"": 4, ""reward"": 2, ""growing"": 2, ""encouraged"": 2, ""solid"": 2, ""better"": 4, ""strengthens"": 2, ""leader"": 2, ""succeeds"": 2}","{""under"": 12, ""difficult"": 12, ""challenge"": 8, ""less"": 2, ""fail"": 4, ""lower"": 6, ""uncertainty"": 10, ""uncertain"": 2, ""risks"": 2, ""down"": 2, ""weak"": 2, ""low"": 2, ""challenged"": 2}"
2026-06-24,"Rashad Cassim | Monetary policy, the yield curve and financial markets",Rashad Cassim,html,0.7273,90,42,3851,"{""growth"": 6, ""most"": 10, ""more"": 16, ""achieve"": 2, ""higher"": 8, ""record"": 4, ""expanded"": 2, ""rose"": 2, ""above"": 2, ""up"": 10, ""rising"": 2, ""progress"": 4, ""delivered"": 2, ""strong"": 2, ""improve"": 2, ""achieved"": 2, ""stronger"": 6, ""strengthened"": 2, ""increase"": 2, ""increased"": 2, ""deliver"": 2}","{""difficult"": 2, ""lower"": 10, ""under"": 6, ""less"": 4, ""risks"": 4, ""risk"": 10, ""down"": 2, ""low"": 2, ""fell"": 2}"
2026-07-09,Lesetja Kganyago | Remarks at the dinner for Heads of Foreign Missions,Lesetja Kganyago,html,0.8462,74,30,2443,"{""good"": 6, ""largest"": 2, ""grew"": 2, ""up"": 8, ""more"": 8, ""most"": 6, ""growing"": 2, ""larger"": 2, ""growth"": 10, ""encouraging"": 2, ""high"": 4, ""positive"": 2, ""expansion"": 2, ""improved"": 2, ""better"": 4, ""above"": 2, ""achieve"": 2, ""progress"": 4, ""rising"": 2, ""best"": 2}","{""threats"": 4, ""challenges"": 4, ""less"": 2, ""difficult"": 4, ""worst"": 2, ""decline"": 2, ""risks"": 4, ""fallen"": 2, ""down"": 2, ""negative"": 2, ""falling"": 2}"
