meeting_date,publish_date_raw,title,description,detail_url,solr_id,categories,text_source,pdf_url,full_text_chars,repo_rate_widget_pct,inflation_headline_widget_pct,rate_action,rate_change_bps,policy_rate_pct,rate_raw_sentence,vote_unanimous,vote_breakdown_json,vote_raw_sentence,raw_text_file,scrape_status,error_message,policy_rate_source,in_scope_inflation_targeting,policy_rate_final,rate_action_final,rate_source_final,is_english
1999-10-13,"Oct 13, 1999, 2:00:00 AM",1999-10-13: Statement released by the SA Reserve Bank after the deliberations at the First meeting of the Bank's Monetary Policy Committee,---,https://www.resbank.co.za/en/home/publications/publication-detail-pages/statements/monetary-policy-statements/1999/4345,/content/sarb-project/en/home/publications/publication-detail-pages/statements/monetary-policy-statements/1999/4345,Statements > Monetary Policy Statements,html,,22277,,,cut,,,"The repurchase rate at first dropped sharply immediately after the prime rate was reduced, but from the end of September this decline has become more subdued.",,[],,data\raw_texts\1999-10-13_4345.txt,ok,,,False,,,out_of_scope_pre_inflation_targeting,True
1999-10-13,"Oct 13, 1999, 2:00:00 AM","1999-10-13: Opening statement by Mr Tito Mboweni, Governor of the South African Reserve Bank, at the inaugural meeting of the Monetary Policy Committee (MPC)",---,https://www.resbank.co.za/en/home/publications/publication-detail-pages/statements/monetary-policy-statements/1999/4346,/content/sarb-project/en/home/publications/publication-detail-pages/statements/monetary-policy-statements/1999/4346,Statements > Monetary Policy Statements,html,,13417,,,,,,,,[],,data\raw_texts\1999-10-13_4346.txt,ok,,,False,,,out_of_scope_pre_inflation_targeting,True
1999-11-24,"Nov 24, 1999, 2:00:00 AM","1999-11-24: Statement of the Monetary Policy Committee : detailed assessment of international economic conditions, domestic economic developments and the monetary policy stance",---,https://www.resbank.co.za/en/home/publications/publication-detail-pages/statements/monetary-policy-statements/1999/4344,/content/sarb-project/en/home/publications/publication-detail-pages/statements/monetary-policy-statements/1999/4344,Statements > Monetary Policy Statements,html,,24435,,,,,,,,[],,data\raw_texts\1999-11-24_4344.txt,ok,,,False,,,out_of_scope_pre_inflation_targeting,True
1999-11-24,"Nov 24, 1999, 2:00:00 AM","1999-11-24: Opening statement by Mr Tito Mboweni, Governor of the South African Reserve Bank, at the second meeting of the Monetary Policy Committee (MPC), Pretoria",---,https://www.resbank.co.za/en/home/publications/publication-detail-pages/statements/monetary-policy-statements/1999/4343,/content/sarb-project/en/home/publications/publication-detail-pages/statements/monetary-policy-statements/1999/4343,Statements > Monetary Policy Statements,html,,9623,,,,,,,,[],,data\raw_texts\1999-11-24_4343.txt,ok,,,False,,,out_of_scope_pre_inflation_targeting,True
2000-01-13,"Jan 13, 2000, 2:00:00 AM",2000-01-13: Statement of the Monetary Policy Committee : detailed assessment of changes in general economic conditions,---,https://www.resbank.co.za/en/home/publications/publication-detail-pages/statements/monetary-policy-statements/2000/4341,/content/sarb-project/en/home/publications/publication-detail-pages/statements/monetary-policy-statements/2000/4341,Statements > Monetary Policy Statements,html,,26093,,,,,,,,[],,data\raw_texts\2000-01-13_4341.txt,ok,,,False,,,out_of_scope_pre_inflation_targeting,True
2000-02-22,"Feb 22, 2000, 2:00:00 AM",2000-02-22: Postponement of the Monetary Policy Committee Meeting,---,https://www.resbank.co.za/en/home/publications/publication-detail-pages/statements/monetary-policy-statements/2000/4340,/content/sarb-project/en/home/publications/publication-detail-pages/statements/monetary-policy-statements/2000/4340,Statements > Monetary Policy Statements,html,,1369,,,,,,,,[],,data\raw_texts\2000-02-22_4340.txt,ok,,,True,,,no_data,True
2000-03-02,"Mar 2, 2000, 2:00:00 AM",2000-03-02: Statement of the Monetary Policy Committee : main conclusions,---,https://www.resbank.co.za/en/home/publications/publication-detail-pages/statements/monetary-policy-statements/2000/4339,/content/sarb-project/en/home/publications/publication-detail-pages/statements/monetary-policy-statements/2000/4339,Statements > Monetary Policy Statements,html,,25207,,,,,,,,[],,data\raw_texts\2000-03-02_4339.txt,ok,,,True,,,no_data,True
2000-03-20,"Mar 20, 2000, 2:00:00 AM",2000-03-20: Statement issued by the South African Reserve Bank after the first Monetary Policy Forum,---,https://www.resbank.co.za/en/home/publications/publication-detail-pages/statements/monetary-policy-statements/2000/4338,/content/sarb-project/en/home/publications/publication-detail-pages/statements/monetary-policy-statements/2000/4338,Statements > Monetary Policy Statements,html,,7371,,,,,,,,[],,data\raw_texts\2000-03-20_4338.txt,ok,,,True,,,no_data,True
2000-04-06,"Apr 6, 2000, 2:00:00 AM",2000-04-06: Statement of the Monetary Policy Committee : discussed in some detail recent international and domestic economic developments and the current monetary policy stance,---,https://www.resbank.co.za/en/home/publications/publication-detail-pages/statements/monetary-policy-statements/2000/4337,/content/sarb-project/en/home/publications/publication-detail-pages/statements/monetary-policy-statements/2000/4337,Statements > Monetary Policy Statements,html,,40009,,,hold,0,,In view of the above circumstances the Monetary Policy Committee has decided that the current level of the repurchase rate of the Reserve Bank should be maintained.,,[],,data\raw_texts\2000-04-06_4337.txt,ok,,,True,,hold,regex_fallback_no_series_coverage,True
2000-05-19,"May 19, 2000, 2:00:00 AM",2000-05-19: Statement of the Monetary Policy Committee : made a detailed assessment of recent economic and financial market developments,---,https://www.resbank.co.za/en/home/publications/publication-detail-pages/statements/monetary-policy-statements/2000/4336,/content/sarb-project/en/home/publications/publication-detail-pages/statements/monetary-policy-statements/2000/4336,Statements > Monetary Policy Statements,html,,26077,,,,,,,,[],,data\raw_texts\2000-05-19_4336.txt,ok,,,True,,,no_data,True
2000-06-15,"Jun 15, 2000, 2:00:00 AM",2000-06-15: Statement of the Monetary Policy Committee : analysed recent international and domestic economic developments and reviewed the monetary policy stance,---,https://www.resbank.co.za/en/home/publications/publication-detail-pages/statements/monetary-policy-statements/2000/4335,/content/sarb-project/en/home/publications/publication-detail-pages/statements/monetary-policy-statements/2000/4335,Statements > Monetary Policy Statements,html,,25305,,,,,,,,[],,data\raw_texts\2000-06-15_4335.txt,ok,,,True,,,no_data,True
2000-08-11,"Aug 11, 2000, 2:00:00 AM",2000-08-11: Statement of the Monetary Policy Committee : reviewed economic conditions and the monetary policy stance,---,https://www.resbank.co.za/en/home/publications/publication-detail-pages/statements/monetary-policy-statements/2000/4334,/content/sarb-project/en/home/publications/publication-detail-pages/statements/monetary-policy-statements/2000/4334,Statements > Monetary Policy Statements,html,,23791,,,,,,,,[],,data\raw_texts\2000-08-11_4334.txt,ok,,,True,,,no_data,True
2000-09-21,"Sep 21, 2000, 2:00:00 AM",2000-09-21: Statement of the Monetary Policy Committee : reviewed international and domestic economic conditions and the monetary policy stance,---,https://www.resbank.co.za/en/home/publications/publication-detail-pages/statements/monetary-policy-statements/2000/4333,/content/sarb-project/en/home/publications/publication-detail-pages/statements/monetary-policy-statements/2000/4333,Statements > Monetary Policy Statements,html,,24823,,,,,,,,[],,data\raw_texts\2000-09-21_4333.txt,ok,,,True,,,no_data,True
2000-10-16,"Oct 16, 2000, 2:00:00 AM",2000-10-16: Statement of the Monetary Policy Committee : to review the effect of recent developments on the outlook for inflation in South Africa,---,https://www.resbank.co.za/en/home/publications/publication-detail-pages/statements/monetary-policy-statements/2000/4332,/content/sarb-project/en/home/publications/publication-detail-pages/statements/monetary-policy-statements/2000/4332,Statements > Monetary Policy Statements,html,,3681,,,hike,,,"The Committee is of the opinion that these steps may lead to an increase of approximately 25 basis points in the repurchase rate, but the actual increase will be determined at the repo auctions.",,[],,data\raw_texts\2000-10-16_4332.txt,ok,,,True,,hike,regex_fallback_no_series_coverage,True
2000-11-16,"Nov 16, 2000, 2:00:00 AM",2000-11-16: Statement of the Monetary Policy Committee : reviewed current and likely future economic developments to arrive at a decision regarding the monetary policy stance,---,https://www.resbank.co.za/en/home/publications/publication-detail-pages/statements/monetary-policy-statements/2000/4331,/content/sarb-project/en/home/publications/publication-detail-pages/statements/monetary-policy-statements/2000/4331,Statements > Monetary Policy Statements,html,,25163,,,,,,,,[],,data\raw_texts\2000-11-16_4331.txt,ok,,,True,,,no_data,True
2001-01-19,"Jan 19, 2001, 2:00:00 AM",2001-01-19: Statement of the Monetary Policy Committee : reviewed current and likely future economic developments in order to evaluate the monetary policy stance.,---,https://www.resbank.co.za/en/home/publications/publication-detail-pages/statements/monetary-policy-statements/2001/4330,/content/sarb-project/en/home/publications/publication-detail-pages/statements/monetary-policy-statements/2001/4330,Statements > Monetary Policy Statements,html,,27943,,,,,,,,[],,data\raw_texts\2001-01-19_4330.txt,ok,,,True,,,no_data,True
2001-03-16,"Mar 16, 2001, 2:00:00 AM",2001-03-16: Statement of the Monetary Policy Committee : reviewed current and likely future economic developments to evaluate the monetary policy stance,---,https://www.resbank.co.za/en/home/publications/publication-detail-pages/statements/monetary-policy-statements/2001/4329,/content/sarb-project/en/home/publications/publication-detail-pages/statements/monetary-policy-statements/2001/4329,Statements > Monetary Policy Statements,html,,25405,,,,,,,,[],,data\raw_texts\2001-03-16_4329.txt,ok,,,True,,,no_data,True
2001-04-25,"Apr 25, 2001, 2:00:00 AM",2001-04-25: Statement of the Monetary Policy Committee evaluated the monetary policy stance,---,https://www.resbank.co.za/en/home/publications/publication-detail-pages/statements/monetary-policy-statements/2001/4328,/content/sarb-project/en/home/publications/publication-detail-pages/statements/monetary-policy-statements/2001/4328,Statements > Monetary Policy Statements,html,,23811,,,,,,,,[],,data\raw_texts\2001-04-25_4328.txt,ok,,,True,,,no_data,True
2001-06-14,"Jun 14, 2001, 2:00:00 AM",2001-06-14: Statement of the Monetary Policy Committee : analysed international and domestic economic developments in order to evaluate the monetary policy stance,---,https://www.resbank.co.za/en/home/publications/publication-detail-pages/statements/monetary-policy-statements/2001/4327,/content/sarb-project/en/home/publications/publication-detail-pages/statements/monetary-policy-statements/2001/4327,Statements > Monetary Policy Statements,html,,28567,,,,,,,,[],,data\raw_texts\2001-06-14_4327.txt,ok,,,True,,,no_data,True
2001-07-26,"Jul 26, 2001, 2:00:00 AM",2001-07-26: Statement of the Monetary Policy Committee : made a detailed analysis of recent economic developments to decide on the most appropriate monetary policy stance,---,https://www.resbank.co.za/en/home/publications/publication-detail-pages/statements/monetary-policy-statements/2001/4326,/content/sarb-project/en/home/publications/publication-detail-pages/statements/monetary-policy-statements/2001/4326,Statements > Monetary Policy Statements,html,,25839,,,cut,,,The endorsement of lower inflation expectations by the Reserve Bank when it lowered the repurchase rate by 100 basis points on 15 June 2001 gave further impetus to the decline in bond yields.,,[],,data\raw_texts\2001-07-26_4326.txt,ok,,,True,,cut,regex_fallback_no_series_coverage,True
2001-09-20,"Sep 20, 2001, 2:00:00 AM",2001-09-20: Statement of the Monetary Policy Committee : evaluated the monetary policy stance,---,https://www.resbank.co.za/en/home/publications/publication-detail-pages/statements/monetary-policy-statements/2001/4325,/content/sarb-project/en/home/publications/publication-detail-pages/statements/monetary-policy-statements/2001/4325,Statements > Monetary Policy Statements,html,,27315,,,cut,50,9.5,"After carefully analysing the current and likely future economic and price developments, the Committee decided to lower the repurchase rate by 50 basis points to 9,5 per cent effective from 21 September 2001.",,[],,data\raw_texts\2001-09-20_4325.txt,ok,,extracted,True,9.5,cut,regex_fallback_no_series_coverage,True
2001-11-15,"Nov 15, 2001, 2:00:00 AM",2001-11-15: Statement of the Monetary Policy Committee : assessed recent international and domestic economic developments to decide on the appropriate monetary policy stance.,---,https://www.resbank.co.za/en/home/publications/publication-detail-pages/statements/monetary-policy-statements/2001/4324,/content/sarb-project/en/home/publications/publication-detail-pages/statements/monetary-policy-statements/2001/4324,Statements > Monetary Policy Statements,html,,30675,,,,,,,,[],,data\raw_texts\2001-11-15_4324.txt,ok,,,True,,,no_data,True
2002-01-15,"Jan 15, 2002, 2:00:00 AM",2002-01-15: Statement of the Monetary Policy Committee: to discuss the appropriate monetary policy stance in view of the effects of recent economic developments on the outlook for inflation,---,https://www.resbank.co.za/en/home/publications/publication-detail-pages/statements/monetary-policy-statements/2002/4323,/content/sarb-project/en/home/publications/publication-detail-pages/statements/monetary-policy-statements/2002/4323,Statements > Monetary Policy Statements,html,,2481,,,,,,,,[],,data\raw_texts\2002-01-15_4323.txt,ok,,,True,10.5,hike,official_series,True
2002-03-14,"Mar 14, 2002, 2:00:00 AM",2002-03-14: Statement of the Monetary Policy Committee,---,https://www.resbank.co.za/en/home/publications/publication-detail-pages/statements/monetary-policy-statements/2002/4322,/content/sarb-project/en/home/publications/publication-detail-pages/statements/monetary-policy-statements/2002/4322,Statements > Monetary Policy Statements,html,,13907,,,,,,,,[],,data\raw_texts\2002-03-14_4322.txt,ok,,,True,11.5,hike,official_series,True
2002-06-13,"Jun 13, 2002, 2:00:00 AM",2002-06-13: Statement of the Monetary Policy Committee,---,https://www.resbank.co.za/en/home/publications/publication-detail-pages/statements/monetary-policy-statements/2002/4321,/content/sarb-project/en/home/publications/publication-detail-pages/statements/monetary-policy-statements/2002/4321,Statements > Monetary Policy Statements,html,,17839,,,hike,,,"In view of these risks, the Monetary Policy Committee has decided to increase the repurchase rate of the South African Reserve Bank by a further 100 basis points to 12,5 per cent with effect from 14 June 2002.",,[],,data\raw_texts\2002-06-13_4321.txt,ok,,,True,12.5,hike,official_series,True
2002-09-12,"Sep 12, 2002, 2:00:00 AM",2002-09-12: Statement of the Monetary Policy Committee,---,https://www.resbank.co.za/en/home/publications/publication-detail-pages/statements/monetary-policy-statements/2002/4320,/content/sarb-project/en/home/publications/publication-detail-pages/statements/monetary-policy-statements/2002/4320,Statements > Monetary Policy Statements,html,,18207,,,hike,,,"In view of these accommodating monetary developments, the Monetary Policy Committee has decided to increase the repurchase rate by a further 100 basis points to 13,50 per cent with effect from 13 September 2002.",,[],,data\raw_texts\2002-09-12_4320.txt,ok,,,True,13.5,hike,official_series,True
2002-11-28,"Nov 28, 2002, 2:00:00 AM",2002-11-28: Statement of the Monetary Policy Committee,---,https://www.resbank.co.za/en/home/publications/publication-detail-pages/statements/monetary-policy-statements/2002/4319,/content/sarb-project/en/home/publications/publication-detail-pages/statements/monetary-policy-statements/2002/4319,Statements > Monetary Policy Statements,html,,14079,,,hold,0,9.5,"The Committee therefore decided to keep the repurchase rate of the Bank unchanged at 13,5 per cent per annum.",,[],,data\raw_texts\2002-11-28_4319.txt,ok,,extracted,True,13.5,hold,official_series,True
2003-03-20,"Mar 20, 2003, 2:00:00 AM",2003-03-20: Statement of the Monetary Policy Committee,---,https://www.resbank.co.za/en/home/publications/publication-detail-pages/statements/monetary-policy-statements/2003/4318,/content/sarb-project/en/home/publications/publication-detail-pages/statements/monetary-policy-statements/2003/4318,Statements > Monetary Policy Statements,html,,34445,,,hold,0,13.5,"Taking this into consideration as well as the risks identified above, the Monetary Policy Committee has decided to maintain the repurchase rate at its current level of 13,5 per cent per annum.",,[],,data\raw_texts\2003-03-20_4318.txt,ok,,extracted,True,13.5,hold,official_series,True
2003-06-12,"Jun 12, 2003, 2:00:00 AM",2003-06-12: Statement of the Monetary Policy Committee,---,https://www.resbank.co.za/en/home/publications/publication-detail-pages/statements/monetary-policy-statements/2003/4317,/content/sarb-project/en/home/publications/publication-detail-pages/statements/monetary-policy-statements/2003/4317,Statements > Monetary Policy Statements,html,,21541,,,,,,,,[],,data\raw_texts\2003-06-12_4317.txt,ok,,,True,12.0,cut,official_series,True
2003-08-14,"Aug 14, 2003, 2:00:00 AM",2003-08-14: Statement of the Monetary Policy Committee,---,https://www.resbank.co.za/en/home/publications/publication-detail-pages/statements/monetary-policy-statements/2003/4316,/content/sarb-project/en/home/publications/publication-detail-pages/statements/monetary-policy-statements/2003/4316,Statements > Monetary Policy Statements,html,,19513,,,,,,,,[],,data\raw_texts\2003-08-14_4316.txt,ok,,,True,11.0,cut,official_series,True
2003-09-10,"Sep 10, 2003, 2:00:00 AM",2003-09-10: Statement of the Monetary Policy Committee,---,https://www.resbank.co.za/en/home/publications/publication-detail-pages/statements/monetary-policy-statements/2003/4315,/content/sarb-project/en/home/publications/publication-detail-pages/statements/monetary-policy-statements/2003/4315,Statements > Monetary Policy Statements,html,,13091,,,,,,,,[],,data\raw_texts\2003-09-10_4315.txt,ok,,,True,10.0,cut,official_series,True
2003-10-16,"Oct 16, 2003, 2:00:00 AM",2003-10-16: Statement of the Monetary Policy Committee,---,https://www.resbank.co.za/en/home/publications/publication-detail-pages/statements/monetary-policy-statements/2003/4314,/content/sarb-project/en/home/publications/publication-detail-pages/statements/monetary-policy-statements/2003/4314,Statements > Monetary Policy Statements,html,,21041,,,,,,,,[],,data\raw_texts\2003-10-16_4314.txt,ok,,,True,8.5,cut,official_series,True
2003-12-11,"Dec 11, 2003, 2:00:00 AM",2003-12-11: Statement of the Monetary Policy Committee,---,https://www.resbank.co.za/en/home/publications/publication-detail-pages/statements/monetary-policy-statements/2003/4313,/content/sarb-project/en/home/publications/publication-detail-pages/statements/monetary-policy-statements/2003/4313,Statements > Monetary Policy Statements,html,,23115,,,,,,,,[],,data\raw_texts\2003-12-11_4313.txt,ok,,,True,8.0,cut,official_series,True
2004-02-26,"Feb 26, 2004, 2:00:00 AM",2004-02-26: Statement of the Monetary Policy Committee,---,https://www.resbank.co.za/en/home/publications/publication-detail-pages/statements/monetary-policy-statements/2004/4310,/content/sarb-project/en/home/publications/publication-detail-pages/statements/monetary-policy-statements/2004/4310,Statements > Monetary Policy Statements,html,,22965,,,,,,,,[],,data\raw_texts\2004-02-26_4310.txt,ok,,,True,8.0,hold,official_series,True
2004-04-22,"Apr 22, 2004, 2:00:00 AM",2004-04-22: Statement of the Monetary Policy Committee,---,https://www.resbank.co.za/en/home/publications/publication-detail-pages/statements/monetary-policy-statements/2004/4309,/content/sarb-project/en/home/publications/publication-detail-pages/statements/monetary-policy-statements/2004/4309,Statements > Monetary Policy Statements,html,,21431,,,,,,,,[],,data\raw_texts\2004-04-22_4309.txt,ok,,,True,8.0,hold,official_series,True
2004-06-10,"Jun 10, 2004, 2:00:00 AM",2004-06-10: Statement of the Monetary Policy Committee,---,https://www.resbank.co.za/en/home/publications/publication-detail-pages/statements/monetary-policy-statements/2004/4308,/content/sarb-project/en/home/publications/publication-detail-pages/statements/monetary-policy-statements/2004/4308,Statements > Monetary Policy Statements,html,,19609,,,,,,,,[],,data\raw_texts\2004-06-10_4308.txt,ok,,,True,8.0,hold,official_series,True
2004-08-12,"Aug 12, 2004, 2:00:00 AM",2004-08-12: Statement of the Monetary Policy Committee,---,https://www.resbank.co.za/en/home/publications/publication-detail-pages/statements/monetary-policy-statements/2004/4307,/content/sarb-project/en/home/publications/publication-detail-pages/statements/monetary-policy-statements/2004/4307,Statements > Monetary Policy Statements,html,,25797,,,,,,,,[],,data\raw_texts\2004-08-12_4307.txt,ok,,,True,7.5,cut,official_series,True
2004-10-14,"Oct 14, 2004, 2:00:00 AM",2004-10-14: Statement of the Monetary Policy Committee,---,https://www.resbank.co.za/en/home/publications/publication-detail-pages/statements/monetary-policy-statements/2004/4306,/content/sarb-project/en/home/publications/publication-detail-pages/statements/monetary-policy-statements/2004/4306,Statements > Monetary Policy Statements,html,,20801,,,,,,,,[],,data\raw_texts\2004-10-14_4306.txt,ok,,,True,7.5,hold,official_series,True
2004-12-09,"Dec 9, 2004, 2:00:00 AM",2004-12-09: Statement of the Monetary Policy Committee,---,https://www.resbank.co.za/en/home/publications/publication-detail-pages/statements/monetary-policy-statements/2004/4305,/content/sarb-project/en/home/publications/publication-detail-pages/statements/monetary-policy-statements/2004/4305,Statements > Monetary Policy Statements,html,,25821,,,,,,,,[],,data\raw_texts\2004-12-09_4305.txt,ok,,,True,7.5,hold,official_series,True
2005-02-10,"Feb 10, 2005, 2:00:00 AM",2005-02-10: Statement of the Monetary Policy Committee,---,https://www.resbank.co.za/en/home/publications/publication-detail-pages/statements/monetary-policy-statements/2005/4304,/content/sarb-project/en/home/publications/publication-detail-pages/statements/monetary-policy-statements/2005/4304,Statements > Monetary Policy Statements,html,,22765,,,,,,,,[],,data\raw_texts\2005-02-10_4304.txt,ok,,,True,7.5,hold,official_series,True
2005-04-14,"Apr 14, 2005, 2:00:00 AM",2005-04-14: Statement of the Monetary Policy Committee,---,https://www.resbank.co.za/en/home/publications/publication-detail-pages/statements/monetary-policy-statements/2005/4303,/content/sarb-project/en/home/publications/publication-detail-pages/statements/monetary-policy-statements/2005/4303,Statements > Monetary Policy Statements,html,,25321,,,,,,,,[],,data\raw_texts\2005-04-14_4303.txt,ok,,,True,7.0,cut,official_series,True
2005-06-09,"Jun 9, 2005, 2:00:00 AM",2005-06-09: Statement of the Monetary Policy Committee,---,https://www.resbank.co.za/en/home/publications/publication-detail-pages/statements/monetary-policy-statements/2005/4302,/content/sarb-project/en/home/publications/publication-detail-pages/statements/monetary-policy-statements/2005/4302,Statements > Monetary Policy Statements,html,,22783,,,,,,,,[],,data\raw_texts\2005-06-09_4302.txt,ok,,,True,7.0,hold,official_series,True
2005-08-11,"Aug 11, 2005, 2:00:00 AM",2005-08-11: Statement of the Monetary Policy Committee,---,https://www.resbank.co.za/en/home/publications/publication-detail-pages/statements/monetary-policy-statements/2005/4301,/content/sarb-project/en/home/publications/publication-detail-pages/statements/monetary-policy-statements/2005/4301,Statements > Monetary Policy Statements,html,,24163,,,,,,,,[],,data\raw_texts\2005-08-11_4301.txt,ok,,,True,7.0,hold,official_series,True
2005-10-13,"Oct 13, 2005, 2:00:00 AM",2005-10-13: Statement of the Monetary Policy Committee,---,https://www.resbank.co.za/en/home/publications/publication-detail-pages/statements/monetary-policy-statements/2005/4300,/content/sarb-project/en/home/publications/publication-detail-pages/statements/monetary-policy-statements/2005/4300,Statements > Monetary Policy Statements,html,,21751,,,hold,0,13.5,At this meeting the MPC has decided therefore that the repurchase rate will remain unchanged at 7 per cent per annum.,,[],,data\raw_texts\2005-10-13_4300.txt,ok,,extracted,True,7.0,hold,official_series,True
2005-12-08,"Dec 8, 2005, 2:00:00 AM",2005-12-08: Statement of the Monetary Policy Committee,---,https://www.resbank.co.za/en/home/publications/publication-detail-pages/statements/monetary-policy-statements/2005/4299,/content/sarb-project/en/home/publications/publication-detail-pages/statements/monetary-policy-statements/2005/4299,Statements > Monetary Policy Statements,html,,21957,,,,,,,,[],,data\raw_texts\2005-12-08_4299.txt,ok,,,True,7.0,hold,official_series,True
2006-02-02,"Feb 2, 2006, 2:00:00 AM",2006-02-02: Statement of the Monetary Policy Committee,---,https://www.resbank.co.za/en/home/publications/publication-detail-pages/statements/monetary-policy-statements/2006/4296,/content/sarb-project/en/home/publications/publication-detail-pages/statements/monetary-policy-statements/2006/4296,Statements > Monetary Policy Statements,html,,21547,,,,,,,,[],,data\raw_texts\2006-02-02_4296.txt,ok,,,True,7.0,hold,official_series,True
2006-04-13,"Apr 13, 2006, 2:00:00 AM",2006-04-13: Statement of the Monetary Policy Committee,---,https://www.resbank.co.za/en/home/publications/publication-detail-pages/statements/monetary-policy-statements/2006/4295,/content/sarb-project/en/home/publications/publication-detail-pages/statements/monetary-policy-statements/2006/4295,Statements > Monetary Policy Statements,html,,22925,,,,,,,,[],,data\raw_texts\2006-04-13_4295.txt,ok,,,True,7.0,hold,official_series,True
2006-06-08,"Jun 8, 2006, 2:00:00 AM",2006-06-08: Statement of the Monetary Policy Committee,---,https://www.resbank.co.za/en/home/publications/publication-detail-pages/statements/monetary-policy-statements/2006/4294,/content/sarb-project/en/home/publications/publication-detail-pages/statements/monetary-policy-statements/2006/4294,Statements > Monetary Policy Statements,html,,23015,,,,,,,,[],,data\raw_texts\2006-06-08_4294.txt,ok,,,True,7.5,hold,official_series,True
2006-08-03,"Aug 3, 2006, 2:00:00 AM",2006-08-03: Statement of the Monetary Policy Committee,---,https://www.resbank.co.za/en/home/publications/publication-detail-pages/statements/monetary-policy-statements/2006/4293,/content/sarb-project/en/home/publications/publication-detail-pages/statements/monetary-policy-statements/2006/4293,Statements > Monetary Policy Statements,html,,22871,,,,,,,,[],,data\raw_texts\2006-08-03_4293.txt,ok,,,True,8.0,hold,official_series,True
2006-10-12,"Oct 12, 2006, 2:00:00 AM",2006-10-12: Statement of the Monetary Policy Committee,---,https://www.resbank.co.za/en/home/publications/publication-detail-pages/statements/monetary-policy-statements/2006/4292,/content/sarb-project/en/home/publications/publication-detail-pages/statements/monetary-policy-statements/2006/4292,Statements > Monetary Policy Statements,html,,25187,,,,,,,,[],,data\raw_texts\2006-10-12_4292.txt,ok,,,True,8.5,hike,official_series,True
2006-12-07,"Dec 7, 2006, 2:00:00 AM",2006-12-07: Statement of the Monetary Policy Committee,---,https://www.resbank.co.za/en/home/publications/publication-detail-pages/statements/monetary-policy-statements/2006/6600,/content/sarb-project/en/home/publications/publication-detail-pages/statements/monetary-policy-statements/2006/6600,Statements > Monetary Policy Statements,html,,24983,,,,,,,,[],,data\raw_texts\2006-12-07_6600.txt,ok,,,True,9.0,hike,official_series,True
2007-02-15,"Feb 15, 2007, 2:00:00 AM",2007-02-15: Statement of the Monetary Policy Committee,---,https://www.resbank.co.za/en/home/publications/publication-detail-pages/statements/monetary-policy-statements/2007/4290,/content/sarb-project/en/home/publications/publication-detail-pages/statements/monetary-policy-statements/2007/4290,Statements > Monetary Policy Statements,html,,25151,,,,,,,,[],,data\raw_texts\2007-02-15_4290.txt,ok,,,True,9.0,hold,official_series,True
2007-04-12,"Apr 12, 2007, 2:00:00 AM",2007-04-12: Statement of the Monetary Policy Committee,---,https://www.resbank.co.za/en/home/publications/publication-detail-pages/statements/monetary-policy-statements/2007/4289,/content/sarb-project/en/home/publications/publication-detail-pages/statements/monetary-policy-statements/2007/4289,Statements > Monetary Policy Statements,html,,24467,,,,,,,,[],,data\raw_texts\2007-04-12_4289.txt,ok,,,True,9.0,hold,official_series,True
2007-06-07,"Jun 7, 2007, 2:00:00 AM",2007-06-07: Statement of the Monetary Policy Committee,---,https://www.resbank.co.za/en/home/publications/publication-detail-pages/statements/monetary-policy-statements/2007/4288,/content/sarb-project/en/home/publications/publication-detail-pages/statements/monetary-policy-statements/2007/4288,Statements > Monetary Policy Statements,html,,26729,,,,,,,,[],,data\raw_texts\2007-06-07_4288.txt,ok,,,True,9.5,hike,official_series,True
2007-08-16,"Aug 16, 2007, 2:00:00 AM",2007-08-16: Statement of the Monetary Policy Committee,---,https://www.resbank.co.za/en/home/publications/publication-detail-pages/statements/monetary-policy-statements/2007/4287,/content/sarb-project/en/home/publications/publication-detail-pages/statements/monetary-policy-statements/2007/4287,Statements > Monetary Policy Statements,html,,24371,,,,,,,,[],,data\raw_texts\2007-08-16_4287.txt,ok,,,True,10.0,hike,official_series,True
2007-10-11,"Oct 11, 2007, 2:00:00 AM",2007-10-11: Statement of the Monetary Policy Committee,---,https://www.resbank.co.za/en/home/publications/publication-detail-pages/statements/monetary-policy-statements/2007/4286,/content/sarb-project/en/home/publications/publication-detail-pages/statements/monetary-policy-statements/2007/4286,Statements > Monetary Policy Statements,html,,23109,,,,50,10.5,"Monetary policy stance Having considered the above developments and in particular the risks which are on the upside, the MPC has decided to adjust the repurchase rate by 50 basis points to 10,5 per cent per annum with effect from Friday, 12 October 2007.",,[],,data\raw_texts\2007-10-11_4286.txt,ok,,extracted,True,10.5,hike,official_series,True
2007-12-06,"Dec 6, 2007, 2:00:00 AM",2007-12-06: Statement of the Monetary Policy Committee,---,https://www.resbank.co.za/en/home/publications/publication-detail-pages/statements/monetary-policy-statements/2007/4285,/content/sarb-project/en/home/publications/publication-detail-pages/statements/monetary-policy-statements/2007/4285,Statements > Monetary Policy Statements,html,,20719,,,,50,11.0,"Therefore the MPC has decided to adjust the repurchase rate by 50 basis points to 11,0 per cent per annum with effect from Friday, 7 December 2007.",,[],,data\raw_texts\2007-12-06_4285.txt,ok,,extracted,True,11.0,hike,official_series,True
2008-01-31,"Jan 31, 2008, 2:00:00 AM",2008-01-31: Statement of the Monetary Policy Committee,---,https://www.resbank.co.za/en/home/publications/publication-detail-pages/statements/monetary-policy-statements/2008/4043,/content/sarb-project/en/home/publications/publication-detail-pages/statements/monetary-policy-statements/2008/4043,Statements > Monetary Policy Statements,html,,17623,,,,,,,,[],,data\raw_texts\2008-01-31_4043.txt,ok,,,True,11.0,hold,official_series,True
2008-04-10,"Apr 10, 2008, 2:00:00 AM",2008-04-10: Statement of the Monetary Policy Committee,---,https://www.resbank.co.za/en/home/publications/publication-detail-pages/statements/monetary-policy-statements/2008/3268,/content/sarb-project/en/home/publications/publication-detail-pages/statements/monetary-policy-statements/2008/3268,Statements > Monetary Policy Statements,html,,22013,,,,,,,,[],,data\raw_texts\2008-04-10_3268.txt,ok,,,True,11.5,hike,official_series,True
2008-06-12,"Jun 12, 2008, 2:00:00 AM",2008-06-12: Statement of the Monetary Policy Committee,---,https://www.resbank.co.za/en/home/publications/publication-detail-pages/statements/monetary-policy-statements/2008/3300,/content/sarb-project/en/home/publications/publication-detail-pages/statements/monetary-policy-statements/2008/3300,Statements > Monetary Policy Statements,html,,22921,,,hike,,,Accordingly the repurchase rate will be increased by 50 basis points to 12 per cent per annum with effect from 13 June 2008.,,[],,data\raw_texts\2008-06-12_3300.txt,ok,,,True,12.0,hike,official_series,True
2008-08-14,"Aug 14, 2008, 2:00:00 AM",2008-08-14: Statement of the Monetary Policy Committee,---,https://www.resbank.co.za/en/home/publications/publication-detail-pages/statements/monetary-policy-statements/2008/3323,/content/sarb-project/en/home/publications/publication-detail-pages/statements/monetary-policy-statements/2008/3323,Statements > Monetary Policy Statements,html,,21543,,,hold,0,11.0,Consequently the repurchase rate will for now remain unchanged at 12 per cent per annum.,,[],,data\raw_texts\2008-08-14_3323.txt,ok,,extracted,True,12.0,hold,official_series,True
2008-10-09,"Oct 9, 2008, 2:00:00 AM",2008-10-09: Statement of the Monetary Policy Committee,---,https://www.resbank.co.za/en/home/publications/publication-detail-pages/statements/monetary-policy-statements/2008/3348,/content/sarb-project/en/home/publications/publication-detail-pages/statements/monetary-policy-statements/2008/3348,Statements > Monetary Policy Statements,html,,22549,,,,,,Accordingly the repurchase rate remains at 12 per cent per annum.,,[],,data\raw_texts\2008-10-09_3348.txt,ok,,,True,12.0,hold,official_series,True
2008-12-11,"Dec 11, 2008, 2:00:00 AM",2008-12-11: Statement of the Monetary Policy Committee,---,https://www.resbank.co.za/en/home/publications/publication-detail-pages/statements/monetary-policy-statements/2008/3374,/content/sarb-project/en/home/publications/publication-detail-pages/statements/monetary-policy-statements/2008/3374,Statements > Monetary Policy Statements,html,,22743,,,cut,50,11.5,"The MPC has therefore decided to reduce the repurchase rate by 50 basis points to 11,5 per cent per annum with effect from 12 December 2008.",,[],,data\raw_texts\2008-12-11_3374.txt,ok,,extracted,True,11.5,cut,official_series,True
2009-02-05,"Feb 5, 2009, 2:00:00 AM",2009-02-05: Statement of the Monetary Policy Committee,---,https://www.resbank.co.za/en/home/publications/publication-detail-pages/statements/monetary-policy-statements/2009/3389,/content/sarb-project/en/home/publications/publication-detail-pages/statements/monetary-policy-statements/2009/3389,Statements > Monetary Policy Statements,html,,17857,,,cut,100,10.5,"Monetary policy stance The Monetary Policy Committee has decided to reduce the repurchase rate by 100 basis points to 10,5 per cent per annum with effect from 6 February 2009.",,[],,data\raw_texts\2009-02-05_3389.txt,ok,,extracted,True,10.5,cut,official_series,True
2009-03-24,"Mar 24, 2009, 2:00:00 AM",2009-03-24: Statement of the Monetary Policy Committee,---,https://www.resbank.co.za/en/home/publications/publication-detail-pages/statements/monetary-policy-statements/2009/3406,/content/sarb-project/en/home/publications/publication-detail-pages/statements/monetary-policy-statements/2009/3406,Statements > Monetary Policy Statements,html,,17135,,,cut,100,9.5,"Monetary policy stance Against the background of a slowing global and domestic economy and an improved medium-term outlook for inflation, the Monetary Policy Committee has decided to reduce the repurchase rate by 100 basis points to 9,5 per cent per annum with effect from 25 March 2009.",,[],,data\raw_texts\2009-03-24_3406.txt,ok,,extracted,True,9.5,cut,official_series,True
2009-04-30,"Apr 30, 2009, 2:00:00 AM",2009-04-30: Statement of the Monetary Policy Committee,---,https://www.resbank.co.za/en/home/publications/publication-detail-pages/statements/monetary-policy-statements/2009/3416,/content/sarb-project/en/home/publications/publication-detail-pages/statements/monetary-policy-statements/2009/3416,Statements > Monetary Policy Statements,html,,19131,,,cut,100,8.5,"The committee is of the view that the adverse economic conditions continue to tilt the balance of risks to the inflation outlook to the downside over the medium term and has therefore decided to reduce the repurchase rate by 100 basis points to 8,5 per cent per annum with effect from 4 May 2009.",,[],,data\raw_texts\2009-04-30_3416.txt,ok,,extracted,True,8.5,cut,official_series,True
2009-05-28,"May 28, 2009, 2:00:00 AM",2009-05-28: Statement of the Monetary Policy Committee,---,https://www.resbank.co.za/en/home/publications/publication-detail-pages/statements/monetary-policy-statements/2009/3436,/content/sarb-project/en/home/publications/publication-detail-pages/statements/monetary-policy-statements/2009/3436,Statements > Monetary Policy Statements,html,,16005,,,cut,100,7.5,"Accordingly the MPC has decided to reduce the repurchase rate by 100 basis points to 7,5 per cent per annum with effect from 29 May 2009.",,[],,data\raw_texts\2009-05-28_3436.txt,ok,,extracted,True,7.5,cut,official_series,True
2009-06-25,"Jun 25, 2009, 2:00:00 AM",2009-06-25: Statement of the Monetary Policy Committee,---,https://www.resbank.co.za/en/home/publications/publication-detail-pages/statements/monetary-policy-statements/2009/3448,/content/sarb-project/en/home/publications/publication-detail-pages/statements/monetary-policy-statements/2009/3448,Statements > Monetary Policy Statements,html,,18029,,,hold,0,7.5,"Monetary policy stance 4.1 The Monetary Policy Committee has decided to keep the repurchase rate unchanged at 7,5 per cent per annum.",,[],,data\raw_texts\2009-06-25_3448.txt,ok,,extracted,True,7.5,hold,official_series,True
2009-08-13,"Aug 13, 2009, 2:00:00 AM",2009-08-13: Statement of the Monetary Policy Committee,---,https://www.resbank.co.za/en/home/publications/publication-detail-pages/statements/monetary-policy-statements/2009/3494,/content/sarb-project/en/home/publications/publication-detail-pages/statements/monetary-policy-statements/2009/3494,Statements > Monetary Policy Statements,html,,17581,,,cut,50,7.0,The MPC has therefore decided to reduce the repurchase rate by 50 basis points to 7 per cent per annum with effect from 14 August 2009.,,[],,data\raw_texts\2009-08-13_3494.txt,ok,,extracted,True,7.0,cut,official_series,True
2009-09-22,"Sep 22, 2009, 2:00:00 AM",2009-09-22: Statement of the Monetary Policy Committee,---,https://www.resbank.co.za/en/home/publications/publication-detail-pages/statements/monetary-policy-statements/2009/4045,/content/sarb-project/en/home/publications/publication-detail-pages/statements/monetary-policy-statements/2009/4045,Statements > Monetary Policy Statements,html,,17483,,,hold,0,7.0,"Accordingly, the MPC has decided to leave the repurchase rate unchanged at 7 per cent per annum.",,[],,data\raw_texts\2009-09-22_4045.txt,ok,,extracted,True,7.0,hold,official_series,True
2009-10-22,"Oct 22, 2009, 2:00:00 AM",2009-10-22: Statement of the Monetary Policy Committee,---,https://www.resbank.co.za/en/home/publications/publication-detail-pages/statements/monetary-policy-statements/2009/3507,/content/sarb-project/en/home/publications/publication-detail-pages/statements/monetary-policy-statements/2009/3507,Statements > Monetary Policy Statements,html,,18733,,,hold,0,7.0,"Accordingly the Monetary Policy Committee has decided to leave the repurchase rate unchanged at 7,0 per cent per annum.",,[],,data\raw_texts\2009-10-22_3507.txt,ok,,extracted,True,7.0,hold,official_series,True
2009-11-17,"Nov 17, 2009, 2:00:00 AM",2009-11-17: Statement of the Monetary Policy Committee,---,https://www.resbank.co.za/en/home/publications/publication-detail-pages/statements/monetary-policy-statements/2009/4046,/content/sarb-project/en/home/publications/publication-detail-pages/statements/monetary-policy-statements/2009/4046,Statements > Monetary Policy Statements,html,,22525,,,hold,0,7.0,"Monetary policy stance The Monetary Policy Committee, having reviewed the global and domestic economic and financial developments, has decided to maintain the current stance of monetary policy and to leave the repurchase rate unchanged at 7 per cent per annum.",,[],,data\raw_texts\2009-11-17_4046.txt,ok,,extracted,True,7.0,hold,official_series,True
2010-01-26,"Jan 26, 2010, 2:00:00 AM",2010-01-26: Statement of the Monetary Policy Committee,---,https://www.resbank.co.za/en/home/publications/publication-detail-pages/statements/monetary-policy-statements/2010/3561,/content/sarb-project/en/home/publications/publication-detail-pages/statements/monetary-policy-statements/2010/3561,Statements > Monetary Policy Statements,html,,25103,,,hold,0,7.0,"Against this background the MPC has decided to keep the repurchase rate unchanged at 7,0 per cent per annum.",,[],,data\raw_texts\2010-01-26_3561.txt,ok,,extracted,True,7.0,hold,official_series,True
2010-03-25,"Mar 25, 2010, 2:00:00 AM",2010-03-25: Statement of the Monetary Policy Committee,---,https://www.resbank.co.za/en/home/publications/publication-detail-pages/statements/monetary-policy-statements/2010/3562,/content/sarb-project/en/home/publications/publication-detail-pages/statements/monetary-policy-statements/2010/3562,Statements > Monetary Policy Statements,html,,26327,,,cut,50,6.5,"The MPC has therefore decided to reduce the repurchase rate by 50 basis points to 6,5 per cent per annum with effect from 26 March 2010.",,[],,data\raw_texts\2010-03-25_3562.txt,ok,,extracted,True,6.5,cut,official_series,True
2010-05-13,"May 13, 2010, 2:00:00 AM",2010-05-13: Statement of the Monetary Policy Committee,---,https://www.resbank.co.za/en/home/publications/publication-detail-pages/statements/monetary-policy-statements/2010/3563,/content/sarb-project/en/home/publications/publication-detail-pages/statements/monetary-policy-statements/2010/3563,Statements > Monetary Policy Statements,html,,23365,,,hold,0,6.5,"Accordingly the repurchase rate remains unchanged at 6,5 per cent per annum.",,[],,data\raw_texts\2010-05-13_3563.txt,ok,,extracted,True,6.5,hold,official_series,True
2010-07-22,"Jul 22, 2010, 2:00:00 AM",2010-07-22: Statement of the Monetary Policy Committee,---,https://www.resbank.co.za/en/home/publications/publication-detail-pages/statements/monetary-policy-statements/2010/3564,/content/sarb-project/en/home/publications/publication-detail-pages/statements/monetary-policy-statements/2010/3564,Statements > Monetary Policy Statements,html,,26845,,,hold,0,6.5,"Therefore, the MPC decided to keep the repurchase rate unchanged at 6,5 per cent per annum.",,[],,data\raw_texts\2010-07-22_3564.txt,ok,,extracted,True,6.5,hold,official_series,True
2010-09-09,"Sep 9, 2010, 2:00:00 AM",2010-09-09: Statement of the Monetary Policy Committee,---,https://www.resbank.co.za/en/home/publications/publication-detail-pages/statements/monetary-policy-statements/2010/3565,/content/sarb-project/en/home/publications/publication-detail-pages/statements/monetary-policy-statements/2010/3565,Statements > Monetary Policy Statements,html,,26821,,,cut,50,6.0,"The MPC has decided to reduce the repurchase rate by 50 basis points to 6,0 per cent per annum with effect from 10 September 2010.",,[],,data\raw_texts\2010-09-09_3565.txt,ok,,extracted,True,6.0,cut,official_series,True
2010-11-18,"Nov 11, 2010, 2:00:00 AM",2010-11-18: Statement of the Monetary Policy Committee,---,https://www.resbank.co.za/en/home/publications/publication-detail-pages/statements/monetary-policy-statements/2010/3566,/content/sarb-project/en/home/publications/publication-detail-pages/statements/monetary-policy-statements/2010/3566,Statements > Monetary Policy Statements,html,,30097,,,cut,50,5.5,"The MPC has accordingly decided to reduce the repurchase rate by 50 basis points to 5,5 per cent per annum with effect from 19 November 2010.",,[],,data\raw_texts\2010-11-18_3566.txt,ok,,extracted,True,5.5,cut,official_series,True
2011-01-20,"Jan 20, 2011, 2:00:00 AM",2011-01-20: Statement of the Monetary Policy Committee,---,https://www.resbank.co.za/en/home/publications/publication-detail-pages/statements/monetary-policy-statements/2011/16,/content/sarb-project/en/home/publications/publication-detail-pages/statements/monetary-policy-statements/2011/16,Statements > Monetary Policy Statements,html,,30309,,,hold,0,5.5,"The MPC has therefore decided to keep the repurchase rate unchanged at 5,5 per cent per annum.",,[],,data\raw_texts\2011-01-20_16.txt,ok,,extracted,True,5.5,hold,official_series,True
2011-03-24,"Mar 24, 2011, 2:00:00 AM",2011-03-24: Statement of the Monetary Policy Committee,---,https://www.resbank.co.za/en/home/publications/publication-detail-pages/statements/monetary-policy-statements/2011/3978,/content/sarb-project/en/home/publications/publication-detail-pages/statements/monetary-policy-statements/2011/3978,Statements > Monetary Policy Statements,html,,28889,,,hold,0,5.5,"In light of the above, the MPC has decided to keep the repurchase rate unchanged at 5,5 per cent per annum for the time being.",,[],,data\raw_texts\2011-03-24_3978.txt,ok,,extracted,True,5.5,hold,official_series,True
2011-05-12,"May 12, 2011, 2:00:00 AM",2011-05-12: Statement of the Monetary Policy Committee,---,https://www.resbank.co.za/en/home/publications/publication-detail-pages/statements/monetary-policy-statements/2011/4082,/content/sarb-project/en/home/publications/publication-detail-pages/statements/monetary-policy-statements/2011/4082,Statements > Monetary Policy Statements,html,,26039,,,hold,0,5.5,"In light of the above, the MPC has decided to keep the repurchase rate unchanged at 5,5 per cent per annum, for the time being.",,[],,data\raw_texts\2011-05-12_4082.txt,ok,,extracted,True,5.5,hold,official_series,True
2011-07-21,"Jul 21, 2011, 2:00:00 AM",2011-07-21: Statement of the Monetary Policy Committee,"Issued by Gill Marcus, Governor of the South African Reserve Bank",https://www.resbank.co.za/en/home/publications/publication-detail-pages/statements/monetary-policy-statements/2011/4706,/content/sarb-project/en/home/publications/publication-detail-pages/statements/monetary-policy-statements/2011/4706,Statements > Monetary Policy Statements,html,,31001,,,hold,0,5.5,"In light of the above, the MPC has decided to keep the repurchase rate unchanged at 5,5 per cent per annum, for the time being.",,[],,data\raw_texts\2011-07-21_4706.txt,ok,,extracted,True,5.5,hold,official_series,True
2011-09-22,"Sep 22, 2011, 2:00:00 AM",2011-09-22: Statement of the Monetary Policy Committee,---,https://www.resbank.co.za/en/home/publications/publication-detail-pages/statements/monetary-policy-statements/2011/4842,/content/sarb-project/en/home/publications/publication-detail-pages/statements/monetary-policy-statements/2011/4842,Statements > Monetary Policy Statements,html,,31297,,,hold,0,5.5,"In the light of the above the MPC has decided to keep the repurchase rate unchanged at 5,5 per cent per annum, for the time being.",,[],,data\raw_texts\2011-09-22_4842.txt,ok,,extracted,True,5.5,hold,official_series,True
2011-11-10,"Nov 10, 2011, 2:00:00 AM",2011-11-10: Statement of the Monetary Policy Committee,---,https://www.resbank.co.za/en/home/publications/publication-detail-pages/statements/monetary-policy-statements/2011/4881,/content/sarb-project/en/home/publications/publication-detail-pages/statements/monetary-policy-statements/2011/4881,Statements > Monetary Policy Statements,html,,29179,,,hold,0,5.5,"Under the prevailing circumstances the MPC has decided to keep the repurchase rate unchanged at 5,5 per cent per annum.",,[],,data\raw_texts\2011-11-10_4881.txt,ok,,extracted,True,5.5,hold,official_series,True
2012-01-19,"Jan 19, 2012, 2:00:00 AM",2012-01-19: Statement of the Monetary Policy Committee,---,https://www.resbank.co.za/en/home/publications/publication-detail-pages/statements/monetary-policy-statements/2012/4930,/content/sarb-project/en/home/publications/publication-detail-pages/statements/monetary-policy-statements/2012/4930,Statements > Monetary Policy Statements,html,,31607,,,hold,0,5.5,"The Monetary Policy Committee has therefore decided to keep the repurchase rate unchanged at 5,5 per cent per annum.",,[],,data\raw_texts\2012-01-19_4930.txt,ok,,extracted,True,5.5,hold,official_series,True
2012-03-29,"Mar 29, 2012, 2:00:00 AM",2012-03-29: Statement of the Monetary Policy Committee,---,https://www.resbank.co.za/en/home/publications/publication-detail-pages/statements/monetary-policy-statements/2012/5005,/content/sarb-project/en/home/publications/publication-detail-pages/statements/monetary-policy-statements/2012/5005,Statements > Monetary Policy Statements,html,,34763,,,hold,0,5.5,"The Monetary Policy Committee has therefore decided to keep the repurchase rate unchanged at 5,5 per cent per annum.",,[],,data\raw_texts\2012-03-29_5005.txt,ok,,extracted,True,5.5,hold,official_series,True
2012-05-24,"May 24, 2012, 2:00:00 AM",2012-05-24: Statement of the Monetary Policy Committee,---,https://www.resbank.co.za/en/home/publications/publication-detail-pages/statements/monetary-policy-statements/2012/5040,/content/sarb-project/en/home/publications/publication-detail-pages/statements/monetary-policy-statements/2012/5040,Statements > Monetary Policy Statements,html,,30565,,,hold,0,5.5,"The MPC has therefore decided to keep the repurchase rate unchanged at 5,5 per cent per annum.",,[],,data\raw_texts\2012-05-24_5040.txt,ok,,extracted,True,5.5,hold,official_series,True
2012-07-19,"Jul 19, 2012, 2:00:00 AM",Statement of the Monetary Policy Committee,---,https://www.resbank.co.za/en/home/publications/publication-detail-pages/statements/monetary-policy-statements/2012/5092,/content/sarb-project/en/home/publications/publication-detail-pages/statements/monetary-policy-statements/2012/5092,Statements > Monetary Policy Statements,html,,32759,,,cut,50,5.0,"The MPC has therefore decided to reduce the repurchase rate by 50 basis points to 5,0 per cent from Friday 20 July 2012.",,[],,data\raw_texts\2012-07-19_5092.txt,ok,,extracted,True,5.0,cut,official_series,True
2012-09-20,"Sep 20, 2012, 2:00:00 AM",STATEMENT OF THE MONETARY POLICY COMMITTEE,---,https://www.resbank.co.za/en/home/publications/publication-detail-pages/statements/monetary-policy-statements/2012/5141,/content/sarb-project/en/home/publications/publication-detail-pages/statements/monetary-policy-statements/2012/5141,Statements > Monetary Policy Statements,html,,37603,,,hold,0,5.0,"The MPC has therefore decided to keep the repurchase rate unchanged at 5,0 per cent per annum.",,[],,data\raw_texts\2012-09-20_5141.txt,ok,,extracted,True,5.0,hold,official_series,True
2012-11-22,"Nov 22, 2012, 2:00:00 AM",Statement of the Monetary Policy Committee,---,https://www.resbank.co.za/en/home/publications/publication-detail-pages/statements/monetary-policy-statements/2012/5301,/content/sarb-project/en/home/publications/publication-detail-pages/statements/monetary-policy-statements/2012/5301,Statements > Monetary Policy Statements,html,,39287,,,hold,0,5.0,"In the light of these factors, the MPC is of the view that the current accommodative stance remains appropriate and has therefore decided to keep the repurchase rate unchanged at 5,0 per cent per annum.",,[],,data\raw_texts\2012-11-22_5301.txt,ok,,extracted,True,5.0,hold,official_series,True
2013-01-24,"Jan 24, 2013, 2:00:00 AM",Statement of the Monetary Policy Committee,---,https://www.resbank.co.za/en/home/publications/publication-detail-pages/statements/monetary-policy-statements/2013/5478,/content/sarb-project/en/home/publications/publication-detail-pages/statements/monetary-policy-statements/2013/5478,Statements > Monetary Policy Statements,html,,36033,,,hold,0,5.0,"The MPC has therefore decided to keep the repurchase rate unchanged at 5,0 per cent per annum.",,[],,data\raw_texts\2013-01-24_5478.txt,ok,,extracted,True,5.0,hold,official_series,True
2013-03-20,"Mar 20, 2013, 2:00:00 AM",Statement of the Monetary Policy Committee,​…,https://www.resbank.co.za/en/home/publications/publication-detail-pages/statements/monetary-policy-statements/2013/5629,/content/sarb-project/en/home/publications/publication-detail-pages/statements/monetary-policy-statements/2013/5629,Statements > Monetary Policy Statements,pdf,https://www.resbank.co.za/content/dam/sarb/publications/statements/monetary-policy-statements/2013/5629/MPC-Statement-March-2013-final.pdf,18530,,,hold,0,5.0,"The MPC has therefore decided to keep the repurchase rate unchanged at 5,0 per cent per annum.",,[],,data\raw_texts\2013-03-20_5629.txt,ok,,extracted,True,5.0,hold,official_series,True
2013-05-23,"May 23, 2013, 2:00:00 AM",Statement of the Monetary Policy Committee,---,https://www.resbank.co.za/en/home/publications/publication-detail-pages/statements/monetary-policy-statements/2013/5726,/content/sarb-project/en/home/publications/publication-detail-pages/statements/monetary-policy-statements/2013/5726,Statements > Monetary Policy Statements,html,,35265,,,hold,0,5.0,The MPC has therefore decided to leave the repurchase rate unchanged at 5 per cent per annum.,,[],,data\raw_texts\2013-05-23_5726.txt,ok,,extracted,True,5.0,hold,official_series,True
2013-07-18,"Jul 18, 2013, 2:00:00 AM",Statement of the Monetary Policy Committee,​…,https://www.resbank.co.za/en/home/publications/publication-detail-pages/statements/monetary-policy-statements/2013/5825,/content/sarb-project/en/home/publications/publication-detail-pages/statements/monetary-policy-statements/2013/5825,Statements > Monetary Policy Statements,pdf,https://www.resbank.co.za/content/dam/sarb/publications/statements/monetary-policy-statements/2013/5825/MPC-Statement-July--2013-Final.pdf,18933,,,hold,0,5.0,"The MPC has decided to keep the repurchase rate unchanged at 5,0 per cent per annum.",,[],,data\raw_texts\2013-07-18_5825.txt,ok,,extracted,True,5.0,hold,official_series,True
2013-09-19,"Sep 19, 2013, 2:00:00 AM",Statement of the Monetary Policy Committee,​…,https://www.resbank.co.za/en/home/publications/publication-detail-pages/statements/monetary-policy-statements/2013/5910,/content/sarb-project/en/home/publications/publication-detail-pages/statements/monetary-policy-statements/2013/5910,Statements > Monetary Policy Statements,pdf,https://www.resbank.co.za/content/dam/sarb/publications/statements/monetary-policy-statements/2013/5910/MPC-Statement-September--2013-Final.pdf,19389,,,hold,0,5.0,"At this stage, however, given the global uncertainties and downside growth risks, the MPC has decided to keep the repurchase rate unchanged at 5,0 per cent per annum.",,[],,data\raw_texts\2013-09-19_5910.txt,ok,,extracted,True,5.0,hold,official_series,True
2013-11-21,"Nov 21, 2013, 2:00:00 AM",Statement of the Monetary Policy Committee,​…,https://www.resbank.co.za/en/home/publications/publication-detail-pages/statements/monetary-policy-statements/2013/5990,/content/sarb-project/en/home/publications/publication-detail-pages/statements/monetary-policy-statements/2013/5990,Statements > Monetary Policy Statements,pdf,https://www.resbank.co.za/content/dam/sarb/publications/statements/monetary-policy-statements/2013/5990/MPC-Statement-November--2013.pdf,18155,,,hold,0,5.0,"The MPC has decided to keep the repurchase rate unchanged at 5,0 per cent per annum at this stage.",,[],,data\raw_texts\2013-11-21_5990.txt,ok,,extracted,True,5.0,hold,official_series,True
2014-01-29,"Jan 29, 2014, 2:00:00 AM",Statement of the Monetary Policy Committee ,​…,https://www.resbank.co.za/en/home/publications/publication-detail-pages/statements/monetary-policy-statements/2014/6075,/content/sarb-project/en/home/publications/publication-detail-pages/statements/monetary-policy-statements/2014/6075,Statements > Monetary Policy Statements,pdf,https://www.resbank.co.za/content/dam/sarb/publications/statements/monetary-policy-statements/2014/6075/MPC-Statement-January-2014-f.pdf,19430,,,hike,50,5.5,"In the light of these circumstances and taking account of policy trade-offs, the MPC has decided to increase the repurchase rate by 50 basis points to 5,5 per cent per annum as of 30 January 2014.",,[],,data\raw_texts\2014-01-29_6075.txt,ok,,extracted,True,5.5,hike,official_series,True
2014-03-27,"Mar 27, 2014, 2:00:00 AM",Statement of the Monetary Policy Committee,​…,https://www.resbank.co.za/en/home/publications/publication-detail-pages/statements/monetary-policy-statements/2014/6166,/content/sarb-project/en/home/publications/publication-detail-pages/statements/monetary-policy-statements/2014/6166,Statements > Monetary Policy Statements,pdf,https://www.resbank.co.za/content/dam/sarb/publications/statements/monetary-policy-statements/2014/6166/MPC-Statment-March-2014.pdf,20314,,,hold,0,5.5,"At this meeting the MPC has decided to keep the repurchase rate unchanged at 5,5 per cent per annum.",,[],,data\raw_texts\2014-03-27_6166.txt,ok,,extracted,True,5.5,hold,official_series,True
2014-05-22,"May 22, 2014, 2:00:00 AM",Statement of the Monetary Policy Committee,​…,https://www.resbank.co.za/en/home/publications/publication-detail-pages/statements/monetary-policy-statements/2014/6238,/content/sarb-project/en/home/publications/publication-detail-pages/statements/monetary-policy-statements/2014/6238,Statements > Monetary Policy Statements,pdf,https://www.resbank.co.za/content/dam/sarb/publications/statements/monetary-policy-statements/2014/6238/MPC-Statement-22-May-2014.pdf,18393,,,hold,0,5.5,"Accordingly, the committee decided to keep the repurchase rate unchanged at 5,5 per cent per annum at this stage.",,[],,data\raw_texts\2014-05-22_6238.txt,ok,,extracted,True,5.5,hold,official_series,True
2014-07-17,"Jul 17, 2014, 2:00:00 AM",Statement of the Monetary Policy Committee,​…,https://www.resbank.co.za/en/home/publications/publication-detail-pages/statements/monetary-policy-statements/2014/6337,/content/sarb-project/en/home/publications/publication-detail-pages/statements/monetary-policy-statements/2014/6337,Statements > Monetary Policy Statements,pdf,https://www.resbank.co.za/content/dam/sarb/publications/statements/monetary-policy-statements/2014/6337/MPC-Statement-July-2014-final.pdf,21128,,,hike,25,5.75,"14 The MPC has decided to continue on its gradual normalisation path and raise the repurchase rate by 25 basis points to 5,75 per cent per annum, effective from Friday 18 July.",,[],,data\raw_texts\2014-07-17_6337.txt,ok,,extracted,True,5.75,hike,official_series,True
2014-09-18,"Sep 18, 2014, 2:00:00 AM",Statement of the Monetary Policy Committee,​…,https://www.resbank.co.za/en/home/publications/publication-detail-pages/statements/monetary-policy-statements/2014/6421,/content/sarb-project/en/home/publications/publication-detail-pages/statements/monetary-policy-statements/2014/6421,Statements > Monetary Policy Statements,pdf,https://www.resbank.co.za/content/dam/sarb/publications/statements/monetary-policy-statements/2014/6421/MPC-Statement-18-September-2014-Final.pdf,20903,,,hold,0,5.75,"However, given the slightly improved inflation outlook notwithstanding the upside risks, the stable inflation expectations and the downside risks to the weak growth outlook, the MPC has decided that the repurchase rate will remain unchanged at 5,75 per cent per annum.",,[],,data\raw_texts\2014-09-18_6421.txt,ok,,extracted,True,5.75,hold,official_series,True
2014-11-20,"Nov 20, 2014, 2:00:00 AM",Statement of the Monetary Policy Committee,​…,https://www.resbank.co.za/en/home/publications/publication-detail-pages/statements/monetary-policy-statements/2014/6501,/content/sarb-project/en/home/publications/publication-detail-pages/statements/monetary-policy-statements/2014/6501,Statements > Monetary Policy Statements,pdf,https://www.resbank.co.za/content/dam/sarb/publications/statements/monetary-policy-statements/2014/6501/MPC-Statement-November-20-Final.pdf,18924,,,hold,0,5.75,"However, given the lower trajectory of headline inflation and the continued weak state of the economy, the MPC has unanimously decided to keep the repurchase rate unchanged at 5,75 per cent per annum at this stage.",True,[],"However, given the lower trajectory of headline inflation and the continued weak state of the economy, the MPC has unanimously decided to keep the repurchase rate unchanged at 5,75 per cent per annum at this stage.",data\raw_texts\2014-11-20_6501.txt,ok,,extracted,True,5.75,hold,official_series,True
2015-01-29,"Jan 29, 2015, 2:00:00 AM",Statement of the Monetary Policy Committee,​…,https://www.resbank.co.za/en/home/publications/publication-detail-pages/statements/monetary-policy-statements/2015/6591,/content/sarb-project/en/home/publications/publication-detail-pages/statements/monetary-policy-statements/2015/6591,Statements > Monetary Policy Statements,pdf,https://www.resbank.co.za/content/dam/sarb/publications/statements/monetary-policy-statements/2015/6591/MPC-statement-January--2015-final.pdf,19015,,,hold,0,5.75,"The MPC has therefore unanimously decided to keep the repurchase rate unchanged at 5,75 per cent per annum.",True,[],"The MPC has therefore unanimously decided to keep the repurchase rate unchanged at 5,75 per cent per annum.",data\raw_texts\2015-01-29_6591.txt,ok,,extracted,True,5.75,hold,official_series,True
2015-03-26,"Mar 26, 2015, 2:00:00 AM",Statement of the Monetary Policy Committee,​…,https://www.resbank.co.za/en/home/publications/publication-detail-pages/statements/monetary-policy-statements/2015/6662,/content/sarb-project/en/home/publications/publication-detail-pages/statements/monetary-policy-statements/2015/6662,Statements > Monetary Policy Statements,pdf,https://www.resbank.co.za/content/dam/sarb/publications/statements/monetary-policy-statements/2015/6662/MPC-statement-March-2015.pdf,18014,,,hold,0,5.75,"However, given the uncertainties related to US policy normalisation and the weak state of the domestic economy, the MPC has unanimously decided to keep the repurchase rate unchanged for now.",True,[],"However, given the uncertainties related to US policy normalisation and the weak state of the domestic economy, the MPC has unanimously decided to keep the repurchase rate unchanged for now.",data\raw_texts\2015-03-26_6662.txt,ok,,extracted,True,5.75,hold,official_series,True
2015-05-21,"May 21, 2015, 2:00:00 AM",Statement of the Monetary Policy Committee,​…,https://www.resbank.co.za/en/home/publications/publication-detail-pages/statements/monetary-policy-statements/2015/6729,/content/sarb-project/en/home/publications/publication-detail-pages/statements/monetary-policy-statements/2015/6729,Statements > Monetary Policy Statements,pdf,https://www.resbank.co.za/content/dam/sarb/publications/statements/monetary-policy-statements/2015/6729/MPC-statement-May-2015.pdf,17743,,,hold,0,5.75,The MPC has decided to keep the repurchase rate unchanged at this meeting.,,[],,data\raw_texts\2015-05-21_6729.txt,ok,,extracted,True,5.75,hold,official_series,True
2015-07-23,"Jul 23, 2015, 2:00:00 AM",Statement of the Monetary Policy Committee,​…,https://www.resbank.co.za/en/home/publications/publication-detail-pages/statements/monetary-policy-statements/2015/6817,/content/sarb-project/en/home/publications/publication-detail-pages/statements/monetary-policy-statements/2015/6817,Statements > Monetary Policy Statements,pdf,https://www.resbank.co.za/content/dam/sarb/publications/statements/monetary-policy-statements/2015/6817/MPC-statement-July-2015.pdf,17890,,,hike,,,"Accordingly, the repurchase rate will increase by 25 basis points to 6,0 per cent per annum with effect from Friday 24 July 2015.",False,"[{""count"": 2, ""position"": ""an unchanged stance""}]","Four members 10 favoured a 25 basis point increase, while two members favoured an unchanged stance.",data\raw_texts\2015-07-23_6817.txt,ok,,,True,6.0,hike,official_series,True
2015-09-23,"Sep 23, 2015, 2:00:00 AM",Statement of the Monetary Policy Committee,​…,https://www.resbank.co.za/en/home/publications/publication-detail-pages/statements/monetary-policy-statements/2015/6898,/content/sarb-project/en/home/publications/publication-detail-pages/statements/monetary-policy-statements/2015/6898,Statements > Monetary Policy Statements,pdf,https://www.resbank.co.za/content/dam/sarb/publications/statements/monetary-policy-statements/2015/6898/MPC-Statement-23-September-2015-.pdf,16559,,,hold,0,5.75,"The MPC has unanimously decided to keep the repurchase rate unchanged for now at 6,0 per cent per annum.",True,[],"The MPC has unanimously decided to keep the repurchase rate unchanged for now at 6,0 per cent per annum.",data\raw_texts\2015-09-23_6898.txt,ok,,extracted,True,6.0,hold,official_series,True
2015-11-19,"Nov 19, 2015, 2:00:00 AM",Statement of the Monetary Policy Committee,​…,https://www.resbank.co.za/en/home/publications/publication-detail-pages/statements/monetary-policy-statements/2015/6971,/content/sarb-project/en/home/publications/publication-detail-pages/statements/monetary-policy-statements/2015/6971,Statements > Monetary Policy Statements,pdf,https://www.resbank.co.za/content/dam/sarb/publications/statements/monetary-policy-statements/2015/6971/MPC-Statement-19-November-2015.pdf,16188,,,hike,25,6.25,"Against this difficult backdrop, the MPC decided to increase the repurchase rate by 25 basis points to 6,25 per cent per annum effective from 20 November 2015.",False,"[{""count"": 4, ""position"": ""an increase, while two members favoured an unchanged stance""}]","Four members preferred an increase, while two members favoured an unchanged stance.",data\raw_texts\2015-11-19_6971.txt,ok,,extracted,True,6.25,hike,official_series,True
2016-01-28,"Jan 28, 2016, 2:00:00 AM",Statement of the Monetary Policy Committee,​…,https://www.resbank.co.za/en/home/publications/publication-detail-pages/statements/monetary-policy-statements/2016/7063,/content/sarb-project/en/home/publications/publication-detail-pages/statements/monetary-policy-statements/2016/7063,Statements > Monetary Policy Statements,pdf,https://www.resbank.co.za/content/dam/sarb/publications/statements/monetary-policy-statements/2016/7063/MPC-Statement-28-January-2016.pdf,16869,,,hike,50,6.75,"Given the deterioration in the inflation outlook, the MPC decided to increase the repurchase rate by 50 basis points to 6,75 per cent per annum, effective from 29 January 2016.",False,"[{""count"": 3, ""position"": ""a 50 basis point increase, two members preferred a 25 basis point increase, while one member preferred no change""}]","Three members supported a 50 basis point increase, two members preferred a 25 basis point increase, while one member preferred no change.",data\raw_texts\2016-01-28_7063.txt,ok,,extracted,True,6.75,hike,official_series,True
2016-03-17,"Mar 17, 2016, 2:00:00 AM",Statement of the Monetary Policy Committee,​…,https://www.resbank.co.za/en/home/publications/publication-detail-pages/statements/monetary-policy-statements/2016/7223,/content/sarb-project/en/home/publications/publication-detail-pages/statements/monetary-policy-statements/2016/7223,Statements > Monetary Policy Statements,pdf,https://www.resbank.co.za/content/dam/sarb/publications/statements/monetary-policy-statements/2016/7223/MPC-Statement-17-March-2016-.pdf,16145,,,hike,25,7.0,"Accordingly, the MPC decided to increase the repurchase rate by 25 basis points to 7,00 per cent per annum, effective from 18 March 2016.",False,"[{""count"": 3, ""position"": ""a 25 basis point increase while three members preferred no change""}]",Three members favoured a 25 basis point increase while three members preferred no change.,data\raw_texts\2016-03-17_7223.txt,ok,,extracted,True,7.0,hike,official_series,True
2016-05-19,"May 19, 2016, 2:00:00 AM",Statement of the Monetary Policy Committee,​…,https://www.resbank.co.za/en/home/publications/publication-detail-pages/statements/monetary-policy-statements/2016/7300,/content/sarb-project/en/home/publications/publication-detail-pages/statements/monetary-policy-statements/2016/7300,Statements > Monetary Policy Statements,pdf,https://www.resbank.co.za/content/dam/sarb/publications/statements/monetary-policy-statements/2016/7300/MPC-Statement-19-May-2016.pdf,16150,,,hold,0,7.0,"The MPC felt that there is some room to pause in this tightening cycle and accordingly decided to keep the repurchase rate unchanged for now at 7,0 per cent per annum.",False,"[{""count"": 5, ""position"": ""no change, while one member preferred a 25 basis point increase""}]","Five members preferred no change, while one member preferred a 25 basis point increase.",data\raw_texts\2016-05-19_7300.txt,ok,,extracted,True,7.0,hold,official_series,True
2016-07-21,"Jul 21, 2016, 2:00:00 AM",Statement of the Monetary Policy Committee,​…,https://www.resbank.co.za/en/home/publications/publication-detail-pages/statements/monetary-policy-statements/2016/7396,/content/sarb-project/en/home/publications/publication-detail-pages/statements/monetary-policy-statements/2016/7396,Statements > Monetary Policy Statements,pdf,https://www.resbank.co.za/content/dam/sarb/publications/statements/monetary-policy-statements/2016/7396/MPC-Statement-July-2016.pdf,15850,,,hold,0,7.0,"Accordingly the MPC has unanimously decided to keep the repurchase rate unchanged at 7,0 per cent per annum.",True,[],"Accordingly the MPC has unanimously decided to keep the repurchase rate unchanged at 7,0 per cent per annum.",data\raw_texts\2016-07-21_7396.txt,ok,,extracted,True,7.0,hold,official_series,True
2016-09-22,"Sep 22, 2016, 2:00:00 AM",Statement of the Monetary Policy Committee,​…,https://www.resbank.co.za/en/home/publications/publication-detail-pages/statements/monetary-policy-statements/2016/7489,/content/sarb-project/en/home/publications/publication-detail-pages/statements/monetary-policy-statements/2016/7489,Statements > Monetary Policy Statements,pdf,https://www.resbank.co.za/content/dam/sarb/publications/statements/monetary-policy-statements/2016/7489/MPC-Statement-September-2016.pdf,16400,,,hold,0,7.0,"Given improvements in the inflation forecast, the weak domestic economic outlook and the assessment of the balance of risks, the MPC has unanimously decided to keep the repurchase rate unchanged at 7,0 per cent per annum.",True,[],"Given improvements in the inflation forecast, the weak domestic economic outlook and the assessment of the balance of risks, the MPC has unanimously decided to keep the repurchase rate unchanged at 7,0 per cent per annum.",data\raw_texts\2016-09-22_7489.txt,ok,,extracted,True,7.0,hold,official_series,True
2016-11-24,"Nov 24, 2016, 2:00:00 AM",Statement of the Monetary Policy Committee,​…,https://www.resbank.co.za/en/home/publications/publication-detail-pages/statements/monetary-policy-statements/2016/7568,/content/sarb-project/en/home/publications/publication-detail-pages/statements/monetary-policy-statements/2016/7568,Statements > Monetary Policy Statements,pdf,https://www.resbank.co.za/content/dam/sarb/publications/statements/monetary-policy-statements/2016/7568/Statement-of-the-Monetary-Policy-Committee.pdf,15300,,,hold,0,7.0,"The MPC has accordingly decided to keep the repurchase rate unchanged at 7,0 per cent per annum.",True,[],The decision was unanimous.,data\raw_texts\2016-11-24_7568.txt,ok,,extracted,True,7.0,hold,official_series,True
2017-01-24,"Jan 24, 2017, 2:00:00 AM",Statement of the Monetary Policy Committee,​…,https://www.resbank.co.za/en/home/publications/publication-detail-pages/statements/monetary-policy-statements/2017/7644,/content/sarb-project/en/home/publications/publication-detail-pages/statements/monetary-policy-statements/2017/7644,Statements > Monetary Policy Statements,pdf,https://www.resbank.co.za/content/dam/sarb/publications/statements/monetary-policy-statements/2017/7644/Statement-of-the-Monetary-Policy-Committee---24-January-2017.pdf,16638,,,hold,0,7.0,"In light of these developments and the assessment of the balance of risks, the MPC has unanimously decided to keep the repurchase rate unchanged at 7,0 per cent per annum.",True,[],"In light of these developments and the assessment of the balance of risks, the MPC has unanimously decided to keep the repurchase rate unchanged at 7,0 per cent per annum.",data\raw_texts\2017-01-24_7644.txt,ok,,extracted,True,7.0,hold,official_series,True
2017-03-30,"Mar 30, 2017, 2:00:00 AM",Statement of the Monetary Policy Committee,​…,https://www.resbank.co.za/en/home/publications/publication-detail-pages/statements/monetary-policy-statements/2017/7741,/content/sarb-project/en/home/publications/publication-detail-pages/statements/monetary-policy-statements/2017/7741,Statements > Monetary Policy Statements,pdf,https://www.resbank.co.za/content/dam/sarb/publications/statements/monetary-policy-statements/2017/7741/Statement-of-the-Monetary-Policy-Committee---30-March-2017.pdf,15315,,,hold,0,7.0,In light of these developments the MPC has decided to keep the repurchase rate unchanged at 7.0% per annum.,False,"[{""count"": 5, ""position"": ""an unchanged stance and one member preferred a 25 basis point reduction""}]",Five members preferred an unchanged stance and one member preferred a 25 basis point reduction.,data\raw_texts\2017-03-30_7741.txt,ok,,extracted,True,7.0,hold,official_series,True
2017-05-25,"May 25, 2017, 2:00:00 AM",Statement of the Monetary Policy Committee,​…,https://www.resbank.co.za/en/home/publications/publication-detail-pages/statements/monetary-policy-statements/2017/7812,/content/sarb-project/en/home/publications/publication-detail-pages/statements/monetary-policy-statements/2017/7812,Statements > Monetary Policy Statements,pdf,https://www.resbank.co.za/content/dam/sarb/publications/statements/monetary-policy-statements/2017/7812/Statement-of-the-Monetary-Policy-Committee---25-May-2017.pdf,14321,,,hold,0,7.0,In light of these developments the MPC has decided to keep the repurchase rate unchanged at 7.0% per annum.,False,"[{""count"": 5, ""position"": ""an unchanged stance while one member preferred a 25 basis point reduction""}]",Five members preferred an unchanged stance while one member preferred a 25 basis point reduction.,data\raw_texts\2017-05-25_7812.txt,ok,,extracted,True,7.0,hold,official_series,True
2017-07-20,"Jul 20, 2017, 2:00:00 AM",Statement of the Monetary Policy Committee,​…,https://www.resbank.co.za/en/home/publications/publication-detail-pages/statements/monetary-policy-statements/2017/7899,/content/sarb-project/en/home/publications/publication-detail-pages/statements/monetary-policy-statements/2017/7899,Statements > Monetary Policy Statements,pdf,https://www.resbank.co.za/content/dam/sarb/publications/statements/monetary-policy-statements/2017/7899/MPC-Statement-20-July-2017-.pdf,15532,,,cut,,,"MPC Statement July 20th, 2017 Page 8 Given the improved inflation outlook and the deteriorated growth outlook, the MPC has decided to reduce the repurchase rate by 25 basis points with effect from 21 July 2017, to 6.75% per annum.",False,"[{""count"": 4, ""position"": ""a reduction, while two members preferred an unchanged stance""}]","Four members preferred a reduction, while two members preferred an unchanged stance.",data\raw_texts\2017-07-20_7899.txt,ok,,,True,6.75,cut,official_series,True
2017-09-21,"Sep 21, 2017, 2:00:00 AM",Statement of the Monetary Policy Committee,​…,https://www.resbank.co.za/en/home/publications/publication-detail-pages/statements/monetary-policy-statements/2017/7995,/content/sarb-project/en/home/publications/publication-detail-pages/statements/monetary-policy-statements/2017/7995,Statements > Monetary Policy Statements,pdf,https://www.resbank.co.za/content/dam/sarb/publications/statements/monetary-policy-statements/2017/7995/Statement-of-the-Monetary-Policy.pdf,15105,,,hold,0,6.75,"In light of these developments and the deteriorating assessment of the balance of the risks, the MPC has decided to keep the repurchase rate unchanged at 6.75% per annum.",False,"[{""count"": 3, ""position"": ""an unchanged stance and three members preferred a 25 basis point reduction""}]",Three members preferred an unchanged stance and three members preferred a 25 basis point reduction.,data\raw_texts\2017-09-21_7995.txt,ok,,extracted,True,6.75,hold,official_series,True
2017-11-23,"Nov 23, 2017, 2:00:00 AM",Statement of the Monetary Policy Committee,​…,https://www.resbank.co.za/en/home/publications/publication-detail-pages/statements/monetary-policy-statements/2017/8095,/content/sarb-project/en/home/publications/publication-detail-pages/statements/monetary-policy-statements/2017/8095,Statements > Monetary Policy Statements,pdf,https://www.resbank.co.za/content/dam/sarb/publications/statements/monetary-policy-statements/2017/8095/MPC-Statement-November-2017.pdf,16336,,,hold,0,6.75,"Accordingly, the repurchase rate remains unchanged at 6.75% per annum.",,[],,data\raw_texts\2017-11-23_8095.txt,ok,,extracted,True,6.75,hold,official_series,True
2018-01-18,"Jan 18, 2018, 2:00:00 AM",Statement of the Monetary Policy Committee,​…,https://www.resbank.co.za/en/home/publications/publication-detail-pages/statements/monetary-policy-statements/2018/8213,/content/sarb-project/en/home/publications/publication-detail-pages/statements/monetary-policy-statements/2018/8213,Statements > Monetary Policy Statements,pdf,https://www.resbank.co.za/content/dam/sarb/publications/statements/monetary-policy-statements/2018/8213/MPC-Statement-January-2018.pdf,16637,,,hold,0,6.75,"Accordingly, the repurchase rate remains unchanged at 6.75% per annum.",False,"[{""count"": 5, ""position"": ""an unchanged stance, while one member preferred a 25 basis point reduction""}]","Five members preferred an unchanged stance, while one member preferred a 25 basis point reduction.",data\raw_texts\2018-01-18_8213.txt,ok,,extracted,True,6.75,hold,official_series,True
2018-03-28,"Mar 28, 2018, 2:00:00 AM",Statement of the Monetary Policy Committee,​…,https://www.resbank.co.za/en/home/publications/publication-detail-pages/statements/monetary-policy-statements/2018/8367,/content/sarb-project/en/home/publications/publication-detail-pages/statements/monetary-policy-statements/2018/8367,Statements > Monetary Policy Statements,pdf,https://www.resbank.co.za/content/dam/sarb/publications/statements/monetary-policy-statements/2018/8367/Monetary-Policy-Committee-Statement-March-2018-.pdf,13493,,,cut,25,6.5,"Accordingly, the MPC has decided to reduce the repurchase rate by 25 basis points to 6.5% with effect from 29 March 2018.",False,"[{""count"": 4, ""position"": ""a reduction while three members preferred an unchanged stance""}]",Four members preferred a reduction while three members preferred an unchanged stance.,data\raw_texts\2018-03-28_8367.txt,ok,,extracted,True,6.5,cut,official_series,True
2018-05-24,"May 24, 2018, 2:00:00 AM",Statement of the Monetary Policy Committee,​…,https://www.resbank.co.za/en/home/publications/publication-detail-pages/statements/monetary-policy-statements/2018/8466,/content/sarb-project/en/home/publications/publication-detail-pages/statements/monetary-policy-statements/2018/8466,Statements > Monetary Policy Statements,pdf,https://www.resbank.co.za/content/dam/sarb/publications/statements/monetary-policy-statements/2018/8466/MPC-Statement-May-2018.pdf,13638,,,hold,0,6.5,"In light of the change in the balance of risks to the inflation outlook, the MPC unanimously decided to keep the repurchase rate unchanged at 6.5% per annum.",True,[],"In light of the change in the balance of risks to the inflation outlook, the MPC unanimously decided to keep the repurchase rate unchanged at 6.5% per annum.",data\raw_texts\2018-05-24_8466.txt,ok,,extracted,True,6.5,hold,official_series,True
2018-07-19,"Jul 19, 2018, 2:00:00 AM",Statement of the Monetary Policy Committee,​…,https://www.resbank.co.za/en/home/publications/publication-detail-pages/statements/monetary-policy-statements/2018/8671,/content/sarb-project/en/home/publications/publication-detail-pages/statements/monetary-policy-statements/2018/8671,Statements > Monetary Policy Statements,pdf,https://www.resbank.co.za/content/dam/sarb/publications/statements/monetary-policy-statements/2018/8671/MPC-Statement_19-July-2018-.pdf,9080,,,hold,0,6.5,The MPC unanimously decided to keep the repurchase rate unchanged at 6.5% per annum.,True,[],The MPC unanimously decided to keep the repurchase rate unchanged at 6.5% per annum.,data\raw_texts\2018-07-19_8671.txt,ok,,extracted,True,6.5,hold,official_series,True
2018-09-20,"Sep 20, 2018, 2:00:00 AM",Statement of the Monetary Policy Committee,​…,https://www.resbank.co.za/en/home/publications/publication-detail-pages/statements/monetary-policy-statements/2018/8779,/content/sarb-project/en/home/publications/publication-detail-pages/statements/monetary-policy-statements/2018/8779,Statements > Monetary Policy Statements,pdf,https://www.resbank.co.za/content/dam/sarb/publications/statements/monetary-policy-statements/2018/8779/20-September-MPC-Statement.pdf,8283,,,hold,0,6.5,The MPC has decided to keep the repurchase rate unchanged at 6.5% per annum.,False,"[{""count"": 4, ""position"": ""an unchanged stance and three members preferred a 25 basis points increase""}]",Four members preferred an unchanged stance and three members preferred a 25 basis points increase.,data\raw_texts\2018-09-20_8779.txt,ok,,extracted,True,6.5,hold,official_series,True
2018-11-22,"Nov 22, 2018, 2:00:00 AM",Statement of the Monetary Policy Committee ,​…,https://www.resbank.co.za/en/home/publications/publication-detail-pages/statements/monetary-policy-statements/2018/8945,/content/sarb-project/en/home/publications/publication-detail-pages/statements/monetary-policy-statements/2018/8945,Statements > Monetary Policy Statements,pdf,https://www.resbank.co.za/content/dam/sarb/publications/statements/monetary-policy-statements/2018/8945/MPC-Statement_22-November-2018-Final.pdf,9184,,,hike,25,6.75,"Against this backdrop, the MPC has decided to increase the repurchase rate by 25 basis points to 6,75% per year, effective from 23 November 2018.",False,"[{""count"": 3, ""position"": ""an increase and three members preferred an unchanged stance""}]",Three members preferred an increase and three members preferred an unchanged stance.,data\raw_texts\2018-11-22_8945.txt,ok,,extracted,True,6.75,hike,official_series,True
2019-01-17,"Jan 17, 2019, 2:00:00 AM",Statement of the Monetary Policy Committee ,​…,https://www.resbank.co.za/en/home/publications/publication-detail-pages/statements/monetary-policy-statements/2019/9044,/content/sarb-project/en/home/publications/publication-detail-pages/statements/monetary-policy-statements/2019/9044,Statements > Monetary Policy Statements,pdf,https://www.resbank.co.za/content/dam/sarb/publications/statements/monetary-policy-statements/2019/9044/January-MPC-Statement_17-January-2019-FINAL.pdf,8663,,,hold,0,6.75,"Against this backdrop, the MPC unanimously decided to keep the repurchase rate unchanged at 6,75% per year.",True,[],"Against this backdrop, the MPC unanimously decided to keep the repurchase rate unchanged at 6,75% per year.",data\raw_texts\2019-01-17_9044.txt,ok,,extracted,True,6.75,hold,official_series,True
2019-03-28,"Mar 28, 2019, 2:00:00 AM",Statement of the Monetary Policy Committee ,​…,https://www.resbank.co.za/en/home/publications/publication-detail-pages/statements/monetary-policy-statements/2019/9165,/content/sarb-project/en/home/publications/publication-detail-pages/statements/monetary-policy-statements/2019/9165,Statements > Monetary Policy Statements,pdf,https://www.resbank.co.za/content/dam/sarb/publications/statements/monetary-policy-statements/2019/9165/March-MPC-Statement_28-March-2019.pdf,9558,,,hold,0,6.75,"MPC Statement March 28th, 2019 Page 5 Against this backdrop, the MPC unanimously decided to keep the repurchase rate unchanged at 6.75% per year.",True,[],"MPC Statement March 28th, 2019 Page 5 Against this backdrop, the MPC unanimously decided to keep the repurchase rate unchanged at 6.75% per year.",data\raw_texts\2019-03-28_9165.txt,ok,,extracted,True,6.75,hold,official_series,True
2019-05-23,"May 23, 2019, 2:00:00 AM",Statement of the Monetary Policy Committee ,​…,https://www.resbank.co.za/en/home/publications/publication-detail-pages/statements/monetary-policy-statements/2019/9263,/content/sarb-project/en/home/publications/publication-detail-pages/statements/monetary-policy-statements/2019/9263,Statements > Monetary Policy Statements,pdf,https://www.resbank.co.za/content/dam/sarb/publications/statements/monetary-policy-statements/2019/9263/MPC-Statement_23-May-2019.pdf,8503,,,hold,0,6.75,"Against this backdrop, the MPC decided to keep the repurchase rate unchanged at 6.75% per year.",False,"[{""count"": 3, ""position"": ""to keep rates on hold and two members preferred a cut of 25 basis points""}]",Three members preferred to keep rates on hold and two members preferred a cut of 25 basis points.,data\raw_texts\2019-05-23_9263.txt,ok,,extracted,True,6.75,hold,official_series,True
2019-07-18,"Jul 18, 2019, 2:00:00 AM",Statement of the Monetary Policy Committee ,​…,https://www.resbank.co.za/en/home/publications/publication-detail-pages/statements/monetary-policy-statements/2019/9387,/content/sarb-project/en/home/publications/publication-detail-pages/statements/monetary-policy-statements/2019/9387,Statements > Monetary Policy Statements,pdf,https://www.resbank.co.za/content/dam/sarb/publications/statements/monetary-policy-statements/2019/9387/MPC-Statement_18-July-2019.pdf,9353,,,cut,25,6.5,"Against this backdrop, the MPC unanimously decided to reduce the repurchase rate by 25 basis points to 6.5% per annum with effect from 19 July 2019.",True,[],"Against this backdrop, the MPC unanimously decided to reduce the repurchase rate by 25 basis points to 6.5% per annum with effect from 19 July 2019.",data\raw_texts\2019-07-18_9387.txt,ok,,extracted,True,6.5,cut,official_series,True
2019-09-19,"Sep 19, 2019, 2:00:00 AM",Statement of the Monetary Policy Committee ,​…,https://www.resbank.co.za/en/home/publications/publication-detail-pages/statements/monetary-policy-statements/2019/9502,/content/sarb-project/en/home/publications/publication-detail-pages/statements/monetary-policy-statements/2019/9502,Statements > Monetary Policy Statements,pdf,https://www.resbank.co.za/content/dam/sarb/publications/statements/monetary-policy-statements/2019/9502/September-2019-MPC-statement-.pdf,8317,,,hold,0,6.5,"Against this backdrop, the MPC unanimously decided to keep the repurchase rate unchanged at 6.5% per annum.",True,[],"Against this backdrop, the MPC unanimously decided to keep the repurchase rate unchanged at 6.5% per annum.",data\raw_texts\2019-09-19_9502.txt,ok,,extracted,True,6.5,hold,official_series,True
2019-11-21,"Nov 21, 2019, 2:00:00 AM",Statement of the Monetary Policy Committee ,​…,https://www.resbank.co.za/en/home/publications/publication-detail-pages/statements/monetary-policy-statements/2019/9594,/content/sarb-project/en/home/publications/publication-detail-pages/statements/monetary-policy-statements/2019/9594,Statements > Monetary Policy Statements,pdf,https://www.resbank.co.za/content/dam/sarb/publications/statements/monetary-policy-statements/2019/9594/November-2019-MPC-statement-FINAL.pdf,8383,,,hold,0,6.5,"Against this backdrop, the MPC decided to keep the repurchase rate unchanged at 6.5% per annum.",False,"[{""count"": 3, ""position"": ""to keep interest rates on hold and two members preferred a cut of 25 basis points""}]",Three members preferred to keep interest rates on hold and two members preferred a cut of 25 basis points.,data\raw_texts\2019-11-21_9594.txt,ok,,extracted,True,6.5,hold,official_series,True
2020-01-16,"Jan 16, 2020, 2:00:00 AM",Statement of the Monetary Policy Committee,​…,https://www.resbank.co.za/en/home/publications/publication-detail-pages/statements/monetary-policy-statements/2020/9691,/content/sarb-project/en/home/publications/publication-detail-pages/statements/monetary-policy-statements/2020/9691,Statements > Monetary Policy Statements,pdf,https://www.resbank.co.za/content/dam/sarb/publications/statements/monetary-policy-statements/2020/9691/Statement-of-the-Monetary-Policy-Committee-January-2020.pdf,8323,,,cut,,,"Against this backdrop, the MPC decided to reduce the repurchase rate by 25 basis points.",True,[],The decision was unanimous.,data\raw_texts\2020-01-16_9691.txt,ok,,,True,6.25,cut,official_series,True
2020-03-19,"Mar 19, 2020, 2:00:00 AM",Statement of the Monetary Policy Committee,​…,https://www.resbank.co.za/en/home/publications/publication-detail-pages/statements/monetary-policy-statements/2020/9790,/content/sarb-project/en/home/publications/publication-detail-pages/statements/monetary-policy-statements/2020/9790,Statements > Monetary Policy Statements,pdf,https://www.resbank.co.za/content/dam/sarb/publications/statements/monetary-policy-statements/2020/9790/March-2020-MPC-statement.pdf,8930,,,,,,,True,[],The decision was unanimous.,data\raw_texts\2020-03-19_9790.txt,ok,,,True,5.25,cut,official_series,True
2020-04-14,"Apr 14, 2020, 2:00:00 AM",Statement of the Monetary Policy Committee 14 April 2020,​…,https://www.resbank.co.za/en/home/publications/publication-detail-pages/statements/monetary-policy-statements/2020/9863,/content/sarb-project/en/home/publications/publication-detail-pages/statements/monetary-policy-statements/2020/9863,Statements > Monetary Policy Statements,pdf,https://www.resbank.co.za/content/dam/sarb/publications/statements/monetary-policy-statements/2020/9863/April-2020-MPC-statement.pdf,9210,,,,,,,True,[],The decision was unanimous.,data\raw_texts\2020-04-14_9863.txt,ok,,,True,4.25,cut,official_series,True
2020-05-21,"May 21, 2020, 2:00:00 AM",Statement of the Monetary Policy Committee,​…,https://www.resbank.co.za/en/home/publications/publication-detail-pages/statements/monetary-policy-statements/2020/9946,/content/sarb-project/en/home/publications/publication-detail-pages/statements/monetary-policy-statements/2020/9946,Statements > Monetary Policy Statements,pdf,https://www.resbank.co.za/content/dam/sarb/publications/statements/monetary-policy-statements/2020/9946/Monetary-Policy-Statement-21-May-2020.pdf,8612,,,,,,,False,"[{""count"": 3, ""position"": ""a cut of 50 basis points and two preferred a cut of 25 basis points""}]",Three members preferred a cut of 50 basis points and two preferred a cut of 25 basis points.,data\raw_texts\2020-05-21_9946.txt,ok,,,True,3.75,cut,official_series,True
2020-07-23,"Jul 23, 2020, 2:00:00 AM",Statement of the Monetary Policy Committee,​…,https://www.resbank.co.za/en/home/publications/publication-detail-pages/statements/monetary-policy-statements/2020/10114,/content/sarb-project/en/home/publications/publication-detail-pages/statements/monetary-policy-statements/2020/10114,Statements > Monetary Policy Statements,pdf,https://www.resbank.co.za/content/dam/sarb/publications/statements/monetary-policy-statements/2020/10114/MPC-statement-July-2020.pdf,8392,,,,,,,False,"[{""count"": 3, ""position"": ""a cut of 25 basis points and two preferred to keep rates on hold""}]",Three members preferred a cut of 25 basis points and two preferred to keep rates on hold.,data\raw_texts\2020-07-23_10114.txt,ok,,,True,3.5,cut,official_series,True
2020-09-17,"Sep 17, 2020, 2:00:00 AM",Statement of the Monetary Policy Committee,​...,https://www.resbank.co.za/en/home/publications/publication-detail-pages/statements/monetary-policy-statements/2020/10247,/content/sarb-project/en/home/publications/publication-detail-pages/statements/monetary-policy-statements/2020/10247,Statements > Monetary Policy Statements,pdf,https://www.resbank.co.za/content/dam/sarb/publications/statements/monetary-policy-statements/2020/10247/September-2020-MPC-statement-17-September-2020.pdf,9170,,,,,,,,[],,data\raw_texts\2020-09-17_10247.txt,ok,,,True,3.5,hold,official_series,True
2020-11-19,"Nov 19, 2020, 2:00:00 AM",Statement of the Monetary Policy Committee,.....​,https://www.resbank.co.za/en/home/publications/publication-detail-pages/statements/monetary-policy-statements/2020/10394,/content/sarb-project/en/home/publications/publication-detail-pages/statements/monetary-policy-statements/2020/10394,Statements > Monetary Policy Statements,pdf,https://www.resbank.co.za/content/dam/sarb/publications/statements/monetary-policy-statements/2020/statement-of-the-monetary-policy-committee-november-2020/Statement%20of%20the%20Monetary%20Policy%20Committee%2019%20November%202020.pdf,9580,,,,,,,,[],,data\raw_texts\2020-11-19_10394.txt,ok,,,True,3.5,hold,official_series,True
2021-01-21,"Jan 21, 2021, 5:00:19 PM",Statement of the Monetary Policy Committee,Statement of the Monetary Policy Committee January 2021,https://www.resbank.co.za/en/home/publications/publication-detail-pages/statements/monetary-policy-statements/2021/MPC-January/MPC-January-2021,/content/sarb-project/en/home/publications/publication-detail-pages/statements/monetary-policy-statements/2021/MPC-January/MPC-January-2021,Statements > Monetary Policy Statements | What's New,pdf,https://www.resbank.co.za/content/dam/sarb/publications/statements/monetary-policy-statements/2021/statement-of-the-monetary-policy-committee-january-2021/Statement%20of%20the%20Monetary%20Policy%20Committee%20January%202021.pdf,8918,,,,,,,,[],,data\raw_texts\2021-01-21_MPC-January-2021.txt,ok,,,True,3.5,hold,official_series,True
2021-03-25,"Mar 25, 2021, 3:00:00 PM",Statement of the Monetary Policy Committee March 2021,Statement of the Monetary Policy Committee March 2021,https://www.resbank.co.za/en/home/publications/publication-detail-pages/statements/monetary-policy-statements/2021/MPC-March/Statement-of-the-Monetary-Policy-Committee-March-2021,/content/sarb-project/en/home/publications/publication-detail-pages/statements/monetary-policy-statements/2021/MPC-March/Statement-of-the-Monetary-Policy-Committee-March-2021,Media > Media Releases | Statements > Monetary Policy Statements | What's New,pdf,https://www.resbank.co.za/content/dam/sarb/publications/statements/monetary-policy-statements/2021/statement-of-the-monetary-policy-committee-march-2021/Statement%20of%20the%20Monetary%20Policy%20Committee%2025%20March%202021.pdf,9594,,,,,,,True,[],The decision was unanimous.,data\raw_texts\2021-03-25_Statement-of-the-Monetary-Policy-Committee-March-2021.txt,ok,,,True,3.5,hold,official_series,True
2021-05-20,"May 20, 2021, 2:46:00 PM",Statement of the Monetary Policy Committee May 2021,Statement of the Monetary Policy Committee May 2021,https://www.resbank.co.za/en/home/publications/publication-detail-pages/statements/monetary-policy-statements/2021/MPC-May/Statement-of-the-Monetary-Policy-Committee-May-2021,/content/sarb-project/en/home/publications/publication-detail-pages/statements/monetary-policy-statements/2021/MPC-May/Statement-of-the-Monetary-Policy-Committee-May-2021,Media > Media Releases | Statements > Monetary Policy Statements | What's New,pdf,https://www.resbank.co.za/content/dam/sarb/publications/statements/monetary-policy-statements/2021/statement-of-the-monetary-policy-committee-may-2021/Statement%20of%20the%20Monetary%20Policy%20Committee%2020%20May%202021.pdf,9179,,,,,,"The policy stance and repurchase rate level remains highly accommodative, and will remain so even with steps taken to normalise interest rate levels in response to rising inflation.",True,[],The decision was unanimous.,data\raw_texts\2021-05-20_Statement-of-the-Monetary-Policy-Committee-May-2021.txt,ok,,,True,3.5,hold,official_series,True
2021-07-22,"Jul 22, 2021, 5:00:00 PM",Statement of the Monetary Policy Committee July 2021,Statement of the Monetary Policy Committee July 2021,https://www.resbank.co.za/en/home/publications/publication-detail-pages/statements/monetary-policy-statements/2021/MPC-July/Statement-of-the-Monetary-Policy-Committee-July-2021,/content/sarb-project/en/home/publications/publication-detail-pages/statements/monetary-policy-statements/2021/MPC-July/Statement-of-the-Monetary-Policy-Committee-July-2021,Media > Media Releases | Statements > Monetary Policy Statements | What's New,pdf,https://www.resbank.co.za/content/dam/sarb/publications/statements/monetary-policy-statements/2021/statement-of-the-monetary-policy-committee-july-2021/Statement%20of%20the%20Monetary%20Policy%20Committee%20July%202021.pdf,10414,,,hold,0,6.75,"These repurchase rate levels reflect a highly accommodative policy stance through the end of 2022, keeping financial conditions supportive of credit demand as the economy recovers from the pandemic and associated lockdowns.6 The Bank has ensured adequate liquidity in domestic markets and will continue to closely monitor funding markets for stress.",True,[],The decision was unanimous.,data\raw_texts\2021-07-22_Statement-of-the-Monetary-Policy-Committee-July-2021.txt,ok,,extracted,True,3.5,hold,official_series,True
2021-09-23,"Sep 23, 2021, 3:17:00 PM",Statement of the Monetary Policy Committee September 2021,Statement of the Monetary Policy Committee July 2021,https://www.resbank.co.za/en/home/publications/publication-detail-pages/statements/monetary-policy-statements/2021/MPC-September/Statement-of-the-Monetary-Policy-Committee-July-2021,/content/sarb-project/en/home/publications/publication-detail-pages/statements/monetary-policy-statements/2021/MPC-September/Statement-of-the-Monetary-Policy-Committee-July-2021,Media > Media Releases | Statements > Monetary Policy Statements | What's New,pdf,https://www.resbank.co.za/content/dam/sarb/publications/statements/monetary-policy-statements/2021/statement-of-the-monetary-policy-committee-september-2021/Statement%20of%20the%20Monetary%20Policy%20Committee%20September%202021.pdf,11132,,,hold,0,6.75,"These repurchase rate levels reflect a highly accommodative policy stance through the end of the forecast, keeping financial conditions supportive of credit demand as the economy continues to recover.8 The Bank has ensured adequate liquidity in domestic markets and will continue to closely monitor funding markets for stress.",True,[],The decision was unanimous.,data\raw_texts\2021-09-23_Statement-of-the-Monetary-Policy-Committee-July-2021.txt,ok,,extracted,True,3.5,hold,official_series,True
2021-11-18,"Nov 18, 2021, 4:04:00 PM",Statement of the Monetary Policy Committee November 2021,Statement of the Monetary Policy Committee November 2021,https://www.resbank.co.za/en/home/publications/publication-detail-pages/statements/monetary-policy-statements/2021/MPC-November/Statement-of-the-Monetary-Policy-Committee-November-2021,/content/sarb-project/en/home/publications/publication-detail-pages/statements/monetary-policy-statements/2021/MPC-November/Statement-of-the-Monetary-Policy-Committee-November-2021,Media > Media Releases | Statements > Monetary Policy Statements | What's New,pdf,https://www.resbank.co.za/content/dam/sarb/publications/statements/monetary-policy-statements/2021/statement-of-the-monetary-policy-committee-november-2021/Statement%20of%20the%20Monetary%20Policy%20Committee%20November%202021.pdf,11567,,,hike,25,3.75,"Against this backdrop, the MPC decided to increase the repurchase rate by 25 basis points to 3.75% per year, with effect from the 19th of November 2021.",False,"[{""count"": 2, ""position"": ""an unchanged stance""}]",Three members of the Committee preferred an increase and two members preferred an unchanged stance.,data\raw_texts\2021-11-18_Statement-of-the-Monetary-Policy-Committee-November-2021.txt,ok,,extracted,True,3.75,hike,official_series,True
2022-01-27,"Jan 27, 2022, 4:12:00 PM",Statement of the Monetary Policy Committee January 2022,Statement of the Monetary Policy Committee January 2022,https://www.resbank.co.za/en/home/publications/publication-detail-pages/statements/monetary-policy-statements/2022/January-2022/Statement-of-the-Monetary-Policy-Committee-January-2022,/content/sarb-project/en/home/publications/publication-detail-pages/statements/monetary-policy-statements/2022/January-2022/Statement-of-the-Monetary-Policy-Committee-January-2022,Media > Media Releases | Statements > Monetary Policy Statements | What's New,pdf,https://www.resbank.co.za/content/dam/sarb/publications/statements/monetary-policy-statements/2022/statement-of-the-monetary-policy-committee/Monetary%20Policy%20Committee%20Statement%20January%202022.pdf,12038,,,hike,25,4.0,"Against this backdrop, the MPC decided to increase the repurchase rate by 25 basis points to 4% per year, with effect from the 28th of January 2022.",False,"[{""count"": 1, ""position"": ""an unchanged stance""}]",Four members of the Committee preferred an increase and one member preferred an unchanged stance.,data\raw_texts\2022-01-27_Statement-of-the-Monetary-Policy-Committee-January-2022.txt,ok,,extracted,True,4.0,hike,official_series,True
2022-03-24,"Mar 24, 2022, 2:56:00 PM",Statement of the Monetary Policy Committee March 2022,Statement of the Monetary Policy Committee March 2022,https://www.resbank.co.za/en/home/publications/publication-detail-pages/statements/monetary-policy-statements/2022/March-2022/Statement-of-the-Monetary-Policy-Committee-March-2022,/content/sarb-project/en/home/publications/publication-detail-pages/statements/monetary-policy-statements/2022/March-2022/Statement-of-the-Monetary-Policy-Committee-March-2022,Media > Media Releases | Statements > Monetary Policy Statements | What's New,pdf,https://www.resbank.co.za/content/dam/sarb/publications/statements/monetary-policy-statements/2022/statement-of-the-monetary-policy-committee-march/Monetary%20Policy%20Committee%20Statement%20March%202022%20.pdf,12233,,,hike,25,4.25,"Against this backdrop, the MPC decided to increase the repurchase rate by 25 basis points to 4.25% per year, with effect from the 25th of March 2022.",False,"[{""count"": 2, ""position"": ""a 50 basis point rise in the repo rate""}]",Three members of the Committee preferred the announced increase and two members preferred a 50 basis point rise in the repo rate.,data\raw_texts\2022-03-24_Statement-of-the-Monetary-Policy-Committee-March-2022.txt,ok,,extracted,True,4.25,hike,official_series,True
2022-05-19,"May 19, 2022, 2:59:00 PM",Statement of the Monetary Policy Committee May 2022,Statement of the Monetary Policy Committee May 2022,https://www.resbank.co.za/en/home/publications/publication-detail-pages/statements/monetary-policy-statements/2022/May-2022/statement-of-the-monetary-policy-committee-may-2022,/content/sarb-project/en/home/publications/publication-detail-pages/statements/monetary-policy-statements/2022/May-2022/statement-of-the-monetary-policy-committee-may-2022,Statements > Monetary Policy Statements | What's New,pdf,https://www.resbank.co.za/content/dam/sarb/publications/statements/monetary-policy-statements/2022/statement-of-the-monetary-policy-committee-may-2022--/STATEMENT%20OF%20THE%20MONETARY%20POLICY%20COMMITTEE%20MAY%202022.pdf,12526,,,hike,50,4.75,"Against this backdrop, the MPC decided to increase the repurchase rate by 50 basis points to 4.75% per year, with effect from the 20 of May 2022.",False,"[{""count"": 1, ""position"": ""a 25 basis point rise in the repo rate""}]",Four members of the Committee preferred the announced increase and one member preferred a 25 basis point rise in the repo rate.,data\raw_texts\2022-05-19_statement-of-the-monetary-policy-committee-may-2022.txt,ok,,extracted,True,4.75,hike,official_series,True
2022-07-21,"Jul 21, 2022, 4:18:00 PM",Statement of the Monetary Policy Committee July 2022,Statement of the Monetary Policy Committee July 2022,https://www.resbank.co.za/en/home/publications/publication-detail-pages/statements/monetary-policy-statements/2022/Statement-of-the-Monetary-Policy-Committee-July-2022,/content/sarb-project/en/home/publications/publication-detail-pages/statements/monetary-policy-statements/2022/Statement-of-the-Monetary-Policy-Committee-July-2022,Media > Media Releases | Statements > Monetary Policy Statements | What's New,pdf,https://www.resbank.co.za/content/dam/sarb/publications/statements/monetary-policy-statements/2022/statement-of-the-monetary-policy-committee-july/Statement%20of%20the%20Monetary%20Policy%20Committee%20July%202022.pdf,12500,,,hike,75,5.5,"Against this backdrop, the MPC decided to increase the repurchase rate by 75 basis points to 5.50% per year, with effect from the 22nd of July 2022.",False,"[{""count"": 1, ""position"": ""a 100 basis points increase""}]",One member preferred a 100 basis points increase.,data\raw_texts\2022-07-21_Statement-of-the-Monetary-Policy-Committee-July-2022.txt,ok,,extracted,True,5.5,hike,official_series,True
2022-09-22,"Sep 22, 2022, 2:06:00 PM",Statement of the Monetary Policy Committee September 2022,Statement of the Monetary Policy Committee September 2022,https://www.resbank.co.za/en/home/publications/publication-detail-pages/statements/monetary-policy-statements/2022/Sept/Statement-of-the-Monetary-Policy-Committee-September-2022,/content/sarb-project/en/home/publications/publication-detail-pages/statements/monetary-policy-statements/2022/Sept/Statement-of-the-Monetary-Policy-Committee-September-2022,Media > Media Releases | Statements > Monetary Policy Statements | What's New,pdf,https://www.resbank.co.za/content/dam/sarb/publications/statements/monetary-policy-statements/2022/statement-of-the-monetary-policy-committee-sept2022/Statement%20of%20the%20Monetary%20Policy%20Committee%20September%202022.pdf,12841,,,hike,75,6.25,"MPC Statement 22 September 2022 Page 6 Against this backdrop, the MPC decided to increase the repurchase rate by 75 basis points to 6.25% per year, with effect from the 23rd of September 2022.",False,"[{""count"": 2, ""position"": ""a 100 basis points increase""}]",Two members preferred a 100 basis points increase.,data\raw_texts\2022-09-22_Statement-of-the-Monetary-Policy-Committee-September-2022.txt,ok,,extracted,True,6.25,hike,official_series,True
2022-11-24,"Nov 24, 2022, 3:22:00 PM",Statement of the Monetary Policy Committee November 2022,Statement of the Monetary Policy Committee November 2022,https://www.resbank.co.za/en/home/publications/publication-detail-pages/statements/monetary-policy-statements/2022/November-2022/Statement-of-the-Monetary-Policy-Committee-November-2022,/content/sarb-project/en/home/publications/publication-detail-pages/statements/monetary-policy-statements/2022/November-2022/Statement-of-the-Monetary-Policy-Committee-November-2022,Media > Media Releases | Statements > Monetary Policy Statements | What's New,pdf,https://www.resbank.co.za/content/dam/sarb/publications/statements/monetary-policy-statements/2022/statement-of-the-monetary-policy-november/Statement%20of%20the%20Monetary%20Policy%20Committee%20November%202022.pdf,12984,,,hike,75,7.0,"Against this backdrop, the MPC decided to increase the repurchase rate by 75 basis points to 7% per year, with effect from the 25th of November 2022.",False,"[{""count"": 2, ""position"": ""a 50 basis points increase""}]",Two members preferred a 50 basis points increase.,data\raw_texts\2022-11-24_Statement-of-the-Monetary-Policy-Committee-November-2022.txt,ok,,extracted,True,7.0,hike,official_series,True
2023-01-26,"Jan 26, 2023, 2:29:00 PM",Statement of the Monetary Policy Committee January 2023,Statement of the Monetary Policy Committee January 2023,https://www.resbank.co.za/en/home/publications/publication-detail-pages/statements/monetary-policy-statements/2023/Statement-of-the-Monetary-Policy-Committee-January-2023,/content/sarb-project/en/home/publications/publication-detail-pages/statements/monetary-policy-statements/2023/Statement-of-the-Monetary-Policy-Committee-January-2023,Media > Media Releases | Statements > Monetary Policy Statements | What's New,pdf,https://www.resbank.co.za/content/dam/sarb/publications/statements/monetary-policy-statements/2023/january-/Statement%20of%20the%20Monetary%20Policy%20Committee%20January%202023.pdf,14697,,,hike,25,7.25,"Against this backdrop, the MPC decided to increase the repurchase rate by 25 basis points to 7.25% per year, with effect from the 27th of January 2023.",False,"[{""count"": 2, ""position"": ""a 50 basis points increase""}]",Two members preferred a 50 basis points increase.,data\raw_texts\2023-01-26_Statement-of-the-Monetary-Policy-Committee-January-2023.txt,ok,,extracted,True,7.25,hike,official_series,True
2023-03-30,"Mar 30, 2023, 3:24:00 PM",Statement of the Monetary Policy Committee March 2023,Statement of the Monetary Policy Committee March 2023,https://www.resbank.co.za/en/home/publications/publication-detail-pages/statements/monetary-policy-statements/2023/Statement-of-the-Monetary-Policy-Committee-March-2023,/content/sarb-project/en/home/publications/publication-detail-pages/statements/monetary-policy-statements/2023/Statement-of-the-Monetary-Policy-Committee-March-2023,Media > Media Releases | Statements > Monetary Policy Statements | What's New,pdf,https://www.resbank.co.za/content/dam/sarb/publications/statements/monetary-policy-statements/2023/march-/Statement%20of%20the%20monetary%20policy%20committee%20March%202023.pdf,14044,,,hike,50,7.75,"Against this backdrop, the MPC decided to increase the repurchase rate by 50 basis points to 7.75% per year, with effect from the 31st of March 2023.",False,"[{""count"": 2, ""position"": ""a 25 basis points increase""}]",Two members preferred a 25 basis points increase.,data\raw_texts\2023-03-30_Statement-of-the-Monetary-Policy-Committee-March-2023.txt,ok,,extracted,True,7.75,hike,official_series,True
2023-05-25,"May 25, 2023, 3:27:00 PM",Statement of the Monetary Policy Committee May 2023,Statement of the Monetary Policy Committee May 2023,https://www.resbank.co.za/en/home/publications/publication-detail-pages/statements/monetary-policy-statements/2023/Statement-of-the-Monetary-Policy-Committee-May-2023,/content/sarb-project/en/home/publications/publication-detail-pages/statements/monetary-policy-statements/2023/Statement-of-the-Monetary-Policy-Committee-May-2023,Media > Media Releases | Statements > Monetary Policy Statements | What's New,pdf,https://www.resbank.co.za/content/dam/sarb/publications/statements/monetary-policy-statements/2023/may/Statement%20of%20the%20Monetary%20Policy%20Committee%20May%202023%20.pdf,12832,,,hike,50,8.25,"Against this backdrop, the MPC decided to increase the repurchase rate by 50 basis points to 8.25% per year, with effect from the 26th of May 2023.",True,[],The decision was unanimous.,data\raw_texts\2023-05-25_Statement-of-the-Monetary-Policy-Committee-May-2023.txt,ok,,extracted,True,8.25,hike,official_series,True
2023-07-20,"Jul 20, 2023, 3:30:00 PM",Statement of the Monetary Policy Committee July 2023,Statement of the Monetary Policy Committee July 2023,https://www.resbank.co.za/en/home/publications/publication-detail-pages/statements/monetary-policy-statements/2023/Statement-of-the-Monetary-Policy-Committee-July-2023,/content/sarb-project/en/home/publications/publication-detail-pages/statements/monetary-policy-statements/2023/Statement-of-the-Monetary-Policy-Committee-July-2023,Media > Media Releases | Statements > Monetary Policy Statements | What's New,pdf,https://www.resbank.co.za/content/dam/sarb/publications/statements/monetary-policy-statements/2023/july-/Statement%20of%20the%20Monetary%20Policy%20Committee%20July%202023.pdf,12238,,,hold,0,8.25,"Against this backdrop, the MPC decided to keep the repurchase rate at its current level of 8.25% per year.",,[],,data\raw_texts\2023-07-20_Statement-of-the-Monetary-Policy-Committee-July-2023.txt,ok,,extracted,True,8.25,hold,official_series,True
2023-09-21,"Sep 21, 2023, 1:33:00 PM",Statement of the Monetary Policy Committee September 2023,Statement of the Monetary Policy Committee September 2023,https://www.resbank.co.za/en/home/publications/publication-detail-pages/statements/monetary-policy-statements/2023/Statement-of-the-Monetary-Policy-Committee-September-2023,/content/sarb-project/en/home/publications/publication-detail-pages/statements/monetary-policy-statements/2023/Statement-of-the-Monetary-Policy-Committee-September-2023,Media > Media Releases | Statements > Monetary Policy Statements | What's New,pdf,https://www.resbank.co.za/content/dam/sarb/publications/statements/monetary-policy-statements/2023/september/Statement%20of%20the%20Monetary%20Policy%20Committee%20September%202023%20.pdf,12467,,,hold,0,8.25,"Against this backdrop, the MPC decided to keep the repurchase rate at its current level of 8.25% per year.",,[],,data\raw_texts\2023-09-21_Statement-of-the-Monetary-Policy-Committee-September-2023.txt,ok,,extracted,True,8.25,hold,official_series,True
2023-11-23,"Nov 23, 2023, 1:18:00 PM",Statement of the Monetary Policy Committee November 2023,Statement of the Monetary Policy Committee November 2023,https://www.resbank.co.za/en/home/publications/publication-detail-pages/statements/monetary-policy-statements/2023/Statement-of-the-Monetary-Policy-Committee-November-2023,/content/sarb-project/en/home/publications/publication-detail-pages/statements/monetary-policy-statements/2023/Statement-of-the-Monetary-Policy-Committee-November-2023,Media > Media Releases | Statements > Monetary Policy Statements | What's New,pdf,https://www.resbank.co.za/content/dam/sarb/publications/statements/monetary-policy-statements/2023/november-/Statement%20of%20the%20Monetary%20Policy%20Committee%20November%202023.pdf,12432,,,hold,0,8.25,"The Committee, however, would prefer to see expectations anchored at the mid-point of the inflation target band.13 Against this backdrop, the MPC decided to keep the repurchase rate at its current level of 8.25% per year.",True,[],The decision was unanimous.,data\raw_texts\2023-11-23_Statement-of-the-Monetary-Policy-Committee-November-2023.txt,ok,,extracted,True,8.25,hold,official_series,True
2024-01-25,"Jan 25, 2024, 3:23:00 PM",Statement of the Monetary Policy Committee January 2024,Statement of the Monetary Policy Committee January 2024,https://www.resbank.co.za/en/home/publications/publication-detail-pages/statements/monetary-policy-statements/2024/Statement-of-the-Monetary-Policy-Committee-January-2024,/content/sarb-project/en/home/publications/publication-detail-pages/statements/monetary-policy-statements/2024/Statement-of-the-Monetary-Policy-Committee-January-2024,Media > Media Releases | Statements > Monetary Policy Statements | What's New,pdf,https://www.resbank.co.za/content/dam/sarb/publications/statements/monetary-policy-statements/2024/january/Statement%20of%20the%20Monetary%20Policy%20Committee%20January%202024.pdf,11283,,,hold,0,8.25,"Achieving permanently lower inflation and interest rates requires inflation expectations to be closely anchored to the mid-point of the target band.11 Against this backdrop, the MPC decided to keep the repurchase rate at its current level of 8.25% per year.",True,[],The decision was unanimous.,data\raw_texts\2024-01-25_Statement-of-the-Monetary-Policy-Committee-January-2024.txt,ok,,extracted,True,8.25,hold,official_series,True
2024-03-27,"Mar 27, 2024, 4:18:00 PM",Statement of the Monetary Policy Committee March 2024,Statement of the Monetary Policy Committee March 2024,https://www.resbank.co.za/en/home/publications/publication-detail-pages/statements/monetary-policy-statements/2024/Statement-of-the-Monetary-Policy-Committee-March-2024,/content/sarb-project/en/home/publications/publication-detail-pages/statements/monetary-policy-statements/2024/Statement-of-the-Monetary-Policy-Committee-March-2024,Media > Media Releases | Statements > Monetary Policy Statements | What's New,pdf,https://www.resbank.co.za/content/dam/sarb/publications/statements/monetary-policy-statements/2024/march/Statement%20of%20the%20Monetary%20Policy%20Committee%20March%202024.pdf,5730,,,,,,,True,[],The decision was unanimous.,data\raw_texts\2024-03-27_Statement-of-the-Monetary-Policy-Committee-March-2024.txt,ok,,,True,8.25,hold,official_series,True
2024-05-30,"May 30, 2024, 4:26:00 PM",Statement of the Monetary Policy Committee May 2024,Statement of the Monetary Policy Committee May 2024,https://www.resbank.co.za/en/home/publications/publication-detail-pages/statements/monetary-policy-statements/2024/Statement-of-the-Monetary-Policy-Committee-May-2024,/content/sarb-project/en/home/publications/publication-detail-pages/statements/monetary-policy-statements/2024/Statement-of-the-Monetary-Policy-Committee-May-2024,Media > Media Releases | Statements > Monetary Policy Statements | What's New,html,,5299,8.25,5.2,hold,0,8.25,The MPC has kept the repurchase rate unchanged at 8.25%.,True,[],The decision was unanimous.,data\raw_texts\2024-05-30_Statement-of-the-Monetary-Policy-Committee-May-2024.txt,ok,,extracted,True,8.25,hold,official_series,True
2024-07-18,"Jul 18, 2024, 4:26:00 PM",Statement of the Monetary Policy Committee July 2024,Statement of the Monetary Policy Committee July 2024,https://www.resbank.co.za/en/home/publications/publication-detail-pages/statements/monetary-policy-statements/2024/Statement-of-the-Monetary-Policy-Committee-July-2024,/content/sarb-project/en/home/publications/publication-detail-pages/statements/monetary-policy-statements/2024/Statement-of-the-Monetary-Policy-Committee-July-2024,Media > Media Releases | Statements > Monetary Policy Statements | What's New,html,,6178,8.25,5.2,hold,0,8.25,The MPC has kept the repurchase rate unchanged at 8.25%.,False,"[{""count"": 4, ""position"": ""an unchanged stance, and two preferred a reduction of 25 basis points""}]","Four members preferred an unchanged stance, and two preferred a reduction of 25 basis points.",data\raw_texts\2024-07-18_Statement-of-the-Monetary-Policy-Committee-July-2024.txt,ok,,extracted,True,8.25,hold,official_series,True
2024-09-19,"Sep 19, 2024, 4:26:00 PM",Statement of the Monetary Policy Committee September 2024,Statement of the Monetary Policy Committee September 2024,https://www.resbank.co.za/en/home/publications/publication-detail-pages/statements/monetary-policy-statements/2024/Statement-of-the-Monetary-Policy-Committee-September-2024,/content/sarb-project/en/home/publications/publication-detail-pages/statements/monetary-policy-statements/2024/Statement-of-the-Monetary-Policy-Committee-September-2024,Media > Media Releases | Statements > Monetary Policy Statements | What's New,html,,8360,8.0,4.4,cut,,8.0,The MPC has lowered the repurchase rate to 8%.,,[],,data\raw_texts\2024-09-19_Statement-of-the-Monetary-Policy-Committee-September-2024.txt,ok,,extracted,True,8.0,cut,official_series,True
2024-11-21,"Nov 21, 2024, 4:26:00 PM",Statement of the Monetary Policy Committee November 2024,Statement of the Monetary Policy Committee November 2024,https://www.resbank.co.za/en/home/publications/publication-detail-pages/statements/monetary-policy-statements/2024/Statement-of-the-Monetary-Policy-Committee-September-20241,/content/sarb-project/en/home/publications/publication-detail-pages/statements/monetary-policy-statements/2024/Statement-of-the-Monetary-Policy-Committee-September-20241,Media > Media Releases | Statements > Monetary Policy Statements | What's New,html,,6846,7.75,2.8,cut,,7.75,The MPC has lowered the repurchase rate to 7.75%.,True,[],The decision was unanimous.,data\raw_texts\2024-11-21_Statement-of-the-Monetary-Policy-Committee-September-20241.txt,ok,,extracted,True,7.75,cut,official_series,True
2025-01-30,"Jan 30, 2025, 4:26:00 PM",Statement of the Monetary Policy Committee January 2025,Statement of the Monetary Policy Committee January 2025,https://www.resbank.co.za/en/home/publications/publication-detail-pages/statements/monetary-policy-statements/2025/january,/content/sarb-project/en/home/publications/publication-detail-pages/statements/monetary-policy-statements/2025/january,Media > Media Releases | Statements > Monetary Policy Statements | What's New,html,,7297,7.5,3.0,cut,,7.5,The MPC has lowered the repurchase rate to 7.50%.,False,"[{""count"": 4, ""position"": ""this action, while two supported an unchanged stance""}]","Four members preferred this action, while two supported an unchanged stance.",data\raw_texts\2025-01-30_january.txt,ok,,extracted,True,7.5,cut,official_series,True
2025-03-20,"Mar 20, 2025, 4:26:00 PM",Statement of the Monetary Policy Committee March 2025,Statement of the Monetary Policy Committee March 2025,https://www.resbank.co.za/en/home/publications/publication-detail-pages/statements/monetary-policy-statements/2025/march,/content/sarb-project/en/home/publications/publication-detail-pages/statements/monetary-policy-statements/2025/march,Media > Media Releases | Statements > Monetary Policy Statements | What's New,html,,6681,7.5,3.2,hold,0,7.5,The MPC kept the repurchase rate at 7.50%.,False,"[{""count"": 4, ""position"": ""this action, while two favoured a cut of 25 basis points""}]","Four members preferred this action, while two favoured a cut of 25 basis points.",data\raw_texts\2025-03-20_march.txt,ok,,extracted,True,7.5,hold,official_series,True
2025-05-29,"May 29, 2025, 1:50:00 PM",Statement of the Monetary Policy Committee May 2025,Statement of the Monetary Policy Committee May 2025,https://www.resbank.co.za/en/home/publications/publication-detail-pages/statements/monetary-policy-statements/2025/may,/content/sarb-project/en/home/publications/publication-detail-pages/statements/monetary-policy-statements/2025/may,Media > Media Releases | Statements > Monetary Policy Statements | What's New,html,,6408,7.25,2.8,cut,,7.25,The MPC has lowered the repurchase rate to 7.25%.,False,"[{""count"": 5, ""position"": ""this action, while one preferred a cut of 50 basis points""}]","Five members favoured this action, while one preferred a cut of 50 basis points.",data\raw_texts\2025-05-29_may.txt,ok,,extracted,True,7.25,cut,official_series,True
2025-07-31,"Jul 31, 2025, 5:00:00 PM",Statement of the Monetary Policy Committee July 2025,Statement of the Monetary Policy Committee July 2025,https://www.resbank.co.za/en/home/publications/publication-detail-pages/statements/monetary-policy-statements/2025/july,/content/sarb-project/en/home/publications/publication-detail-pages/statements/monetary-policy-statements/2025/july,Media > Media Releases | Statements > Monetary Policy Statements | What's New,html,,6769,7.0,3.0,cut,,7.0,The MPC has lowered the repurchase rate to 7%.,True,[],The decision was unanimous.,data\raw_texts\2025-07-31_july.txt,ok,,extracted,True,7.0,cut,official_series,True
2025-09-18,"Sep 18, 2025, 5:00:00 PM",Statement of the Monetary Policy Committee September 2025,Statement of the Monetary Policy Committee September 2025,https://www.resbank.co.za/en/home/publications/publication-detail-pages/statements/monetary-policy-statements/2025/september,/content/sarb-project/en/home/publications/publication-detail-pages/statements/monetary-policy-statements/2025/september,Media > Media Releases | Statements > Monetary Policy Statements | What's New,html,,5914,7.0,3.3,hold,0,7.0,The MPC kept the repurchase rate at 7%.,False,"[{""count"": 4, ""position"": ""to keep rates on hold, while two favoured a cut of 25 basis points""}]","Four members preferred to keep rates on hold, while two favoured a cut of 25 basis points.",data\raw_texts\2025-09-18_september.txt,ok,,extracted,True,7.0,hold,official_series,True
2025-11-20,"Nov 20, 2025, 5:00:00 PM",Statement of the Monetary Policy Committee November 2025,Statement of the Monetary Policy Committee November 2025,https://www.resbank.co.za/en/home/publications/publication-detail-pages/statements/monetary-policy-statements/2025/november,/content/sarb-project/en/home/publications/publication-detail-pages/statements/monetary-policy-statements/2025/november,Media > Media Releases | Statements > Monetary Policy Statements | What's New,html,,7959,6.75,3.6,,,6.75,,True,[],The decision was unanimous.,data\raw_texts\2025-11-20_november.txt,ok,,extracted,True,6.75,cut,official_series,True
2026-01-29,"Jan 29, 2026, 5:00:00 PM",Statement of the Monetary Policy Committee January 2026,Statement of the Monetary Policy Committee January 2026,https://www.resbank.co.za/en/home/publications/publication-detail-pages/statements/monetary-policy-statements/2026/january,/content/sarb-project/en/home/publications/publication-detail-pages/statements/monetary-policy-statements/2026/january,Media > Media Releases | Statements > Monetary Policy Statements | What's New,html,,7038,6.75,3.6,hold,0,6.75,The MPC kept the repurchase rate at 6.75%.,False,"[{""count"": 2, ""position"": ""a cut of 25 basis points, while four preferred a hold""}]","Two members favoured a cut of 25 basis points, while four preferred a hold.",data\raw_texts\2026-01-29_january.txt,ok,,extracted,True,6.75,hold,official_series,True
2026-03-26,"Mar 26, 2026, 5:00:00 PM",Statement of the Monetary Policy Committee March 2026,Statement of the Monetary Policy Committee March 2026,https://www.resbank.co.za/en/home/publications/publication-detail-pages/statements/monetary-policy-statements/2026/march,/content/sarb-project/en/home/publications/publication-detail-pages/statements/monetary-policy-statements/2026/march,Media > Media Releases | Statements > Monetary Policy Statements | What's New,html,,6897,,3.0,hold,0,6.75,Current SARB Policy Rate (SPR) 6.75% Next due: 28 May 2026 The MPC kept the repurchase rate at 6.75%.,True,[],The decision was unanimous.,data\raw_texts\2026-03-26_march.txt,ok,,extracted,True,6.75,hold,official_series,True
2026-05-28,"May 28, 2026, 5:00:00 PM",Statement of the Monetary Policy Committee May 2026,Statement of the Monetary Policy Committee May 2026,https://www.resbank.co.za/en/home/publications/publication-detail-pages/statements/monetary-policy-statements/2026/may,/content/sarb-project/en/home/publications/publication-detail-pages/statements/monetary-policy-statements/2026/may,Media > Media Releases | Statements > Monetary Policy Statements | What's New,html,,7111,,4.0,,,,,False,"[{""count"": 4, ""position"": ""this action, while two favoured no change""}]","Four members preferred this action, while two favoured no change.",data\raw_texts\2026-05-28_may.txt,ok,,,True,7.0,hike,official_series,True
2026-07-23,"Jul 23, 2026, 5:00:00 PM",Statement of the Monetary Policy Committee July 2026,Statement of the Monetary Policy Committee July 2026.,https://www.resbank.co.za/en/home/publications/publication-detail-pages/statements/monetary-policy-statements/2026/july,/content/sarb-project/en/home/publications/publication-detail-pages/statements/monetary-policy-statements/2026/july,Media > Media Releases | Statements > Monetary Policy Statements | What's New,html,,7468,,5.0,,,,,False,"[{""count"": 4, ""position"": ""a hold, while two favoured an increase of 25 basis points""}]","Four members preferred a hold, while two favoured an increase of 25 basis points.",data\raw_texts\2026-07-23_july.txt,ok,,,True,7.0,hold,official_series,True
